{
  "id": 1136,
  "store_name": "원조부산아구",
  "llm_summary": "원조부산아구는 서울 강남구 논현동에 위치한 아귀찜과 게장 전문 한식당입니다. 아삭한 콩나물과 얼큰하지만 자극적이지 않은 쫀득한 아귀찜이 대표 메뉴이며, 잘 숙성된 간장게장도 담백한 맛으로 인기가 높습니다. 식사 후에는 주먹김밥이나 남은 양념에 밥을 볶아 먹는 것을 추천합니다. 메뉴는 낙지찜, 홍어찜, 아귀찜, 꽃게찜, 간장게장, 아귀꽃게섞어찜, 꽃게탕 등 다양한 해산물 중심의 찜과 탕 요리로 구성되어 있으며, 대부분 매운 맛이 가미되어 있습니다. 1970년대부터 영업해 온 오랜 역사를 가진 이 가게는 신사역 3번 출구 인근에 위치해 있으며, 월요일부터 일요일까지 오전 10시 30분부터 다음날 새벽 5시까지 운영합니다. 블루리본 선정이나 서울 2025 선정은 되어 있지 않으나, 현지에서 꾸준한 사랑을 받고 있습니다. 가격대는 35,000원에서 80,000원 사이로 중고가 수준이며, 매운 메뉴가 다수 포함되어 있습니다. 방문객 리뷰는 아직 등록되어 있지 않으나, 전통적인 한식 해산물 찜과 게장 요리를 즐기기에 적합한 곳입니다.",
  "rag_text": "원조부산아구는 아삭한 콩나물과 얼큰하지만 자극적이지 않은 쫀득한 아귀찜 맛이 일품인 한식 해산물 전문점입니다. 잘 숙성된 간장게장이 담백한 인기 메뉴이며, 전통적인 한식 분위기의 찜과 탕 요리를 제공합니다. 신사역 인근에 위치해 있으며, 오래된 역사와 새벽까지 영업하는 점이 특징입니다.",
  "metadata": {
    "budget_range": "중",
    "spicy_available": "O",
    "vegetarian_options": "X",
    "main_ingredients_list": [
      "어류",
      "패류"
    ],
    "low_level_category": "아귀, 게장",
    "suitable_for": [
      "전통적",
      "오래된 역사를 가진",
      "새벽까지 영업",
      "한식 해산물 전문"
    ],
    "food_type_list": [
      "고기류",
      "해산물류",
      "국물류",
      "기타"
    ],
    "temperature_list": [
      "온",
      "냉"
    ],
    "high_level_category": "한식"
  }
}