{
  "id": 1161,
  "store_name": "압구정서서갈비",
  "llm_summary": "압구정서서갈비는 1998년 3월 서울 강남구 압구정로데오거리에 창업한 연탄갈비 전문점으로, 원조신촌연남식당의 45년 전통 요리법을 계승하고 있습니다. 이곳은 의성에서 직접 담가오는 된장과 직접 재배한 배추로 만든 배추김치가 매우 인기 있으며, 매일 동이 날 정도로 많은 사랑을 받고 있습니다. 메뉴는 한식 중심으로 양푼비빔밥, 계란찜, 토속된장뚝배기, 속풀이황태탕, 계란말이, 돼지왕갈비, 돼지갈비, 서서갈비살 등 다양한 고기류와 국물류, 밥류를 제공하며, 가격대는 4,000원부터 16,000원까지 다양합니다. 새벽까지 연중무휴로 운영하며, 압구정 로데오거리 나이키 매장 맞은편에 위치해 접근성이 좋습니다. 매장 분위기는 전통적인 한식 연탄갈비 전문점으로, 가족 모임이나 저녁 식사에 적합하며, 맵기 옵션도 일부 메뉴에 제공됩니다. 고객 리뷰는 아직 등록되지 않았으나, 전통성과 맛을 중시하는 고객들에게 추천할 만한 곳입니다.",
  "rag_text": "압구정서서갈비는 원조신촌연남식당의 45년 전통 요리법을 이어가는 연탄갈비 전문 한식당으로, 의성에서 직접 담근 된장과 직접 재배한 배추김치가 특징입니다. 전통적인 한식 분위기로, 가족 모임과 저녁 식사에 적합하며, 새벽까지 연중무휴 영업합니다. 메뉴는 한식 테마를 중심으로 다양한 고기류와 국물류, 밥류를 제공합니다. 맵기 옵션이 있는 메뉴도 있어 다양한 입맛을 만족시킵니다.",
  "metadata": {
    "budget_range": "저",
    "spicy_available": "O",
    "vegetarian_options": "X",
    "main_ingredients_list": [
      "기타",
      "어류",
      "육류"
    ],
    "low_level_category": "소고기구이, 소갈비, 돼지갈비",
    "suitable_for": [
      "가족모임",
      "저녁식사",
      "전통적인"
    ],
    "food_type_list": [
      "밥류",
      "기타",
      "국물류",
      "고기류"
    ],
    "temperature_list": [
      "온"
    ],
    "high_level_category": "한식"
  }
}