{
  "id": 1225,
  "store_name": "와라비",
  "llm_summary": "와라비는 서울 송파구 잠실동 석촌호수로12길에 위치한 합리적인 가격대의 일식 주점입니다. 1995년에 개업하여 오랜 전통을 자랑하며, 마구로 육회, 고등어로 만든 초절임, 겉은 바삭하고 속은 부드러운 시샤모구이 등 다양한 안주를 제공합니다. 메뉴는 시메사바, 연어, 연어회, 타코와사비, 메로구이, 시샤모, 고등어구이, 야키토리, 마구로육회 등으로 구성되어 있으며, 가격대는 7,000원에서 14,000원 사이입니다. 일부 메뉴는 매운맛(타코와사비)이 있어 다양한 입맛을 만족시킵니다. 영업시간은 매일 17:30부터 23:00까지이며, 잠실새내역 4번 출구 근처에 위치해 접근성이 좋습니다. 분위기는 술 한잔하기 좋은 저녁에만 영업하는 일식 주점으로, 합리적인 가격과 다양한 해산물 및 고기류 안주를 즐길 수 있는 곳입니다. 현재 독자 리뷰는 없으나, 블루리본 Pick에 선정되어 신뢰할 만한 맛집으로 소개됩니다.",
  "rag_text": "합리적인 가격의 일식 주점으로, 마구로 육회, 고등어 초절임, 바삭하고 부드러운 시샤모구이 등 다양한 일식 안주를 갖추고 있습니다. 술 한잔하기 좋은 저녁 영업 전문점이며, 편안하고 캐주얼한 분위기에서 다양한 해산물과 고기류 메뉴를 즐길 수 있습니다.",
  "metadata": {
    "budget_range": "중",
    "spicy_available": "O",
    "vegetarian_options": "X",
    "main_ingredients_list": [
      "어류",
      "기타",
      "조류",
      "육류"
    ],
    "low_level_category": "이자카야",
    "suitable_for": [
      "술자리",
      "저녁",
      "캐주얼"
    ],
    "food_type_list": [
      "해산물류",
      "기타",
      "고기류"
    ],
    "temperature_list": [
      "생",
      "온"
    ],
    "high_level_category": "일식"
  }
}