{
  "id": 1233,
  "store_name": "원조마복림할머니",
  "llm_summary": "원조마복림할머니는 서울 중구 신당동 다산로35길 5에 위치한 즉석 떡볶이 전문점으로, 신당동 내 20여 곳의 즉석 떡볶이집 중 원조집으로 알려져 있습니다. 1953년에 개업하여 오랜 역사를 자랑하며, 오뎅, 쫄면, 라면, 만두, 계란, 떡이 포함된 푸짐한 세트 메뉴가 대표적입니다. 식사 시간에는 많은 손님이 줄을 서서 기다릴 정도로 인기가 높습니다. 메뉴로는 사리가 있으며, 가격대는 10,000원에서 20,000원 사이입니다. 매장은 신당역 7번 출구 인근 떡볶이타운 초입에 위치해 접근성이 좋고, 월요일 중 둘째와 넷째주에 휴무하며, 영업시간은 오전 9시부터 자정까지입니다. 전통적인 즉석 떡볶이 맛과 푸짐한 구성이 특징이며, 독자 리뷰는 아직 등록되지 않았습니다. 매장 이미지는 별도로 제공되지 않으나, 상세 URL을 통해 추가 정보를 확인할 수 있습니다.",
  "rag_text": "신당동 즉석 떡볶이 원조집으로, 오뎅, 쫄면, 라면, 만두, 계란, 떡이 들어간 푸짐한 세트 메뉴가 특징입니다. 1953년부터 이어져온 전통과 역사가 깊은 떡볶이 전문점으로, 식사 시간에 줄 서서 기다릴 정도로 인기 많습니다. 분위기는 활기차고 지역 주민과 방문객 모두에게 사랑받는 즉석 떡볶이 맛집입니다.",
  "metadata": {
    "budget_range": "중",
    "spicy_available": "X",
    "vegetarian_options": "X",
    "main_ingredients_list": [
      "기타"
    ],
    "low_level_category": "떡볶이",
    "suitable_for": [],
    "food_type_list": [
      "기타"
    ],
    "temperature_list": [
      "상"
    ],
    "high_level_category": "한식"
  }
}