{
  "id": 12399,
  "store_name": "타마스시",
  "llm_summary": "타마스시는 서울 영등포구 여의도동에 위치한 스시 전문점으로, 여의도 지역에서 가격 대비 만족도가 매우 높은 스시집으로 인기가 많습니다. 강남의 고급 스시야에 뒤지지 않는 메뉴 구성과 신선한 재료 선도가 특징이며, 2011년에 개업하여 꾸준히 사랑받고 있습니다. 대표 메뉴로는 스시오마카세(₩160,000), 모둠사시미(₩65,000), 우니참치사시미(₩65,000), 장어덮밥코스(₩80,000)가 있으며, 모두 신선한 어류를 주재료로 한 일식 해산물 및 밥류입니다. 매장은 국회의사당역 3번 출구에서 여의도역 방향으로 직진 후 여의도사거리에서 좌회전하여 직진하면 좌측에 위치해 있으며, 카운터석이 마련되어 있어 스시를 즐기기에 적합한 환경입니다. 영업시간은 매일 11:30부터 21:30까지이며, 14:30~17:30까지 브레이크타임이 있습니다. 명절 연휴에는 휴무입니다. 공식 인스타그램 계정은 @nanatama31입니다. 방문객 리뷰는 아직 등록되어 있지 않으나, 가격 대비 높은 만족도로 평가받고 있습니다.",
  "rag_text": "여의도에서 가격 대비 만족도가 높은 스시 전문 일식집으로, 강남의 고급 스시야에 뒤지지 않는 신선한 어류 구성과 선도를 자랑합니다. 카운터석이 있어 스시를 직접 즐기기 좋은 분위기이며, 전통적인 일식 해산물 요리를 중심으로 제공됩니다.",
  "metadata": {
    "budget_range": "고",
    "spicy_available": "X",
    "vegetarian_options": "X",
    "main_ingredients_list": [
      "어류"
    ],
    "low_level_category": "스시",
    "suitable_for": [
      "가성비"
    ],
    "food_type_list": [
      "해산물류",
      "밥류"
    ],
    "temperature_list": [
      "생",
      "냉",
      "온"
    ],
    "high_level_category": "일식"
  }
}