{
  "id": 12419,
  "store_name": "몽중헌(페럼타워점)",
  "llm_summary": "몽중헌(페럼타워점)은 서울 중구 을지로5길 페럼타워 지하 2층에 위치한 청담동 몽중헌의 분점으로, 광동식 중식과 홍콩식 딤섬, 콘지 등을 전문으로 하는 고급 중식당입니다. 다양한 딤섬을 골라 먹는 재미가 있으며, 인기 메뉴로는 볶음국수가 있습니다. 메뉴는 자장면, 딤섬, 짬뽕, 홍콩식볶음국수, 탕수육(돼지고기, 쇠고기 등 다양한 종류), 런치코스, 디너코스 등으로 구성되어 있습니다. 가격대는 9,000원부터 60,000원까지 다양하며, 짬뽕은 매운맛이 있는 메뉴입니다. 연중무휴로 운영되며, 을지로입구역 3번 출구 근처에 위치해 접근성이 좋고, 실내 분위기는 고급스럽고 품격 있는 느낌을 줍니다. 다양한 탕수육 가격대와 코스 메뉴가 있어 다양한 고객층을 만족시킬 수 있습니다.",
  "rag_text": "청담동 몽중헌의 분점으로 광동식 중식과 홍콩식 딤섬, 콘지 등을 제공하는 고급 중식당입니다. 딤섬 전문점답게 다양한 딤섬 선택이 가능하며, 볶음국수가 인기 메뉴입니다. 고급스럽고 품격 있는 실내 분위기가 특징이며, 연중무휴로 편리하게 방문할 수 있습니다. 전통적인 광동식 요리와 현대적인 홍콩식 딤섬을 조화롭게 제공하는 중식당입니다.",
  "metadata": {
    "budget_range": "중",
    "spicy_available": "O",
    "vegetarian_options": "X",
    "main_ingredients_list": [
      "기타",
      "육류"
    ],
    "low_level_category": "일반중식, 딤섬",
    "suitable_for": [
      "고급스러운",
      "품격있는",
      "연중무휴",
      "중식",
      "딤섬",
      "비즈니스",
      "가족모임"
    ],
    "food_type_list": [
      "면류",
      "기타",
      "고기류",
      null
    ],
    "temperature_list": [
      "온",
      null
    ],
    "high_level_category": "중식"
  }
}