{
  "id": 1248,
  "store_name": "이화원",
  "llm_summary": "이화원은 서울 서대문구 연희동에 위치한 화상 중국집으로, 1965년에 개업한 오랜 역사를 자랑합니다. 중국식 냉면인 비취냉면이 특히 유명하며, 대표 추천 메뉴로는 도미를 통째로 요리한 홍소도미, 매콤한 깐풍어, 그리고 청경채삼겹살이 있습니다. 코스요리를 주문하면 냉채, 류산슬, 새우요리, 탕수육 등 다양한 요리를 함께 즐길 수 있어 다채로운 중식 경험을 제공합니다. 메뉴는 짜장면, 짬뽕, 비취냉면 등 면류부터 해산물류, 고기류까지 다양하며, 가격대는 7,000원부터 70,000원까지 폭넓게 형성되어 있습니다. 매장은 월요일부터 일요일까지 오전 11시 30분부터 오후 10시까지 영업하며, 명절 연휴에는 휴무합니다. 위치는 연희동 우정스포츠센터 인근으로 찾기 쉽습니다. 전반적으로 전통적인 중국 요리를 기반으로 하면서도 다양한 메뉴와 코스요리를 통해 풍부한 맛을 제공하는 중식당입니다.",
  "rag_text": "화상 중국집으로 중국식 냉면이 유명하며, 홍소도미, 깐풍어, 청경채삼겹살을 추천하는 중식당입니다. 코스요리에서는 냉채, 류산슬, 새우요리, 탕수육 등을 함께 즐길 수 있습니다. 전통적인 중식 메뉴를 중심으로 다양한 해산물과 고기 요리를 제공하며, 편안하고 역사 깊은 분위기에서 중식을 경험할 수 있는 곳입니다.",
  "metadata": {
    "budget_range": "중",
    "spicy_available": "O",
    "vegetarian_options": "X",
    "main_ingredients_list": [
      "기타",
      "패류",
      "어류",
      "육류"
    ],
    "low_level_category": "일반중식",
    "suitable_for": [],
    "food_type_list": [
      "면류",
      "해산물류",
      "고기류",
      "기타"
    ],
    "temperature_list": [
      "온",
      "냉",
      "상"
    ],
    "high_level_category": "중식"
  }
}