{
  "id": 12566,
  "store_name": "육회자매집",
  "llm_summary": "육회자매집은 서울 종로구 광장시장 내에 위치한 육회 전문점으로, 광장시장 내에서 원조집으로 꼽히는 전통 있는 가게입니다. 가게 앞 쇼윈도에는 육회, 간, 천엽이 가득 전시되어 있으며, 합리적인 가격대와 뛰어난 맛으로 많은 인기를 누리고 있습니다. 메뉴는 한식 테마로 육회덮밥, 한치덮밥, 육회, 간천엽, 한치회, 육사시미 등 다양한 밥류, 고기류, 해산물류가 준비되어 있습니다. 매장은 월요일부터 일요일까지 오전 9시부터 밤 11시까지 운영하며, 종로5가역 10번 출구 인근 우정약국 골목으로 진입 후 직진하면 쉽게 찾을 수 있습니다. 1980년대에 개업한 이 가게는 전통적인 맛을 유지하며, 아침 식사도 가능한 위치적 장점이 있습니다. 현재까지 별도의 독자 리뷰는 등록되어 있지 않으나, 블루리본 서베이 등에서 신뢰받는 맛집으로 소개되고 있습니다.",
  "rag_text": "광장시장 내 원조 육회 전문 한식당으로, 가게 앞 쇼윈도에 육회, 간, 천엽이 가득 전시되어 전통적인 분위기를 자아냅니다. 합리적인 가격과 뛰어난 맛으로 인기가 높은 곳입니다. 메뉴는 육회덮밥, 한치덮밥, 육회, 간천엽, 한치회, 육사시미 등 한식 테마의 다양한 고기류와 해산물류를 제공합니다. 아침 식사가 가능한 위치에 있으며, 전통적인 한식 육회 전문점의 정체성을 유지하고 있습니다.",
  "metadata": {
    "budget_range": "저",
    "spicy_available": "O",
    "vegetarian_options": "X",
    "main_ingredients_list": [
      "육류",
      "패류"
    ],
    "low_level_category": "육회",
    "suitable_for": [],
    "food_type_list": [
      "밥류",
      "고기류",
      "해산물류"
    ],
    "temperature_list": [
      "상",
      "생"
    ],
    "high_level_category": "한식"
  }
}