{
  "id": 1264,
  "store_name": "진아춘",
  "llm_summary": "진아춘은 서울 종로구 명륜4가 대학로에 위치한 전통 있는 일반중식당으로, 1925년에 개업하여 1997년에 잠시 문을 닫았다가 2001년경 다시 오픈하였습니다. 이곳은 탕수육 등 기본기가 탄탄한 중국 요리를 제공하며, 특히 자체 비법으로 볶아내는 춘장으로 만든 짜장면이 독특한 맛을 자랑합니다. 메뉴는 짜장면, 삼선짜장, 탕수육(소, 중, 대 사이즈), 짬뽕, 새우볶음밥, 마파두부밥 등 다양하며, 가격대는 8,000원부터 45,000원까지로 중간에서 높은 편입니다. 짬뽕을 제외한 대부분 메뉴는 맵지 않으며, 탕수육은 고기류로 분류됩니다. 매장은 가족 외식에 적합하고, 코카-콜라 레드리본 맛집으로 선정되었으며, 서울 2025 맛집으로도 선정되어 신뢰도를 더합니다. 영업시간은 월~토요일 11:30~21:00이며, 매주 일요일은 휴무입니다. 혜화역 4번 출구 인근에 위치해 접근성이 좋습니다.",
  "rag_text": "대학로에서 오랜 역사를 자랑하는 일반중식당 진아춘은 기본에 충실한 중국 요리를 제공하며, 탕수육과 특유의 볶은 춘장으로 만든 짜장면이 특징입니다. 레드리본 선정 맛집으로 가족과 외식하기 좋은 분위기를 갖추고 있으며, 서울 2025 맛집으로도 인정받았습니다. 전통적인 중식 메뉴를 중심으로 편안하고 정겨운 분위기에서 식사를 즐길 수 있습니다.",
  "metadata": {
    "budget_range": "중",
    "spicy_available": "O",
    "vegetarian_options": "X",
    "main_ingredients_list": [
      "기타",
      "육류",
      "패류"
    ],
    "low_level_category": "일반중식",
    "suitable_for": [
      "가족모임",
      "레드리본 맛집",
      "서울 2025 선정"
    ],
    "food_type_list": [
      "면류",
      "고기류",
      "밥류",
      "기타"
    ],
    "temperature_list": [
      "온"
    ],
    "high_level_category": "중식"
  }
}