{
  "id": 1272,
  "store_name": "창고43(본점)",
  "llm_summary": "창고43(본점)은 서울 영등포구 여의도백화점 M1층에 위치한 소고기구이 전문점으로, 부드러운 파채 무침과 함께 제공되는 질 좋은 소고기가 일품입니다. 고기를 다 먹은 후 깍두기 국물에 볶은 밥이 특히 인기 있으며, 대부분 예약 손님으로 예약이 권장됩니다. 2003년에 개업하였으며, 월요일부터 일요일까지 11:30부터 22:00까지 영업하고, 14:00부터 17:30까지는 브레이크타임입니다. 메뉴는 누룽지, 아이스크림, 깍두기볶음밥, 된장찌개, 물냉면/비빔냉면, 창고43샐러드, 육회, 창고스페셜, 특안심, 새우살 등 다양하며, 가격대는 6,000원부터 69,000원까지입니다. 고기류, 밥류, 국물류, 면류, 디저트류, 해산물류 등 다양한 카테고리의 음식을 온도에 따라 생, 온, 냉, 상으로 즐길 수 있습니다. 예약이 필수일 정도로 인기가 많으며, 깔끔한 한식 스타일의 소고기구이 전문점입니다.",
  "rag_text": "부드러운 파채 무침과 함께 먹는 질 좋은 소고기 전문점으로, 고기 후 깍두기 국물에 볶은 밥이 인기입니다. 주로 예약 손님으로 운영되며, 한식 테마의 다양한 메뉴를 제공하는 곳입니다. 고기류와 밥류를 중심으로 한 전통적이면서도 편안한 분위기의 소고기구이 전문점입니다.",
  "metadata": {
    "budget_range": "중",
    "spicy_available": "O",
    "vegetarian_options": "X",
    "main_ingredients_list": [
      "기타",
      "육류",
      "패류"
    ],
    "low_level_category": "소고기구이",
    "suitable_for": [],
    "food_type_list": [
      "밥류",
      "디저트류",
      "국물류",
      "면류",
      "고기류",
      "해산물류"
    ],
    "temperature_list": [
      "온",
      "냉",
      "상",
      "생"
    ],
    "high_level_category": "한식"
  }
}