{
  "id": 12989,
  "store_name": "이도곰탕",
  "llm_summary": "이도곰탕은 서울 강남구 역삼동에 위치한 곰탕 전문점으로, 집안에서 대대로 내려온 곰탕 비법을 바탕으로 오픈한 곳입니다. 한우로 정성스럽게 우려낸 맑고 깊은 국물의 곰탕이 대표 메뉴로, 전통적인 맛을 고수하면서도 쌀로 만든 국수를 곁들인 '쌀곰탕면' 등 독특한 메뉴를 선보입니다. 메뉴에는 곰탕(13,000원), 특곰탕(16,000원), 수육(49,000원), 쌀곰탕면(13,000원/16,000원)이 있으며, 모두 한우 육류를 주재료로 사용합니다. 맵지 않은 온 음식 위주로 구성되어 있으며, 가격대는 중~고가에 속합니다. '서울 2025 선정' 맛집으로, 가족과 외식하기 좋은 분위기와 위치를 자랑합니다. 역삼역 7번 출구에서 도보로 쉽게 접근 가능하며, 영업시간은 평일 10:00~22:00, 주말 10:00~21:00입니다. 명절 당일은 휴무입니다. 블루리본 서베이 2025년판에 등재된 신뢰할 만한 맛집으로, 깔끔한 매장과 전통적인 한식의 깊은 맛을 경험할 수 있습니다.",
  "rag_text": "집안에서 대대로 내려오던 곰탕 비법을 기반으로 한 한식 곰탕 전문점으로, 한우로 우려낸 맑은 국물과 쌀로 만든 국수가 들어간 쌀곰탕면 등 전통성과 독창성을 모두 갖춘 곳입니다. '서울 2025 선정' 맛집으로, 가족 외식에 적합하며 편안하고 따뜻한 분위기를 자랑합니다. 한식의 깊은 맛과 정성을 느낄 수 있는 곳으로, 특별한 날 가족 모임이나 편안한 식사 자리에 잘 어울립니다.",
  "metadata": {
    "budget_range": "중~고",
    "spicy_available": "X",
    "vegetarian_options": "X",
    "main_ingredients_list": [
      "육류"
    ],
    "low_level_category": "곰탕",
    "suitable_for": [
      "가족모임",
      "외식",
      "서울 2025 선정"
    ],
    "food_type_list": [
      "국물류",
      "고기류",
      "면류"
    ],
    "temperature_list": [
      "온"
    ],
    "high_level_category": "한식"
  }
}