{
  "id": 13009,
  "store_name": "산다미아노",
  "llm_summary": "산다미아노는 서울 중구 정동길에 위치한 정동 프란치스코 교육회관 내의 북카페 겸 복합 문화공간입니다. 천장이 높고 시원한 인테리어가 돋보이는 공간으로, 평일 오전에는 와플과 샌드위치로 구성된 브런치 메뉴를 합리적인 가격에 즐길 수 있습니다. 가끔 음악 연주회나 결혼식 장소로도 활용되는 다목적 공간이며, 테라스가 있어 쾌적한 분위기를 제공합니다. 메뉴는 커피와 차를 중심으로 구성되어 있으며, 가격대는 3,300원에서 5,300원 사이로 저렴한 편입니다. 연중무휴로 오전 10시부터 오후 10시까지 운영하며, 편안하고 여유로운 분위기에서 북카페와 간단한 브런치를 즐기기에 적합합니다. 현재 독자 리뷰는 등록되어 있지 않으며, 리본 선정이나 서울 2025 선정은 되어 있지 않습니다.",
  "rag_text": "정동 프란치스코 회관 내에 위치한 북카페 겸 복합 문화공간으로, 천장이 높고 시원한 인테리어를 갖추고 있습니다. 편안하고 여유로운 분위기에서 와플과 샌드위치 브런치를 즐길 수 있으며, 가끔 음악 연주회나 결혼식 장소로도 이용됩니다. 테라스가 있어 쾌적하며 연중무휴 운영되는 공간입니다. 음료 중심의 메뉴로 커피와 차가 제공되며, 다양한 문화 행사가 가능한 다목적 문화공간입니다.",
  "metadata": {
    "budget_range": "저",
    "spicy_available": "X",
    "vegetarian_options": "X",
    "main_ingredients_list": [
      "기타"
    ],
    "low_level_category": "북카페, 와플",
    "suitable_for": [
      "조용한",
      "문화행사",
      "브런치",
      "가벼운모임"
    ],
    "food_type_list": [
      "음료"
    ],
    "temperature_list": [
      "기타"
    ],
    "high_level_category": "기타"
  }
}