{
  "id": 13208,
  "store_name": "평양만두집",
  "llm_summary": "평양만두집은 서울 강동구 성내동 중앙타워에 위치한 평양식 만두 전문점입니다. 이북식으로 만든 커다란 만두가 담백한 맛을 자랑하며, 사골 국물에 나오는 만둣국 또한 인기가 높습니다. 이외에도 바삭하게 구운 녹두빈대떡을 곁들이면 더욱 좋습니다. 메뉴는 칼국수, 김치말이국수, 접시만두, 만둣국, 만두전골 등으로 구성되어 있으며, 가격대는 6,000원부터 35,000원까지 다양합니다. 김치말이국수는 매운 맛이 있으며, 그 외 메뉴는 맵지 않습니다. 영업시간은 월요일부터 토요일까지 11:30부터 21:30까지이며, 일요일은 휴무입니다. 강동구청역 2번 출구 인근 국민은행 맞은편에 위치해 접근성이 좋습니다. 전반적으로 전통적인 평양식 만두의 맛과 담백한 국물 요리를 경험할 수 있는 한식당입니다.",
  "rag_text": "평양식 만두를 전문으로 하는 한식당으로, 이북식 커다란 만두와 담백한 사골 만둣국이 특징입니다. 바삭한 녹두빈대떡도 함께 즐길 수 있으며, 전통적인 맛과 분위기를 제공합니다. 조용하고 가족 단위 방문에 적합한 분위기이며, 평범하고 편안한 한식 면류 및 국물류 메뉴를 중심으로 합니다.",
  "metadata": {
    "budget_range": "중",
    "spicy_available": "O",
    "vegetarian_options": "X",
    "main_ingredients_list": [
      "기타"
    ],
    "low_level_category": "만두",
    "suitable_for": [
      "가족모임",
      "편안한"
    ],
    "food_type_list": [
      "면류",
      "기타",
      "국물류"
    ],
    "temperature_list": [
      "온"
    ],
    "high_level_category": "한식"
  }
}