{
  "id": 13265,
  "store_name": "삼보정",
  "llm_summary": "삼보정은 서울 영등포구 여의도동 여의도종합상가 1층에 위치한 한식당으로, 1983년 개업하여 40년 넘게 지역 직장인들에게 사랑받아온 곳입니다. 점심에는 적당히 꼬리한 청국장 맛이 인기를 끌며, 함께 제공되는 대접에 나물과 청국장을 넣어 비벼 먹는 전통적인 식사 방식을 제공합니다. 저녁에는 생삼겹살, 돼지갈비, 등심 등의 다양한 돼지고기 및 소고기 구이 메뉴가 인기가 많아 고기 구이를 즐기려는 손님들이 많이 방문합니다. 주요 메뉴로는 청국장, 김치찌개, 버섯불고기, 생삼겹살, 돼지갈비, 등심 등이 있으며, 대부분 매콤한 메뉴도 포함되어 있습니다. 영업시간은 월요일부터 일요일까지 오전 9시 30분부터 오후 10시 30분까지이며, 명절 당일은 휴무입니다. 주차는 1시간 무료가 제공됩니다. 청국장과 김치찌개 같은 전통 한식 국물류부터 불고기와 삼겹살 등 고기류까지 다양한 메뉴를 온기로 즐길 수 있습니다. 가격대는 9,000원부터 32,000원 사이로 합리적인 편입니다. 삼보정은 특별한 라벨이나 레드리본 선정은 없으나, 여의도 지역에서 오랜 전통과 꾸준한 인기를 자랑하는 한식 전문점입니다.",
  "rag_text": "여의도에서 40년 넘게 운영된 전통 한식당으로, 적당히 꼬리한 청국장 맛이 특징이며 인근 직장인들이 점심에 많이 찾는 곳입니다. 저녁에는 고기구이를 즐기는 손님이 많아 돼지고기와 소고기 구이 전문점의 분위기를 갖추고 있습니다. 편안하고 친근한 분위기에서 한식을 즐길 수 있으며, 특별한 라벨은 없으나 지역 주민에게 신뢰받는 맛집입니다.",
  "metadata": {
    "budget_range": "중",
    "spicy_available": "O",
    "vegetarian_options": "X",
    "main_ingredients_list": [
      "기타",
      "육류"
    ],
    "low_level_category": "청국장, 돼지고기구이",
    "suitable_for": [],
    "food_type_list": [
      "국물류",
      "고기류"
    ],
    "temperature_list": [
      "온"
    ],
    "high_level_category": "한식"
  }
}