{
  "id": 13567,
  "store_name": "파전집",
  "llm_summary": "파전집은 서울 종로구 돈화문로11길 27에 위치한 전 전문점으로, 다양한 전을 1만원 균일가로 즐길 수 있는 가성비 좋은 한식당입니다. 저녁 시간대에 특히 붐비며, 월요일부터 토요일까지 오후 3시부터 다음날 새벽 1시까지 영업하고 일요일은 휴무입니다. 메뉴는 전류 한 가지로 온기가 제공되며, 매운맛은 없습니다. 가게는 종로3가역 4번 출구 근처에 위치해 접근성이 좋고, 새벽까지 영업하여 늦은 시간에도 방문이 가능합니다. 블루리본 선정이나 서울 2025 선정은 되어 있지 않으나, 저렴한 가격과 다양한 전 메뉴로 지역 주민과 방문객들에게 인기가 많습니다. 현재 독자 리뷰는 등록되어 있지 않으며, 업장 관리자가 직접 상세페이지를 관리할 수 있습니다. 음식은 전통적인 한식 전류로 구성되어 있으며, 편안하고 활기찬 분위기에서 전통 한식을 즐기기에 적합한 곳입니다.",
  "rag_text": "가성비 좋은 전 전문 한식당으로, 다양한 전을 균일한 가격에 제공하며 저녁 무렵 붐비는 활기찬 분위기입니다. 전통적인 한식 메뉴를 중심으로 하며, 새벽까지 영업하여 늦은 시간 방문에도 적합합니다.",
  "metadata": {
    "budget_range": "저",
    "spicy_available": "X",
    "vegetarian_options": "X",
    "main_ingredients_list": [
      "기타"
    ],
    "low_level_category": "전",
    "suitable_for": [],
    "food_type_list": [
      "기타"
    ],
    "temperature_list": [
      "온"
    ],
    "high_level_category": "한식"
  }
}