{
  "id": 14133,
  "store_name": "현선이네",
  "llm_summary": "현선이네는 서울 용산구 한강대로39길 5에 위치한 떡볶이 전문점으로, 근처 노점상에서 영업하던 현선이네 떡볶이집의 2호점입니다. 실내에서 즉석떡볶이를 맛볼 수 있으며, 매운 즉석떡볶이와 꼬마김밥의 조합이 특히 추천됩니다. 메뉴로는 꼬마김밥, 즉석떡볶이, 현선이세트, 즉석세트가 있으며, 가격대는 3,000원부터 12,000원 사이입니다. 영업시간은 매일 10:00부터 22:00까지이며, 연중무휴로 운영됩니다. 분위기는 노점상의 친근함과 실내 식당의 편안함이 조화를 이루며, 한식 테마의 다양한 메뉴를 제공합니다. 공식 인스타그램과 홈페이지도 운영 중입니다.",
  "rag_text": "떡볶이 전문점으로 근처 노점상에서 시작한 현선이네의 2호점이며, 실내에서 즐길 수 있는 즉석떡볶이와 꼬마김밥이 인기 메뉴입니다. 한식 테마를 기반으로 한 편안하고 친근한 분위기의 가게로, 매운 즉석떡볶이와 꼬마김밥의 조합이 좋은 점이 특징입니다. 연중무휴로 운영되며, 다양한 세트 메뉴도 제공하여 부담 없이 방문할 수 있는 곳입니다.",
  "metadata": {
    "budget_range": "중",
    "spicy_available": "O",
    "vegetarian_options": "X",
    "main_ingredients_list": [
      "기타"
    ],
    "low_level_category": "떡볶이",
    "suitable_for": [],
    "food_type_list": [
      "밥류",
      "기타"
    ],
    "temperature_list": [
      "상",
      "온"
    ],
    "high_level_category": "한식"
  }
}