{
  "id": 1419,
  "store_name": "라스텔라",
  "llm_summary": "라스텔라는 서울 마포구 베스트웨스턴프리미어서울가든호텔 1층에 위치한 뷔페 레스토랑입니다. 신선한 식재료로 만든 한식, 중식, 양식 등 다양한 요리를 뷔페 형식으로 제공하며, 디너 시간에는 생맥주와 와인을 무제한으로 즐길 수 있습니다. 독립된 프라이빗 룸이 있어 사전 예약 시 가족 모임이나 비즈니스 미팅 등 사적인 공간으로 활용할 수 있습니다. 주요 메뉴로는 주중 및 주말 조식(32,000원), 주중 점심(48,000원), 주중 저녁(77,000원), 주말 런치 및 디너(89,000원)가 있으며, 가격대는 32,000원에서 89,000원 사이입니다. 영업시간은 매일 07:00부터 21:00까지이며, 브레이크 타임은 09:30~11:30과 14:00~18:00입니다. 마포역 3번 출구 근처에 위치해 접근성이 좋고, 가족 외식이나 아침 뷔페 이용에 적합한 호텔 내 레스토랑입니다. 현재 독자 리뷰는 등록되어 있지 않으며, 1985년에 개업한 전통 있는 업장입니다.",
  "rag_text": "가든호텔 내의 뷔페 레스토랑으로, 신선한 식재료를 사용해 한식, 중식, 양식 등 다양한 요리를 뷔페 형식으로 제공합니다. 디너에는 생맥주와 와인을 무제한 제공하며, 독립된 프라이빗 룸이 있어 가족 모임, 외식, 프라이빗한 비즈니스 다이닝에 적합합니다. 조용하고 편안한 분위기의 호텔 내 위치한 뷔페 레스토랑입니다.",
  "metadata": {
    "budget_range": "고",
    "spicy_available": "X",
    "vegetarian_options": "X",
    "main_ingredients_list": [
      "기타"
    ],
    "low_level_category": "뷔페",
    "suitable_for": [
      "가족모임",
      "외식",
      "프라이빗룸"
    ],
    "food_type_list": [
      "기타"
    ],
    "temperature_list": [
      "상"
    ],
    "high_level_category": "기타"
  }
}