{
  "id": 14236,
  "store_name": "느린마을양조장(양재점)",
  "llm_summary": "느린마을양조장(양재점)은 서울 서초구 양재동에 위치한 한식주점으로, 대형 카페 분위기에서 즐길 수 있는 막걸리 전문점입니다. 대표 메뉴인 막걸리 무한 리필 세트는 세 가지 안주와 함께 제공되며, 우유처럼 뽀얗고 목넘김이 부드러운 막걸리가 특징입니다. 기본 안주로 제공되는 감자튀김 모양의 안주는 막걸리 찌꺼기로 만들어진 별미입니다. 또한, 계산대에는 선물용 및 가정용으로 구입할 수 있는 다양한 막걸리가 진열되어 있습니다. 메뉴로는 막걸리무한리필세트, 느린마을생막걸리, 도토리묵무침, 해물파전, 모둠전, 골뱅이무침, 매운낙지볶음, 족발무침 등이 있으며, 가격대는 6,000원에서 20,000원 사이입니다. 매운 메뉴도 일부 포함되어 있어 다양한 맛을 즐길 수 있습니다. 영업시간은 월~토요일 17:00~01:00, 일요일 17:00~24:00로 연중무휴입니다. 2011년 10월에 개업하여 오랜 기간 사랑받고 있는 곳입니다.",
  "rag_text": "대형 카페 분위기의 한식주점으로, 부드럽고 뽀얀 막걸리를 무한 리필 세트와 함께 즐길 수 있는 막걸리 전문점입니다. 기본 안주로 막걸리 찌꺼기로 만든 별미 감자튀김 모양 안주가 제공되며, 선물용 막걸리도 구매 가능합니다. 다양한 한식 및 기타 메뉴를 제공하며, 일부 매운 메뉴도 포함되어 있습니다. 편안한 분위기에서 술 한잔하기 좋은 곳입니다.",
  "metadata": {
    "budget_range": "중",
    "spicy_available": "O",
    "vegetarian_options": "X",
    "main_ingredients_list": [
      "기타",
      "어류",
      "패류",
      "육류"
    ],
    "low_level_category": "한식주점",
    "suitable_for": [],
    "food_type_list": [
      "음료",
      "기타",
      "고기류",
      "해산물류"
    ],
    "temperature_list": [
      "상",
      "온",
      "냉"
    ],
    "high_level_category": "한식"
  }
}