{
  "id": 14488,
  "store_name": "안면도꽃게간장게장",
  "llm_summary": "안면도꽃게간장게장은 서울 마포구 공덕동에 위치한 게장 전문 한식당으로, 안면도에서 직접 공수한 신선한 꽃게로 만든 간장게장이 특히 유명하다. 알이 꽉 찬 꽃게와 짜지 않은 양념이 특징이며, 전원주택을 개조한 아늑한 분위기에서 집밥처럼 편안하게 식사할 수 있다. 이 외에도 안면도산 굴로 만든 굴국밥이 별미로 사랑받는다. 메뉴는 굴국밥, 불고기정식, 해물파전, 간장게장, 닭볶음탕, 메기매운탕 등 다양한 한식 메뉴를 제공하며, 매운 메뉴도 일부 포함되어 있다. 가격대는 6,000원에서 40,000원 사이로 중간 수준이며, 평일과 일요일은 오전 11시부터 오후 9시까지 영업하고 토요일은 휴무이다. 공덕역 4번 출구 인근에 위치해 접근성이 좋다. 현재 블루리본 선정이나 서울 2025 선정에는 포함되어 있지 않으며, 독자 리뷰는 아직 등록되어 있지 않다.",
  "rag_text": "안면도에서 직접 공수한 신선한 꽃게로 만드는 간장게장 전문 한식당으로, 전원주택을 개조해 집에서 밥 먹는 듯한 아늑하고 편안한 분위기이다. 신선한 해산물과 전통 한식 메뉴를 제공하며, 굴국밥과 해물파전 등 해산물 요리가 별미이다. 매운 메뉴도 일부 포함되어 있어 다양한 입맛을 만족시킨다.",
  "metadata": {
    "budget_range": "중",
    "spicy_available": "O",
    "vegetarian_options": "X",
    "main_ingredients_list": [
      "패류",
      "육류",
      "조류",
      "어류"
    ],
    "low_level_category": "게장",
    "suitable_for": [
      "편안한",
      "가족모임",
      "아늑한",
      "한식"
    ],
    "food_type_list": [
      "국물류",
      "밥류",
      "해산물류"
    ],
    "temperature_list": [
      "온",
      "상"
    ],
    "high_level_category": "한식"
  }
}