{
  "id": 14918,
  "store_name": "북해도",
  "llm_summary": "북해도는 서울 광진구 군자동에 위치한 일식 레스토랑으로, 1만8천원에 제공되는 단 하나의 사시미 코스 요리가 특징입니다. 이 코스는 신선한 어류를 주재료로 하며, 계절마다 메뉴가 조금씩 바뀌어 제철 해산물을 즐길 수 있습니다. 연중무휴로 운영되며 저녁 5시부터 다음날 새벽 12시까지 영업합니다. 가격 대비 다양한 코스요리를 제공해 많은 사람들의 입맛을 사로잡고 있으며, 독자 리뷰는 아직 등록되지 않았습니다. 노원역 5번 출구 인근 KB국민은행 맞은편에 위치해 접근성이 좋습니다. 메뉴는 해산물류에 속하며, 매운맛은 포함되어 있지 않습니다. 전통적인 일식 사시미 코스를 합리적인 가격에 즐길 수 있는 곳입니다.",
  "rag_text": "북해도는 1만8천원 단일 코스 요리로 계절별 신선한 제철 해산물을 제공하는 일식 전문점입니다. 다양한 코스 요리를 합리적인 가격에 즐길 수 있으며, 전통적인 일식 사시미를 중심으로 한 해산물 요리가 특징입니다. 라벨은 없으나, 조용하고 편안한 분위기에서 가성비 좋은 식사를 원하는 이들에게 적합한 공간입니다.",
  "metadata": {
    "budget_range": "저",
    "spicy_available": "X",
    "vegetarian_options": "X",
    "main_ingredients_list": [
      "어류"
    ],
    "low_level_category": "일식",
    "suitable_for": [],
    "food_type_list": [
      "해산물류"
    ],
    "temperature_list": [
      "생"
    ],
    "high_level_category": "일식"
  }
}