{
  "id": 15165,
  "store_name": "중국성",
  "llm_summary": "중국성은 서울 동작구 상도로 291에 위치한 일반중식 레스토랑으로, 오픈 키친에서 주방장이 직접 수타면을 뽑는 모습을 볼 수 있습니다. 쫄깃한 면발과 짜장면의 조화가 뛰어나며, 대표 메뉴로는 수타짜장, 볶음밥, 수타낙지짬뽕, 해물전복짬뽕, 탕수육, 양장피 등이 있습니다. 메뉴는 4,000원부터 25,000원까지 다양하며, 맵기 옵션이 있는 짬뽕류도 제공합니다. 연중무휴로 아침부터 저녁까지 (09:00~21:00) 운영하며, 지하철 7호선 상도역 5번 출구 인근에 위치해 접근성이 좋습니다. 아침 식사도 가능한 점이 특징이며, 전통적인 중식 요리를 합리적인 가격에 즐길 수 있습니다. 현재 블루리본 서베이 레드리본 선정이나 서울 2025 선정은 되어 있지 않으나, 수타면과 짜장면의 맛으로 지역 내에서 인기가 있습니다. 매장 분위기는 아침 식사 가능, 연중무휴 운영으로 실용적이며, 가족 단위 방문이나 일상적인 중식 식사에 적합합니다.",
  "rag_text": "중국성은 오픈 키친에서 주방장이 직접 수타면을 뽑아 쫄깃한 면발과 조화로운 짜장면 맛을 자랑하는 전통 중식당입니다. 아침 식사가 가능하며 연중무휴 운영으로 실용적인 분위기를 제공합니다. 중식 테마의 다양한 메뉴를 갖추고 있으며, 전통성과 합리적인 가격대가 돋보입니다.",
  "metadata": {
    "budget_range": "저",
    "spicy_available": "O",
    "vegetarian_options": "X",
    "main_ingredients_list": [
      "기타",
      "어류",
      "육류"
    ],
    "low_level_category": "일반중식",
    "suitable_for": [
      "가족모임",
      "일상식사",
      "아침식사",
      "실용적"
    ],
    "food_type_list": [
      "면류",
      "밥류",
      "국물류",
      "고기류",
      "기타"
    ],
    "temperature_list": [
      "온",
      "상"
    ],
    "high_level_category": "중식"
  }
}