{
  "id": 15574,
  "store_name": "바다회세꼬시",
  "llm_summary": "바다회세꼬시는 서울 동작구 사당동에 위치한 세꼬시, 생선회, 낙지 전문점입니다. 계절별로 다양한 신선한 회를 즐길 수 있는데, 가을에는 전어, 겨울에는 구룡포, 여름에는 물회와 참가자미를 제공하며, 무안에서 직송되는 신선한 낙지도 맛볼 수 있습니다. 메뉴는 물회, 강원도참가자미세꼬시(중, 대), 활어회모둠, 기절낙지 등으로 구성되어 있으며, 가격대는 35,000원에서 65,000원 사이입니다. 물회는 매운 맛이 있으며, 나머지 메뉴들은 맵지 않습니다. 매장은 연중무휴로 운영되며, 사당역 10번 출구 인근 골목에서 쉽게 접근 가능합니다. 가격 대비 상차림이 괜찮고, 무난하게 회를 즐기기에 적합한 곳입니다. 현재 등록된 독자 리뷰는 없으며, 블루리본 선정이나 서울 2025 선정은 되어 있지 않습니다.",
  "rag_text": "무난하게 회를 즐길 수 있는 일식 전문점으로, 계절별 신선한 생선회와 낙지를 제공하며, 전통적인 맛과 신선함을 중시합니다. 차분하고 편안한 분위기에서 다양한 해산물 요리를 경험할 수 있는 곳입니다.",
  "metadata": {
    "budget_range": "중",
    "spicy_available": "O",
    "vegetarian_options": "X",
    "main_ingredients_list": [
      "어류"
    ],
    "low_level_category": "세꼬시, 생선회, 낙지",
    "suitable_for": [],
    "food_type_list": [
      "국물류",
      "해산물류"
    ],
    "temperature_list": [
      "냉",
      "생"
    ],
    "high_level_category": "일식"
  }
}