{
  "id": 15630,
  "store_name": "초정",
  "llm_summary": "초정은 서울 종로구 계동에 위치한 전통 한옥에서 전통 한정식을 제공하는 한정식 전문점입니다. 근방의 다른 한정식집에 비해 비교적 저렴한 가격대로 한상 차려진 한정식을 즐길 수 있으며, 점심과 저녁에 각각 한정식 메뉴가 준비되어 있습니다. 점심한정식은 25,000원, 저녁한정식은 30,000원에서 35,000원 사이로 구성되어 있습니다. 저녁과 주말에는 예약 상황에 따라 운영이 달라지므로 방문 전 반드시 예약이 필요합니다. 영업시간은 매일 12시부터 시작하며, 점심은 12시부터 15시까지 운영되고 이후 시간대는 예약제로 운영됩니다. 전통적인 분위기와 합리적인 가격으로 한식 한정식을 경험할 수 있는 곳이며, 별도의 독자 리뷰는 아직 등록되어 있지 않습니다. 위치는 안국역 3번 출구 인근이며, 예약 및 문의는 02-762-0737로 가능합니다.",
  "rag_text": "전통 한옥에서 전통 한정식을 맛볼 수 있는 한식 전문점으로, 근방 한정식집에 비해 비교적 저렴한 가격대에 한상 차려진 한정식을 제공하며, 예약제로 운영되어 조용하고 전통적인 분위기를 갖추고 있습니다.",
  "metadata": {
    "budget_range": "중",
    "spicy_available": "X",
    "vegetarian_options": "X",
    "main_ingredients_list": [
      "기타"
    ],
    "low_level_category": "한정식",
    "suitable_for": [],
    "food_type_list": [
      "기타"
    ],
    "temperature_list": [
      "상"
    ],
    "high_level_category": "한식"
  }
}