{
  "id": 16250,
  "store_name": "속초해물탕",
  "llm_summary": "속초해물탕은 서울 영등포구 여의도동에 위치한 해물탕 전문점으로, 해물이 풍부하게 들어간 해물탕과 해물찜이 특히 인기가 많습니다. 통째로 들어가는 낙지는 크고 씹는 맛이 좋아 보양식으로도 적합하며, 연포탕과 아귀찜도 추천 메뉴로 꼽힙니다. 메뉴는 해물탕, 해물찜, 연포탕, 아귀찜, 아귀탕, 산낙지탕탕이, 전복숙회, 전복회, 산낙지회 등 다양하며, 가격대는 36,000원에서 79,000원 사이입니다. 일부 메뉴는 매운맛을 포함하고 있으며, 대부분은 온음식과 생음식으로 구성되어 있습니다. 매장은 국회의사당역 1번 출구 인근에 위치해 있으며, 평일 11:00부터 21:30까지 영업하고 주말은 휴무입니다. 현재 블루리본 선정이나 서울 2025 선정에는 포함되어 있지 않지만, 켈리 더블 임팩트 맛집으로 소개되고 있습니다. 독자 리뷰는 아직 등록되지 않았으며, 조용하고 전문적인 해물탕 전문점으로 평가됩니다.",
  "rag_text": "해물이 풍부하게 들어간 해물탕과 해물찜이 인기인 한식 해물탕 전문점으로, 통낙지가 크고 씹는 맛이 좋아 보양식으로 적합합니다. 연포탕과 아귀찜도 추천하는 메뉴이며, 켈리 더블 임팩트 맛집으로 소개됩니다.",
  "metadata": {
    "budget_range": "중",
    "spicy_available": "O",
    "vegetarian_options": "X",
    "main_ingredients_list": [
      "어류",
      "패류"
    ],
    "low_level_category": "해물탕",
    "suitable_for": [],
    "food_type_list": [
      "국물류",
      "해산물류"
    ],
    "temperature_list": [
      "온",
      "생"
    ],
    "high_level_category": "한식"
  }
}