{
  "id": 16323,
  "store_name": "도쿄스위츠",
  "llm_summary": "도쿄스위츠는 서울 강남구 청담동 청담아트빌 지하 1층에 위치한 잼 및 디저트 전문점으로, 수제잼을 돌잔치 답례품으로 예약할 수 있습니다. 쿠키, 브라우니, 케이크 등 다양한 디저트도 판매하며, 예쁘게 포장해 당일 직접 배송 서비스를 제공하여 편리합니다. 예약은 필수이며, 매장은 월요일부터 일요일까지 오전 8시부터 오후 6시까지 운영하고 명절 연휴에는 휴무합니다. 메뉴로는 커피가 있으며, 가격대는 2,500원부터 4,500원 사이입니다. 현재 블루리본 선정이나 서울 2025 선정은 되어 있지 않고, 별도의 독자 리뷰는 등록되어 있지 않습니다. 인스타그램 계정도 운영 중입니다.",
  "rag_text": "수제잼과 다양한 디저트를 전문으로 하는 강남 청담동의 디저트 전문점으로, 돌잔치 답례품 예약이 가능하며 쿠키, 브라우니, 케이크 등도 판매합니다. 예쁘고 세련된 포장과 당일 직접 배송 서비스가 특징이며, 편리한 예약 시스템을 갖추고 있습니다.",
  "metadata": {
    "budget_range": "저",
    "spicy_available": "X",
    "vegetarian_options": "X",
    "main_ingredients_list": [
      "기타"
    ],
    "low_level_category": "잼, 디저트전문점",
    "suitable_for": [],
    "food_type_list": [
      "음료"
    ],
    "temperature_list": [
      "온"
    ],
    "high_level_category": "디저트류"
  }
}