{
  "id": 178,
  "store_name": "대성집",
  "llm_summary": "대성집은 서울 종로구 사직로에 위치한 70여 년 전통의 도가니탕 전문점입니다. 본래 해장국집으로 시작했으나, 현재는 도가니탕으로 더 유명하며, 대형 솥에 도가니 뼈, 도가니 살, 힘줄(스지)을 넣고 장작불로 밤새 국물을 우려내어 기름지지 않고 진한 국물을 자랑합니다. 서울 2025 맛집으로 선정된 이곳은 도가니탕(13,000원 및 17,000원), 수육(30,000원), 해장국(7,000원) 등 전통 한식 메뉴를 제공합니다. 메뉴는 모두 온(따뜻한) 음식이며, 해장국만 매운맛이 있습니다. 가족과 외식하기 좋은 역사 깊은 맛집으로, 독립문역사거리 대신고등학교 옆에 위치해 접근성이 좋습니다. 영업시간은 월~금요일과 일요일 10:30~20:00 (브레이크타임 15:00~17:00), 토요일 10:30~19:00 (브레이크타임 14:30~17:00)이며, 재료 소진 시 조기 마감합니다. 개업일은 1954년으로 오랜 전통을 자랑합니다.",
  "rag_text": "70여 년 전통의 도가니탕 전문 한식당으로, 대형 솥에 도가니 뼈, 살, 힘줄을 넣고 장작불로 밤새 국물을 우려내 진하고 기름지지 않은 국물이 특징입니다. 서울 2025 선정 맛집이며, 가족과 외식하기 좋은 역사 깊은 분위기를 갖추고 있습니다.",
  "metadata": {
    "budget_range": "중",
    "spicy_available": "O",
    "vegetarian_options": "X",
    "main_ingredients_list": [
      "육류"
    ],
    "low_level_category": "도가니탕, 선지해장국, 수육",
    "suitable_for": [
      "가족모임",
      "역사적",
      "전통적"
    ],
    "food_type_list": [
      "국물류",
      "고기류"
    ],
    "temperature_list": [
      "온"
    ],
    "high_level_category": "한식"
  }
}