{
  "id": 17861,
  "store_name": "더플라잉팬레드",
  "llm_summary": "더플라잉팬레드는 서울 서초구 서초대로 GT TOWER 지하 1층에 위치한 호주식 브런치 및 브런치카페입니다. 아침부터 저녁까지 다양한 브런치 메뉴를 제공하며, 주방이 공개되어 있어 신뢰감을 줍니다. 지하에 위치했음에도 인근 아이스링크장 덕분에 탁 트인 느낌을 느낄 수 있습니다. 메뉴는 음료, 케이크, 프렌치토스트, 파스타, 리조토, 팬케이크 등으로 구성되어 있으며, 가격대는 5,000원에서 18,700원 사이입니다. 메뉴들은 주로 양식 테마이며, 온도는 따뜻한 음식과 상온 디저트가 혼합되어 있습니다. 특히 프렌치토스트, 파스타, 리조토, 팬케이크 같은 양식 디저트류와 면류, 밥류가 주력입니다. 영업시간은 매일 10:30부터 21:00까지이며, 마지막 주문은 20:30입니다. 2011년에 개업한 이래 소개팅이나 연인과 방문하기 좋은 분위기를 갖추고 있습니다. 현재까지 독자 리뷰는 등록되어 있지 않으며, 레드리본이나 서울 2025 선정 여부는 없습니다.",
  "rag_text": "아침과 점심, 저녁에도 맛있는 브런치를 즐길 수 있는 브런치카페로, 주방이 공개되어 신뢰할 수 있습니다. 지하에 위치하지만 인근 아이스링크장으로 탁 트인 느낌을 주며, 소개팅이나 연인과 방문하기 좋은 분위기를 갖추고 있습니다. 호주식 브런치와 양식 디저트류 중심의 메뉴를 제공하는 편안하고 신뢰감 있는 공간입니다.",
  "metadata": {
    "budget_range": "중",
    "spicy_available": "X",
    "vegetarian_options": "X",
    "main_ingredients_list": [
      "기타"
    ],
    "low_level_category": "호주식브런치, 브런치카페",
    "suitable_for": [
      "소개팅",
      "연인"
    ],
    "food_type_list": [
      "음료",
      "디저트류",
      "면류",
      "밥류"
    ],
    "temperature_list": [
      "기타",
      "상",
      "온"
    ],
    "high_level_category": "양식"
  }
}