{
  "id": 18038,
  "store_name": "북해도",
  "llm_summary": "북해도는 서울 서초구 서초대로 265 대신빌딩에 위치한 정통 일식 전문점입니다. 입구부터 일본풍으로 화려하게 꾸며져 있으며, 일본식 다다미 방 구조이나 바닥은 온돌처리되어 있어 따뜻한 식사가 가능합니다. 점심 정식은 비교적 저렴한 가격에 다양하고 푸짐한 구성을 자랑합니다. 주요 메뉴로는 점심정식(35,000원)과 다양한 가격대(80,000원~150,000원)의 모둠사시미가 있습니다. 모둠사시미는 신선한 어류를 사용하며 생으로 제공됩니다. 매장은 월요일부터 토요일까지 오전 11시 30분부터 오후 10시까지 운영하며, 브레이크 타임은 오후 2시 30분부터 4시까지입니다. 매주 일요일은 휴무입니다. 서초역 8번 출구에서 도보 약 200m 거리에 위치해 접근성이 좋습니다. 현재 독자 리뷰는 등록되어 있지 않습니다.",
  "rag_text": "정통 일식 전문점으로, 일본풍 인테리어와 다다미 방을 온돌로 처리해 따뜻하고 편안한 분위기를 제공합니다. 신선한 어류를 사용한 모둠사시미와 저렴한 점심 정식을 중심으로 한 일식 테마의 식사가 특징입니다. 조용하고 아늑한 공간으로 가족 모임이나 비즈니스 식사에 적합합니다.",
  "metadata": {
    "budget_range": "중",
    "spicy_available": "X",
    "vegetarian_options": "X",
    "main_ingredients_list": [
      "기타",
      "어류"
    ],
    "low_level_category": "일식",
    "suitable_for": [
      "가족모임",
      "비즈니스",
      "조용한",
      "아늑한"
    ],
    "food_type_list": [
      "기타",
      "해산물류"
    ],
    "temperature_list": [
      "온",
      "생"
    ],
    "high_level_category": "일식"
  }
}