{
  "id": 181,
  "store_name": "서초원",
  "llm_summary": "서초원은 서울 서초구 서초대로 283 남촌빌딩 지하 1층에 위치한 한정식 전문점입니다. 깔끔한 인테리어에서 편안하게 한정식을 즐길 수 있으며, 가격대별로 다양한 요리와 함께 영양돌솥밥, 된장찌개, 계절찬이 식사로 제공됩니다. 점심 메뉴는 22,000원, 저녁 메뉴는 40,000원으로, 가격대는 ₩22,000에서 ₩60,000 사이입니다. 교대역 10번 출구 근처에 위치해 접근성이 좋으며, 비즈니스 다이닝과 상견례에 적합한 장소로 연중 무휴로 운영됩니다. 영업시간은 월요일부터 일요일까지 11:30부터 21:30까지이며, 15:00부터 17:30까지는 브레이크 타임입니다. 매장 홈페이지는 http://www.seochowon.com/ 입니다. 현재 별도의 독자 리뷰는 없으나, 블루리본 Pick으로 선정되어 신뢰받는 한정식 맛집입니다.",
  "rag_text": "한정식 전문점으로 깔끔한 인테리어에서 편안하게 한정식을 즐길 수 있으며, 비즈니스 다이닝과 상견례에 적합한 분위기입니다. 다양한 가격대의 요리가 제공되고, 영양돌솥밥, 된장찌개, 계절찬이 포함된 전통적인 한식 코스 요리를 선보입니다. 연중 무휴로 운영되어 편리한 방문이 가능합니다.",
  "metadata": {
    "budget_range": "중",
    "spicy_available": "X",
    "vegetarian_options": "X",
    "main_ingredients_list": [
      "기타"
    ],
    "low_level_category": "한정식",
    "suitable_for": [
      "비즈니스 다이닝",
      "상견례",
      "편안한 분위기"
    ],
    "food_type_list": [
      "기타"
    ],
    "temperature_list": [
      "기타"
    ],
    "high_level_category": "한식"
  }
}