{
  "id": 18829,
  "store_name": "미락치킨",
  "llm_summary": "미락치킨은 서울 종로구 자하문로에 위치한 프라이드치킨 전문점으로, 맛있기로 유명하여 항상 사람이 붐비는 치킨집입니다. 대표 메뉴로는 기본 프라이드치킨, 양념치킨, 반반치킨, 그리고 특유의 마늘소스가 첨가된 철판 마늘치킨이 있으며, 원하는 치킨을 반반씩 섞어 주문하는 것도 가능합니다. 메뉴는 모두 한식 테마로, 온기로 제공되며, 가격대는 15,000원에서 17,000원 사이입니다. 매장은 3호선 경복궁역 2번 출구에서 도보 250m 거리에 위치해 있으며, 연중무휴로 매일 14:00부터 다음날 02:00까지 새벽까지 영업합니다. 2007년 9월에 개업한 이래 꾸준히 사랑받고 있으며, 음식은 전통적인 치킨 맛을 유지하면서도 철판 마늘치킨처럼 독특한 메뉴도 갖추고 있습니다. 현재까지 블루리본 선정이나 서울 2025 선정 등은 없으나, 지역 내에서 인기 있는 치킨집으로 자리매김하고 있습니다.",
  "rag_text": "미락치킨은 맛있기로 유명한 프라이드치킨 전문 한식당으로, 특유의 마늘소스가 첨가된 철판 마늘치킨이 인기가 많으며, 원하는 치킨을 반반씩 섞어 주문할 수 있는 편리함이 있습니다. 연중무휴로 새벽까지 영업하며, 활기차고 복작이는 분위기의 대중적인 치킨집입니다.",
  "metadata": {
    "budget_range": "중",
    "spicy_available": "O",
    "vegetarian_options": "X",
    "main_ingredients_list": [
      "조류"
    ],
    "low_level_category": "프라이드치킨",
    "suitable_for": [],
    "food_type_list": [
      "고기류"
    ],
    "temperature_list": [
      "온"
    ],
    "high_level_category": "한식"
  }
}