{
  "id": 19453,
  "store_name": "통돼지집",
  "llm_summary": "통돼지집은 서울 종로구 돈의동에 위치한 생고기 전문점으로, 삽겹살, 고추장양념구이, 갈매기살 등 다양한 돼지고기 메뉴를 솥뚜껑에 구워 즐길 수 있습니다. 이곳의 특징은 0.5인분(100g) 단위로 주문 가능하며, 저렴한 가격에 국내산 생고기를 맛볼 수 있다는 점입니다. 메뉴는 막창, 김치찌개, 삼겹살, 고추장양념구이, 갈매기살 등으로 구성되어 있으며, 김치찌개만 매운 맛이 있습니다. 영업시간은 월요일부터 토요일까지 오후 2시 30분부터 자정까지이며, 일요일은 휴무입니다. 가게는 종로3가역 6번 출구 인근 골목에 위치해 있습니다. 리뷰는 아직 등록되지 않았으나, 합리적인 가격과 신선한 생고기를 즐기려는 고객에게 적합한 곳입니다.",
  "rag_text": "생고기 전문점으로 삽겹살, 고추장양념, 갈매기살 등 다양한 돼지고기 메뉴를 솥뚜껑에 구워 제공하며, 0.5인분 단위 주문이 가능한 합리적인 가격의 국내산 생고기 전문 한식당입니다.",
  "metadata": {
    "budget_range": "저",
    "spicy_available": "O",
    "vegetarian_options": "X",
    "main_ingredients_list": [
      "육류",
      "기타"
    ],
    "low_level_category": "돼지고기구이",
    "suitable_for": [],
    "food_type_list": [
      "고기류",
      "국물류"
    ],
    "temperature_list": [
      "온"
    ],
    "high_level_category": "한식"
  }
}