{
  "id": 19804,
  "store_name": "아나고야",
  "llm_summary": "아나고야는 서울 강남구 논현동에 위치한 해산물 및 붕장어(아나고) 전문 일식당으로, 2009년 7월 5일에 개업하였으며 블루리본 서베이 '서울 2025 선정'에 등재된 곳입니다. 대표 메뉴로는 제철회 3종(40,000원), 갈치구이(25,000원), 아나코야한상차림(1인, 90,000원), 문어숙회(18,000원), 후토마끼(25,000원) 등이 있으며, 전체 메뉴 가격대는 15,000원~90,000원으로 형성되어 있습니다. 신선한 해산물을 당일 준비하여 창의적인 요리로 제공하며, 특히 오마카세가 인기입니다. 단품 메뉴는 저녁 8시 이후 주문이 가능합니다. 영업시간은 매일 12:00~22:30(브레이크타임 15:00~17:00)이며, 명절 연휴에는 휴무입니다. 논현역 1번 출구에서 도보로 쉽게 접근할 수 있습니다. 연인과의 데이트나 술 한잔하기 좋은 분위기, 가격 대비 만족도가 높은 곳으로 평가받고 있습니다. 매장 전화번호는 02-877-5391입니다.",
  "rag_text": "신선한 붕장어(아나고)와 다양한 해산물 요리를 제공하는 일식 오마카세 전문점으로, 창의적인 요리와 함께 연인과의 데이트, 술 한잔하기 좋은 분위기, 높은 가격 대비 만족도를 자랑합니다. 서울 2025 선정 레스토랑으로, 일본식 테마와 프리미엄 해산물 오마카세 경험이 특징입니다.",
  "metadata": {
    "budget_range": "고",
    "spicy_available": "X",
    "vegetarian_options": "X",
    "main_ingredients_list": [
      "어류",
      "육류",
      "기타"
    ],
    "low_level_category": "해물, 생선회, 붕장어",
    "suitable_for": [
      "서울 2025 선정",
      "데이트",
      "술 한잔",
      "가성비"
    ],
    "food_type_list": [
      "고기류",
      "기타",
      "밥류"
    ],
    "temperature_list": [
      "생",
      "온",
      "기타",
      "상"
    ],
    "high_level_category": "일식"
  }
}