{
  "id": 19941,
  "store_name": "풍천장어",
  "llm_summary": "풍천장어는 서울 강북구 수유동에 위치한 장어 전문 한식당으로, 양념구이, 소금구이, 장어탕 등 다양한 장어 요리를 제공합니다. 국내산 풍천장어만을 사용하여 신선하고 고품질의 맛을 유지하며, 서울 내에서 국내산 풍천장어를 맛볼 수 있는 몇 안 되는 곳 중 하나입니다. 메뉴로는 장어탕과 청국장 등이 있으며, 모두 따뜻한 국물 요리로 구성되어 있습니다. 이 가게는 연중무휴로 운영되며, 수유역 5번 출구 인근에 위치해 접근성이 좋습니다. 가격대는 5,000원에서 60,000원 사이로 합리적인 편이며, 고객 리뷰는 아직 등록되어 있지 않습니다. 분위기는 전통적이고 편안하며, 가족 단위 방문이나 장어 요리를 좋아하는 한식 애호가에게 적합한 곳입니다.",
  "rag_text": "국내산 풍천장어를 전문으로 하는 장어 한식당으로, 양념구이, 소금구이, 장어탕 등 다양한 장어 요리를 제공합니다. 전통적인 맛과 신선한 재료를 중시하며, 서울 강북구 수유동 지역에서 연중무휴로 운영됩니다. 편안하고 전통적인 분위기이며, 가족 모임이나 한식 장어 요리를 즐기려는 고객에게 적합합니다.",
  "metadata": {
    "budget_range": "중",
    "spicy_available": "X",
    "vegetarian_options": "X",
    "main_ingredients_list": [
      "어류",
      "기타"
    ],
    "low_level_category": "장어",
    "suitable_for": [
      "가족모임",
      "전통적",
      "편안한"
    ],
    "food_type_list": [
      "국물류"
    ],
    "temperature_list": [
      "온"
    ],
    "high_level_category": "한식"
  }
}