{
  "id": 19982,
  "store_name": "굴렁쇠",
  "llm_summary": "굴렁쇠는 서울 은평구 증산동에 위치한 일반한식 및 백반 전문점으로, 삼겹살과 돼지불고기가 특히 맛있는 집입니다. 이곳에서는 고등어 구이, 갈치구이, 굴비 구이 등 다양한 해산물 메뉴도 함께 즐길 수 있습니다. 약 60석 정도의 좌석을 보유하고 있어 가족 모임이나 각종 모임 장소로도 적합합니다. 메뉴로는 고등어구이(7,000원), 버섯불고기전골(8,000원), 갈치구이(8,000원), 삼겹살 180g(11,000원), 소고기등심 180g(29,000원) 등이 있으며, 모두 따뜻하게 제공됩니다. 매장은 증산역 3번 출구 앞 태광아파트 옆 골목 내에 위치해 있고, 운영 시간은 월요일부터 일요일까지 오전 10시부터 오후 10시까지이며, 둘째주와 넷째주 일요일은 휴무입니다. 현재 블루리본 선정이나 서울 2025 선정에는 포함되어 있지 않으나, 전통적인 한식 메뉴를 합리적인 가격대에 제공하는 곳으로 평가받고 있습니다. 리뷰는 아직 등록되어 있지 않으며, 고기류와 해산물류를 중심으로 한 따뜻한 한식 메뉴들이 주를 이룹니다.",
  "rag_text": "삼겹살과 돼지불고기가 맛있는 전통 한식 전문점으로, 고등어구이, 갈치구이, 굴비구이 등 해산물 메뉴도 풍부합니다. 약 60석 규모의 좌석이 마련되어 있어 가족 모임이나 각종 모임에 적합하며, 따뜻한 한식 메뉴를 중심으로 편안한 분위기를 제공합니다.",
  "metadata": {
    "budget_range": "중",
    "spicy_available": "X",
    "vegetarian_options": "X",
    "main_ingredients_list": [
      "어류",
      "육류"
    ],
    "low_level_category": "일반한식, 백반",
    "suitable_for": [
      "가족모임",
      "각종모임"
    ],
    "food_type_list": [
      "해산물류",
      "국물류",
      "고기류"
    ],
    "temperature_list": [
      "온"
    ],
    "high_level_category": "한식"
  }
}