{
  "id": 20378,
  "store_name": "금봉식당",
  "llm_summary": "금봉식당은 서울 영등포구 신길동에 위치한 소고기구이 전문점으로, 질 좋은 한우 고기를 무쇠 철판에 구워 맛볼 수 있는 곳입니다. 대표 메뉴로는 차돌박이, 육회, 생등심, 꽃등심 등이 있으며, 모두 150g 단위로 제공되고 가격대는 25,000원에서 35,000원 사이입니다. 특히 적당히 두툼하게 저민 육사시미와 육회가 맛있다는 평을 받고 있습니다. 매장은 연중무휴로 운영되며, 월~토요일은 오전 10시부터 오후 10시까지, 일요일은 오후 5시부터 10시까지 영업합니다. 분위기나 서비스에 대한 리뷰는 아직 등록되지 않았으나, 고품질 한우를 전문적으로 제공하는 한식 고기구이집으로 알려져 있습니다.",
  "rag_text": "질 좋은 한우 고기를 무쇠 철판에 구워 제공하는 한식 소고기구이 전문점으로, 육회와 육사시미도 인기 메뉴입니다. 고급 한우구이 전문점으로, 전통적인 한식 고기류 중심의 메뉴 구성이 특징입니다.",
  "metadata": {
    "budget_range": "중",
    "spicy_available": "X",
    "vegetarian_options": "X",
    "main_ingredients_list": [
      "육류"
    ],
    "low_level_category": "소고기구이",
    "suitable_for": [],
    "food_type_list": [
      "고기류"
    ],
    "temperature_list": [
      "온",
      "생"
    ],
    "high_level_category": "한식"
  }
}