{
  "id": 20440,
  "store_name": "오목집",
  "llm_summary": "오목집은 서울 양천구 목동파라곤 지하 아케이드에 위치한 족발 전문 한식당입니다. 이곳은 야들야들한 족발이 대표 메뉴이며, 족발 주문 시 일본식 해물탕이 기본으로 제공되어 독특한 조합을 자랑합니다. 당일 수급한 신선한 생 족발을 사용해 삶아내어 맛이 뛰어나며, 한우가 듬뿍 들어간 된장전골은 2인분부터 주문 가능해 국물 요리도 즐길 수 있습니다. 메뉴로는 족발(중, 대), 냉채족발, 한우된장전골 등이 있으며, 매운맛이 있는 한우된장전골과 맵지 않은 족발류로 다양하게 구성되어 있습니다. 영업시간은 월~금 15:30~23:00, 주말 15:00~23:00이며, 2013년에 개업한 이래 꾸준히 사랑받고 있습니다. 가격대는 7,000원에서 35,000원 사이로 중간에서 다소 높은 편에 속합니다. 족발과 한우된장전골을 중심으로 한 전통 한식의 맛을 경험할 수 있는 곳입니다.",
  "rag_text": "야들야들한 족발과 일본식 해물탕을 기본으로 제공하는 한식 족발 전문점으로, 신선한 생 족발과 한우가 듬뿍 들어간 된장전골이 특징입니다. 전통적인 한식 국물 요리와 고기류를 중심으로 하며, 편안하고 가족적인 분위기에서 즐길 수 있는 맛집입니다.",
  "metadata": {
    "budget_range": "중",
    "spicy_available": "O",
    "vegetarian_options": "X",
    "main_ingredients_list": [
      "육류"
    ],
    "low_level_category": "족발",
    "suitable_for": [],
    "food_type_list": [
      "국물류",
      "고기류"
    ],
    "temperature_list": [
      "온",
      "냉"
    ],
    "high_level_category": "한식"
  }
}