{
  "id": 20483,
  "store_name": "원조대구뽈찜",
  "llm_summary": "원조대구뽈찜은 서울 광진구 자양동에 위치한 한식 전문점으로, 서울에서 맛보기 어려운 멸치회를 주력 메뉴로 제공합니다. 멸치회는 비리지 않고 양념 맛이 강하며, 1인분 주문도 가능해 소규모 방문객에게도 적합합니다. 이외에도 볼찜, 아귀찜, 곤이탕 등 다양한 해산물 안주류를 제공하며, 매운맛을 가미한 메뉴들도 다수 갖추고 있습니다. 메뉴 가격대는 8,000원부터 45,000원까지 다양하며, 온기가 있는 국물류와 생선회류가 주를 이룹니다. 연중무휴로 운영되며, 월요일부터 일요일까지 11시부터 다음날 24시까지 영업합니다. 가게는 신양초등학교 인근 국민은행 신자양지점 방향으로 직진 후 좌측에 위치해 있습니다. 메뉴는 뽈지리탕, 볼매운탕, 아귀탕, 대구탕, 곤이탕, 곤이지리탕, 멸치회, 볼찜, 곤이찜, 아귀찜, 꽃게탕, 매운탕, 해물찜 등 해산물과 어류를 주재료로 한 다양한 국물 및 찜 요리로 구성되어 있습니다. 멸치회와 볼찜, 아귀찜 등은 매운맛 여부에 따라 선택할 수 있으며, 전체적으로 한식 해산물 전문점의 특성을 잘 살린 곳입니다.",
  "rag_text": "서울 광진구에 위치한 한식 해산물 전문점으로, 멸치회를 비롯해 볼찜, 아귀찜, 곤이탕 등 다양한 해산물 안주류를 매운맛과 비매운맛 옵션으로 제공합니다. 멸치회가 비리지 않고 양념 맛이 강하며, 1인분 주문이 가능해 소규모 방문객에게도 적합합니다. 연중무휴로 운영하며, 편안한 분위기에서 술 한 잔 곁들이기 좋은 전통 한식 해산물 맛집입니다.",
  "metadata": {
    "budget_range": "중",
    "spicy_available": "O",
    "vegetarian_options": "X",
    "main_ingredients_list": [
      "어류",
      "패류"
    ],
    "low_level_category": "멸치",
    "suitable_for": [
      "술자리",
      "소규모",
      "안주",
      "편안한"
    ],
    "food_type_list": [
      "국물류",
      "해산물류"
    ],
    "temperature_list": [
      "온",
      "생"
    ],
    "high_level_category": "한식"
  }
}