{
  "id": 206,
  "store_name": "동성각",
  "llm_summary": "동성각은 서울 종로구 광화문 인근에 위치한 오랜 전통의 중식당으로, 1970년대 개업하여 연중 무휴로 운영된다. 대표 메뉴로는 바삭한 탕수육과 하얗게 끓여 나오는 짬뽕 국물이 유명하며, 짜장면, 간짜장, 삼선짬뽕, 깐풍기 등 다양한 중식 면류와 기타 요리를 제공한다. 메뉴 가격은 6,000원에서 38,000원 사이로 다양하며, 짬뽕과 삼선짬뽕, 깐풍기는 매운맛이 특징이다. 영업시간은 매일 11:00부터 21:30까지이며, 15:00부터 16:30까지는 브레이크타임이 있다. 위치는 서울특별시 종로구 새문안로9길 29-2 당주빌딩 1층으로 광화문 세종문화회관 뒷편에 자리잡고 있다. 전통적인 중식 맛과 합리적인 가격대, 편리한 접근성으로 광화문 지역에서 중식을 찾는 이들에게 꾸준히 사랑받는 맛집이다.",
  "rag_text": "광화문 일대에서 유명한 오랜 전통의 중식당으로, 바삭한 탕수육과 하얗게 끓여 오는 짬뽕 국물이 인기다. 중식 테마의 전통적인 맛을 자랑하며, 연중무휴로 운영되어 편리하다. 역사 깊은 분위기와 광화문 중심가 위치가 특징이다.",
  "metadata": {
    "budget_range": "중",
    "spicy_available": "O",
    "vegetarian_options": "X",
    "main_ingredients_list": [
      "기타"
    ],
    "low_level_category": "일반중식",
    "suitable_for": [
      "전통적",
      "연중무휴",
      "역사있는",
      "광화문",
      "중식"
    ],
    "food_type_list": [
      "면류",
      "기타",
      "국물류"
    ],
    "temperature_list": [
      "상",
      "온"
    ],
    "high_level_category": "중식"
  }
}