{
  "id": 20856,
  "store_name": "원할머니보쌈(강남구청역점)",
  "llm_summary": "원할머니보쌈(강남구청역점)은 서울 강남구 청담동에 위치한 보쌈 전문 한식당으로, 부드러운 보쌈 고기와 맛있는 김치가 조화를 이루어 무난하게 즐길 수 있는 맛집입니다. 1인분 보쌈 메뉴와 담백한 보쌈에 무김치 및 반찬이 함께 제공되는 원할머니정통도시락을 선보이며, 다양한 크기의 모둠보쌈 세트도 준비되어 있습니다. 메뉴 가격대는 18,000원부터 57,000원까지 다양하며, 모든 메뉴는 맵지 않고 고기류를 주재료로 사용합니다. 연중무휴로 아침부터 밤까지 영업하며, 강남구청역 4번 출구에서 도보 5분 거리에 위치해 접근성이 좋습니다. 공식 홈페이지(http://www.bossam.co.kr)도 운영 중이며, 고객들은 편리하게 방문할 수 있습니다. 청담동 분점으로서 원할머니보쌈의 브랜드 신뢰를 이어가고 있습니다.",
  "rag_text": "보쌈전문점인 원할머니보쌈의 청담동 분점으로, 부드러운 보쌈 고기와 맛 좋은 김치가 특징인 한식 전문점입니다. 담백한 보쌈과 무김치, 반찬이 조화를 이루며, 아침 식사도 가능한 연중무휴 한식당입니다.",
  "metadata": {
    "budget_range": "중",
    "spicy_available": "X",
    "vegetarian_options": "X",
    "main_ingredients_list": [
      "육류"
    ],
    "low_level_category": "보쌈",
    "suitable_for": [],
    "food_type_list": [
      "고기류"
    ],
    "temperature_list": [
      "상"
    ],
    "high_level_category": "한식"
  }
}