{
  "id": 20987,
  "store_name": "합",
  "llm_summary": "‘합’은 서울 강남구 신사동에 위치한 한식 디저트 전문점으로, 프랑스식 디저트를 배운 신용일 셰프가 전통 떡을 현대적으로 재해석해 선보입니다. 2011년 9월 27일에 개업했으며, 서울 2025 맛집 선정에 포함된 곳입니다. 이곳의 대표 메뉴는 약과, 주악, 증편, 호두얼음과자로 모두 3,000원에 제공되며, 전통 떡에 오븐 등 현대적 조리법을 접목해 독특한 식감과 풍미를 자랑합니다. 특히 증편, 개성식 주악, 약과 등 요즘 쉽게 접하기 힘든 전통 한과를 현대적으로 즐길 수 있어 인기가 높습니다. 매장은 스타 셰프가 직접 운영하며, 월~토요일 오전 9시 30분부터 오후 5시까지 영업하고, 일요일은 휴무입니다. 블루리본 서베이 2025년판에 수록된 곳으로, 전통과 창의성을 모두 갖춘 디저트로 평가받고 있습니다. 인스타그램(@haap2010)과 공식 홈페이지(haap.co.kr)도 운영 중입니다.",
  "rag_text": "프랑스식 디저트 경험을 바탕으로 신용일 셰프가 운영하는 한식 디저트 전문점으로, 전통 떡과 한과를 현대적으로 재해석한 곳입니다. 오븐 등 현대적 조리법을 활용해 전통과 현대가 조화된 디저트를 선보이며, 약과, 주악, 증편 등 전통 한과를 세련되고 창의적으로 제공합니다. 스타 셰프가 운영하는 감각적이고 트렌디한 분위기에서 한국 전통 디저트의 새로운 면모를 경험할 수 있습니다. 서울 2025 선정 등 트렌드와 전통을 동시에 중시하는 미식가에게 어울립니다.",
  "metadata": {
    "budget_range": "저",
    "spicy_available": "X",
    "vegetarian_options": "X",
    "main_ingredients_list": [
      "기타"
    ],
    "low_level_category": "한식디저트, 한과, 떡",
    "suitable_for": [
      "서울 2025 선정",
      "스타 셰프",
      "트렌디한",
      "전통적",
      "창의적",
      "미식가"
    ],
    "food_type_list": [
      "디저트류"
    ],
    "temperature_list": [
      "상",
      "냉"
    ],
    "high_level_category": "한식"
  }
}