{
  "id": 210,
  "store_name": "툇마루집된장예술",
  "llm_summary": "툇마루집된장예술은 서울 종로구 인사동에 위치한 된장비빔밥 전문 한식당입니다. 전라도에서 직접 담근 된장으로 만든 된장찌개와 간장게장 밥이 대표 메뉴이며, 전통적이고 토속적인 인테리어가 특징입니다. 메뉴는 된장비빔밥, 간장게장밥, 김치전, 부추전, 도토리묵, 녹두빈대떡, 함경도가자미식해, 암퇘지볶음 등 다양하게 구성되어 있습니다. 가격대는 9,000원에서 18,000원 사이이며, 매운 메뉴도 일부 포함되어 있습니다. 영업시간은 월요일부터 일요일까지 11:30부터 22:00까지 운영하며, 명절 연휴에는 휴무합니다. 1993년에 개업한 이래 인사동 덕원갤러리 뒷골목에서 전통 한식의 맛과 분위기를 제공합니다.",
  "rag_text": "된장비빔밥 전문 한식당으로, 전라도에서 직접 담근 된장으로 만든 된장찌개와 간장게장 밥을 맛볼 수 있습니다. 인사동에 위치해 토속적이고 전통적인 인테리어가 돋보이며, 한식 테마의 다채로운 메뉴를 제공합니다. 고전적이고 편안한 분위기에서 전통 한식을 즐기기에 적합한 장소입니다.",
  "metadata": {
    "budget_range": "중",
    "spicy_available": "O",
    "vegetarian_options": "X",
    "main_ingredients_list": [
      "기타",
      "패류",
      "어류",
      "육류"
    ],
    "low_level_category": "일반한식, 게장",
    "suitable_for": [
      "전통적",
      "토속적"
    ],
    "food_type_list": [
      "밥류",
      "기타",
      "해산물류",
      "고기류"
    ],
    "temperature_list": [
      "온",
      "상",
      "냉"
    ],
    "high_level_category": "한식"
  }
}