{
  "id": 21046,
  "store_name": "모힝",
  "llm_summary": "‘모힝’은 서울 관악구 봉천동에 위치한 이탈리안 비스트로로, 아늑한 분위기에서 파스타와 스테이크 등 다양한 이탈리안 요리를 즐길 수 있는 곳입니다. 2010년에 개업했으며, 블루리본 서베이 2025년판에 등재되었고, 레드리본 및 서울 2025 선정 맛집으로 꼽혔습니다. 대표 메뉴는 뜨거운 팬에 담겨 지글지글하게 제공되는 ‘게살크림치즈파스타’(16,000원)와 ‘스테이크코스(2인)’(74,000원)로, 슈림프오일파스타, 연어구이크림리조토, 비프찹스테이크, 그릴드채끝등심스테이크, 세트메뉴 등도 인기입니다. 모든 메뉴는 맵지 않으며, 주로 육류, 패류, 어류 등 다양한 재료를 사용합니다. 다양한 가격대의 세트 메뉴와 스테이크 코스(그릴 또는 팬프라잉 선택 가능)도 준비되어 있습니다. 영업시간은 월~일 11:00~22:00(브레이크타임 15:00~17:00, 마지막 주문 21:00)이고, 연중 무휴로 운영됩니다. 서울대입구역 2번 출구에서 도보 약 150m 거리로 접근성이 좋으며, 연인과의 데이트나 소개팅 등 특별한 자리에도 잘 어울리는 분위기를 자랑합니다. 공식 인스타그램(@bistro_mohing)도 운영 중입니다.",
  "rag_text": "아늑한 분위기에서 파스타와 스테이크 등 이탈리안 요리를 즐길 수 있는 레드리본 선정 레스토랑입니다. 다양한 가격대의 세트 메뉴와 코스 요리가 준비되어 있으며, 대표 메뉴인 게살크림치즈파스타는 뜨거운 팬에 담겨 지글지글하게 제공되어 인기가 높습니다. 전체적으로 양식 테마를 기반으로 하며, 연인과의 데이트나 소개팅 등 특별한 자리에 어울리는 감각적인 공간입니다.",
  "metadata": {
    "budget_range": "중",
    "spicy_available": "X",
    "vegetarian_options": "X",
    "main_ingredients_list": [
      "패류",
      "육류",
      "어류",
      "기타"
    ],
    "low_level_category": "이탈리아식",
    "suitable_for": [
      "레드리본",
      "서울 2025 선정",
      "데이트",
      "소개팅",
      "연인",
      "분위기 좋은",
      "특별한 자리"
    ],
    "food_type_list": [
      "면류",
      "고기류",
      "밥류",
      "기타"
    ],
    "temperature_list": [
      "온",
      "기타"
    ],
    "high_level_category": "양식"
  }
}