{
  "id": 21569,
  "store_name": "연스시",
  "llm_summary": "연스시는 서울 강남구 역삼동 테헤란로37길 15 지하1층에 위치한 스시 전문 일식당입니다. 이곳은 한국식 일식을 제공하며, 모든 횟감은 자연산을 사용하고 주문 즉석에서 썰어져 신선함을 자랑합니다. 두툼한 회는 씹을수록 단맛이 더해지며, 특제 보리 된장 소스에 찍어 먹으면 깔끔한 맛을 느낄 수 있습니다. 메뉴로는 사시미, 조리장특선사시미, 특사시미 등 다양한 생선회 요리부터 생대구매운탕, 도미머리조림 같은 국물류, 새우튀김 등의 온 요리도 제공됩니다. 점심정식, 주말정식, 특정식 등 다양한 정식 메뉴도 준비되어 있습니다. 맛집은 2호선 역삼역 8번 출구 인근에 위치하며, 비즈니스 다이닝에 적합한 프라이빗룸을 갖추고 있습니다. 영업시간은 월요일부터 일요일까지 11:30부터 22:30까지이며, 공휴일은 휴무입니다. 가격대는 10,000원부터 150,000원까지 다양하며, 매운 메뉴도 일부 포함되어 있습니다. 독자 리뷰는 아직 등록되지 않았습니다.",
  "rag_text": "한국식 일식을 제공하는 스시 전문점으로, 자연산 횟감을 즉석에서 썰어 신선하고 두툼한 회가 특징입니다. 특제 보리 된장 소스와 함께 깔끔한 맛을 즐길 수 있으며, 비즈니스 다이닝에 적합한 프라이빗룸이 있어 조용하고 사적인 모임에 좋습니다. 일식 테마의 다양한 해산물류, 국물류, 고기류, 기타 메뉴를 제공하는 고급 일식당입니다.",
  "metadata": {
    "budget_range": "고",
    "spicy_available": "O",
    "vegetarian_options": "X",
    "main_ingredients_list": [
      "어류",
      "기타",
      "패류"
    ],
    "low_level_category": "스시",
    "suitable_for": [
      "비즈니스 다이닝",
      "프라이빗룸",
      "조용한",
      "사적인 모임"
    ],
    "food_type_list": [
      "해산물류",
      "기타",
      "국물류",
      "고기류"
    ],
    "temperature_list": [
      "생",
      "기타",
      "상",
      "온"
    ],
    "high_level_category": "일식"
  }
}