{
  "id": 21601,
  "store_name": "갯돌",
  "llm_summary": "갯돌은 서울 송파구 삼전동에 위치한 장어 전문 식당으로, 흑산도 홍어와 국내산 붕장어를 주로 취급합니다. 대표 메뉴는 주방에서 직접 구워 나오는 고소하고 부드러운 장어구이(200g)이며, 그 외에도 낙지회와 삼합(중, 대) 메뉴를 제공합니다. 메뉴는 재료 수급 상황에 따라 변동될 수 있으며, 기본 반찬으로 불볼락찜, 매생이 굴국, 무생채 등이 제공됩니다. 가격대는 18,000원에서 80,000원 사이로 다양하며, 모든 메뉴는 맵지 않은 편입니다. 영업시간은 월~금요일 12:00~23:00, 주말 12:00~22:00이고, 비정기적 휴무가 있습니다. 9호선 삼전역 2번 출구 인근에 위치해 접근성이 좋습니다. 현재 블루리본 레드리본이나 서울 2025 선정에는 포함되어 있지 않으며, 리뷰는 등록되어 있지 않습니다. 전반적으로 전통적인 한식 장어구이 전문점으로, 신선한 해산물과 고기류를 온 메뉴로 제공합니다.",
  "rag_text": "흑산도 홍어와 국내산 붕장어를 취급하는 한식 장어 전문점으로, 장어구이가 대표 메뉴입니다. 주방에서 직접 구워 고소하고 부드러운 맛을 자랑하며, 기본 반찬으로 불볼락찜, 매생이 굴국, 무생채 등이 제공됩니다. 한식 테마의 고기류 중심 메뉴로, 조용하고 전통적인 분위기에서 신선한 해산물과 고기류를 즐길 수 있는 곳입니다.",
  "metadata": {
    "budget_range": "중",
    "spicy_available": "X",
    "vegetarian_options": "X",
    "main_ingredients_list": [
      "어류",
      "육류"
    ],
    "low_level_category": "장어",
    "suitable_for": [],
    "food_type_list": [
      "고기류",
      "해산물류"
    ],
    "temperature_list": [
      "온",
      "생"
    ],
    "high_level_category": "한식"
  }
}