{
  "id": 21768,
  "store_name": "대로집",
  "llm_summary": "대로집은 서울 은평구 불광동에 위치한 돼지고기구이 전문점으로, 돼지고기의 다양한 부위를 냉면 그릇에 담아 저렴하게 판매하는 부속구이집입니다. 부속 고기는 싱싱하며 잡내가 없고, 고기 양이 푸짐한 것이 특징입니다. 볶음 파가 별미로 제공되며, 매장 내부는 깔끔한 분위기입니다. 메뉴는 돼지부속구이, 생삼겹살, 목살, 항정살, 왕갈비, 소갈빗살, 차돌박이 등 다양한 고기류를 제공하며, 모두 온(따뜻한) 상태로 한식 테마에 맞춰 구성되어 있습니다. 가격대는 15,000원에서 19,000원 사이로 합리적이며, 매장은 6호선 불광역 8번 출구 바로 우측에 위치해 접근성이 좋고, 연중무휴로 오전 11시부터 다음날 자정까지 영업합니다. 새벽까지 영업하는 점과 켈리 더블 임팩트 맛집이라는 특징도 있습니다. 독자 리뷰는 아직 등록되어 있지 않습니다.",
  "rag_text": "돼지고기의 다양한 부위를 신선하고 잡내 없이 제공하는 부속구이 전문 한식당으로, 볶음 파가 별미이며 매장 내부가 깔끔합니다. 새벽까지 영업하는 켈리 더블 임팩트 맛집이며, 한식 테마의 고기류 중심 메뉴를 제공합니다.",
  "metadata": {
    "budget_range": "중",
    "spicy_available": "X",
    "vegetarian_options": "X",
    "main_ingredients_list": [
      "육류"
    ],
    "low_level_category": "돼지고기구이",
    "suitable_for": [
      "가성비",
      "깔끔한",
      "새벽영업"
    ],
    "food_type_list": [
      "고기류"
    ],
    "temperature_list": [
      "온"
    ],
    "high_level_category": "한식"
  }
}