{
  "id": 22017,
  "store_name": "복성각(서울역점)",
  "llm_summary": "복성각(서울역점)은 서울특별시 중구 통일로 10, 연세대학교 세브란스빌딩 지하 1층에 위치한 일반중식 전문점입니다. 이곳은 특색 있는 중화요리를 제공하며, 납작한 면을 사용한 납작고추짜장이 대표 메뉴로, 오직 이곳에서만 맛볼 수 있는 독특한 짜장면입니다. 또한 화차라는 향이 좋고 입을 깔끔하게 헹궈주는 음료가 중국음식과 잘 어울립니다. 매생이굴탕면과 고추잡채밥 등 다양한 메뉴가 준비되어 있으며, 식당은 복층 구조로 넓고 쾌적한 공간을 자랑합니다. 영업시간은 월요일부터 일요일까지 11:00부터 22:00까지이며, 14:30부터 17:00까지는 브레이크타임으로 운영됩니다. 공휴일에는 전체 휴무입니다. 메뉴 가격대는 3,000원에서 10,000원 사이이며, 매생이굴탕면은 패류를 주재료로 하는 한식 국물류, 납작고추짜장과 고추잡채밥은 매운맛이 있는 중식 메뉴입니다. 현재 독자 리뷰는 등록되어 있지 않습니다.",
  "rag_text": "복성각(서울역점)은 특색 있는 중화요리를 제공하는 중식당으로, 납작고추짜장이 대표 메뉴입니다. 화차 음료는 향이 좋고 입을 깔끔하게 해줘 중국음식과 잘 어울립니다. 복층 구조의 넓은 공간을 갖추고 있어 쾌적한 식사 환경을 제공합니다. 중식 테마를 중심으로 한 다양한 메뉴를 갖춘 편안하고 전통적인 분위기의 식당입니다.",
  "metadata": {
    "budget_range": "중",
    "spicy_available": "O",
    "vegetarian_options": "X",
    "main_ingredients_list": [
      "기타",
      "패류",
      "육류"
    ],
    "low_level_category": "일반중식",
    "suitable_for": [],
    "food_type_list": [
      "음료",
      "면류",
      "국물류",
      "밥류"
    ],
    "temperature_list": [
      "상",
      "온"
    ],
    "high_level_category": "중식"
  }
}