{
  "id": 22056,
  "store_name": "브로이하우스바네하임",
  "llm_summary": "브로이하우스바네하임은 서울 노원구 공릉동에 위치한 크래프트맥주 전문 바입니다. 2004년에 개업하였으며, 매장에서 직접 제조하는 하우스 맥주가 대표 메뉴입니다. 대표적인 하우스 맥주로는 쌉싸름한 맛의 바네스 맥주와 진한 맛의 흑맥주인 둔켈이 있습니다. 이 외에도 하우스칵테일과 하우스맥주세트가 인기 메뉴로, 세트는 2,000cc 하우스 맥주와 수제 소시지, 샐러드로 구성되어 있습니다. 메뉴 가격은 4,000원부터 62,000원까지 다양하며, 주로 음료류에 해당하는 메뉴들입니다. 영업시간은 월요일부터 토요일까지 오후 3시부터 다음날 새벽 1시까지이며, 일요일은 휴무입니다. 매장은 화랑대역 3번 출구 인근에 위치해 있어 접근성이 좋고, 술 한잔하기 좋은 분위기를 제공합니다. 현재 독자 리뷰는 없으나, 블루리본 Pick으로 소개되고 있습니다. 주재료는 기타로 분류되며, 맵지 않은 메뉴들로 구성되어 있습니다.",
  "rag_text": "수제 하우스 맥주를 맛볼 수 있는 크래프트맥주바로, 직접 제조한 바네스 맥주와 둔켈 흑맥주가 대표적입니다. 쌉싸름하고 진한 맛의 수제 맥주와 함께 수제 소시지, 샐러드를 포함한 세트 메뉴가 인기입니다. 술 한잔하기 좋은 편안한 분위기를 갖춘 곳으로, 다양한 하우스맥주와 칵테일을 즐길 수 있는 맥주 전문점입니다.",
  "metadata": {
    "budget_range": "중",
    "spicy_available": "X",
    "vegetarian_options": "X",
    "main_ingredients_list": [
      "기타"
    ],
    "low_level_category": "크래프트맥주바",
    "suitable_for": [
      "술 한잔하기 좋은"
    ],
    "food_type_list": [
      "음료"
    ],
    "temperature_list": [
      "상"
    ],
    "high_level_category": "기타"
  }
}