{
  "id": 22781,
  "store_name": "변산반도고향집",
  "llm_summary": "변산반도고향집은 서울 성동구 마장동에 위치한 소고기구이 전문점으로, 한우의 다양한 부위를 모둠 메뉴로 구성하여 여러 종류의 고기를 한꺼번에 즐길 수 있는 곳입니다. 신선한 한우를 비교적 저렴한 가격에 제공하며, 서비스로 간, 육회, 천엽이 함께 나옵니다. 마장동 먹자골목 입구에서 다소 떨어져 있어 주로 단골손님들이 방문하는 편안한 분위기의 식당입니다. 메뉴는 스페셜데이로얄(720g, 220,000원), 스페셜데이럭셔리(540g, 170,000원), 스페셜데이커플(400g, 130,000원) 등 다양한 한우 고기류와 고향집스페셜 2인~4인 세트가 준비되어 있습니다. 모든 메뉴는 한식 테마의 온(따뜻한) 고기류 중심이며, 맵지 않은 요리들로 구성되어 있습니다. 영업시간은 월~일 11:00~24:00이며, 명절 연휴에는 휴무입니다. 주차는 공영주차장을 이용할 수 있고, 인스타그램(@hanwoo__gohyangzip)을 통해 소식을 확인할 수 있습니다. 현재 등록된 리뷰는 없으나, 전통적인 한우 고기구이 전문점으로서 꾸준한 단골층을 확보하고 있습니다.",
  "rag_text": "한우의 다양한 부위를 모둠 메뉴로 구성하는 한식 소고기구이 전문점으로, 신선한 한우를 저렴한 가격에 제공하며 간, 육회, 천엽 등 서비스가 제공됩니다. 마장동 먹자골목 입구에서 다소 떨어져 있어 단골손님 위주의 편안하고 전통적인 분위기의 식당입니다. 한우 고기류 중심의 메뉴로 맵지 않은 요리를 선보이며, 가족 모임이나 단체 방문에 적합한 고향집스페셜 세트 메뉴도 있습니다.",
  "metadata": {
    "budget_range": "고",
    "spicy_available": "X",
    "vegetarian_options": "X",
    "main_ingredients_list": [
      "육류",
      "기타"
    ],
    "low_level_category": "소고기구이",
    "suitable_for": [
      "단골손님",
      "가족모임",
      "전통적",
      "편안한"
    ],
    "food_type_list": [
      "고기류",
      "기타"
    ],
    "temperature_list": [
      "온",
      "상"
    ],
    "high_level_category": "한식"
  }
}