{
  "id": 22980,
  "store_name": "장어구이",
  "llm_summary": "장어구이는 서울 성동구 한양시장 내에 위치한 김치찌개 전문 식당으로, 김치찌개에 잘게 다져진 고기, 버섯, 두부, 가래떡이 넉넉하게 들어가 있습니다. 김치찌개는 양푼보다 큰 그릇에 담겨 3~4명이 함께 먹을 수 있으며 밥도 포함되어 있어 학생들에게 인기가 많습니다. 대표 메뉴로는 김치찌개(소 8,000원, 대 15,000원)와 장어구이 1인분(15,000원)이 있습니다. 김치찌개는 매운 맛이 있으며, 장어구이는 매운 맛이 없습니다. 영업시간은 월요일부터 일요일까지 11:00부터 21:00까지 운영하며, 한 달에 두 번 비정기 휴무가 있습니다. 별도의 독자 리뷰는 등록되어 있지 않습니다. 가게는 한식 테마로 국물류와 해산물류 메뉴를 제공합니다. 가격대는 ₩8,000에서 ₩15,000 사이로 중간 수준입니다.",
  "rag_text": "김치찌개로 유명한 한양시장 내 한식 전문점으로, 잘게 다져진 고기와 버섯, 두부, 가래떡이 풍부하게 들어간 푸짐한 김치찌개를 제공합니다. 학생들이 많이 찾는 가성비 좋은 식당이며, 따뜻한 국물 요리와 장어구이 등 해산물 메뉴도 함께 즐길 수 있습니다. 편안하고 친근한 분위기의 현지 맛집입니다.",
  "metadata": {
    "budget_range": "중",
    "spicy_available": "O",
    "vegetarian_options": "O",
    "main_ingredients_list": [
      "기타",
      "어류"
    ],
    "low_level_category": "김치찌개",
    "suitable_for": [
      "가성비",
      "학생",
      "친근한"
    ],
    "food_type_list": [
      "국물류",
      "해산물류"
    ],
    "temperature_list": [
      "온"
    ],
    "high_level_category": "한식"
  }
}