{
  "id": 23104,
  "store_name": "옥타",
  "llm_summary": "옥타는 서울 마포구 연남동에 위치한 일본식 이자카야로, 일본의 선술집 분위기를 느낄 수 있는 곳입니다. 이곳은 안주 양이 적은 대신 가격이 저렴하여 부담 없이 가볍게 술 한잔하기 좋은 가게입니다. 메뉴는 하이볼, 매실주, 테즈쿠리교자, 아게다시나스, 야키소바, 가라아게 등으로 다양하며, 가격대는 7,000원에서 15,000원 사이입니다. 가게는 저녁 6시부터 새벽 2시까지 운영하며, 마지막 주문은 00:30에 받습니다. 홍대입구역 공항철도 3번 출구 대명아파트 뒤편에 위치해 접근성이 좋고, 혼자 혹은 소규모 모임에 적합한 분위기입니다. 독자 리뷰는 아직 등록되어 있지 않으나, 가성비 좋은 일본식 선술집으로 알려져 있습니다.",
  "rag_text": "일본의 선술집 분위기의 이자카야로, 안주 양은 적지만 가격이 저렴하여 가볍게 술 한잔하기 좋은 곳입니다. 일식 테마의 메뉴를 제공하며, 분위기는 저녁에만 영업하고 새벽까지 운영하는 편안하고 캐주얼한 술집입니다.",
  "metadata": {
    "budget_range": "중",
    "spicy_available": "X",
    "vegetarian_options": "X",
    "main_ingredients_list": [
      "기타",
      "조류"
    ],
    "low_level_category": "이자카야",
    "suitable_for": [
      "가성비",
      "술 한잔하기 좋은",
      "저녁에만 영업",
      "새벽까지 영업"
    ],
    "food_type_list": [
      "음료",
      "기타",
      "면류",
      "고기류"
    ],
    "temperature_list": [
      "기타",
      "온"
    ],
    "high_level_category": "일식"
  }
}