{
  "id": 23352,
  "store_name": "성수아구찜",
  "llm_summary": "성수아구찜은 서울 성동구 성수동1가에 위치한 아귀탕이 유명한 해산물 전문 한식당입니다. 아귀탕은 양이 푸짐하며, 아귀살과 아귀내장이 쫄깃한 식감을 자랑합니다. 국물에는 미더덕과 미나리가 들어가 시원하고 칼칼한 맛으로 해장에도 적합합니다. 메뉴로는 맵기가 있는 홍어탕이 제공되며, 가격대는 45,000원에서 65,000원 사이입니다. 영업시간은 매일 11:00부터 21:30까지이며, 15:00부터 17:00까지 브레이크 타임이 있습니다. 위치는 뚝섬역 7번 출구 인근 골목으로 접근이 용이합니다. 현재 레드리본이나 서울 2025 선정에는 포함되어 있지 않으며, 별도의 라벨은 없습니다. 독자 리뷰는 아직 등록되지 않았으나, 전반적으로 전통적이고 칼칼한 해산물 국물 요리를 즐길 수 있는 곳입니다.",
  "rag_text": "아귀탕이 유명한 해산물 전문 한식당으로, 아귀살과 아귀내장이 쫄깃하며 미더덕과 미나리가 들어가 시원하고 칼칼한 국물이 특징입니다. 전통적인 한식 국물 요리를 제공하며, 해장용으로도 적합한 맛집입니다.",
  "metadata": {
    "budget_range": "고",
    "spicy_available": "O",
    "vegetarian_options": "X",
    "main_ingredients_list": [
      "어류"
    ],
    "low_level_category": "아귀",
    "suitable_for": [],
    "food_type_list": [
      "국물류"
    ],
    "temperature_list": [
      "온"
    ],
    "high_level_category": "한식"
  }
}