{
  "id": 23446,
  "store_name": "취향원",
  "llm_summary": "취향원은 서울 영등포구 당산동3가에 위치한 양꼬치 전문점으로, 깔끔한 인테리어가 돋보입니다. 이곳은 질 좋은 양고기를 사용하며, 은은한 참숯 향이 배어 있어 깊은 맛을 자랑합니다. 양고기는 향신료 가루인 쯔란에 찍어 먹거나 가루를 뿌려 함께 구워 먹으면 더욱 풍부한 맛을 느낄 수 있습니다. 주요 메뉴로는 매운맛이 가미된 양꼬치(160g), 양갈빗살(160g), 매운양갈비(300g)가 있으며, 가격대는 10,000원부터 14,000원 사이로 합리적입니다. 매운 메뉴도 있어 매운 맛을 선호하는 고객도 만족할 수 있습니다. 영업시간은 매일 오후 4시부터 다음날 새벽 4시까지이며, 영등포구청역 4번 출구에서 영등포 구민회관 방향으로 직진 후 참치월드에서 좌회전하면 쉽게 찾을 수 있습니다. 비정기적으로 휴무가 있으니 방문 전 확인이 필요합니다. 아직 독자 리뷰는 등록되어 있지 않지만, 블루리본 Pick에 선정된 만큼 신뢰할 만한 맛집입니다.",
  "rag_text": "깔끔한 인테리어가 돋보이는 양꼬치 전문점으로, 질 좋은 양고기와 참숯 향이 조화를 이루어 깊은 맛을 제공합니다. 향신료 쯔란을 활용한 전통적인 양고기 요리 스타일이 특징이며, 매운 메뉴도 포함되어 있어 다양한 입맛을 만족시킵니다. 편안하고 정갈한 분위기에서 양고기를 즐길 수 있는 곳입니다.",
  "metadata": {
    "budget_range": "저",
    "spicy_available": "O",
    "vegetarian_options": "X",
    "main_ingredients_list": [
      "육류"
    ],
    "low_level_category": "양꼬치",
    "suitable_for": [],
    "food_type_list": [
      "고기류"
    ],
    "temperature_list": [
      "온"
    ],
    "high_level_category": "기타"
  }
}