{
  "id": 23578,
  "store_name": "진미옥설렁탕",
  "llm_summary": "진미옥설렁탕은 서울 송파구 석촌동의 오래된 아파트 단지 상가 내에 위치한 설렁탕 전문점입니다. 다소 허름한 외관에도 불구하고, 24시간 가마솥에서 끓여내는 깔끔한 육수 맛과 부드러운 머리고기 덕분에 수준급 설렁탕 맛을 자랑합니다. 메뉴는 한 가지인 설렁탕으로, 가격은 7,000원으로 저렴한 편이며, 한식 국물류에 속합니다. 영업시간은 월요일부터 일요일까지 24시간 연중무휴로 운영되어 언제든 아침 식사도 가능합니다. 주변 교통은 송파역 4번 출구에서 도보로 접근 가능하며, 농협 앞에서 좌회전 후 우회전하여 진입하면 위치합니다. 현재 레드리본이나 서울 2025 선정 등 특별한 라벨은 없으나, 지역 주민들이 찾는 실속 있는 맛집입니다. 독자 리뷰는 아직 등록되지 않았습니다.",
  "rag_text": "오래된 아파트 단지 상가 내에 위치한 설렁탕 전문점으로, 다소 허름하지만 24시간 가마솥에서 끓여내는 육수 맛이 깔끔하며 머리고기가 부드러운 수준급 한식 국물류 음식점입니다. 연중무휴 24시간 영업하며 아침 식사 가능하고, 지역 주민과 방문객이 찾는 실속 있는 분위기의 한식당입니다.",
  "metadata": {
    "budget_range": "저",
    "spicy_available": "X",
    "vegetarian_options": "X",
    "main_ingredients_list": [
      "육류"
    ],
    "low_level_category": "설렁탕",
    "suitable_for": [],
    "food_type_list": [
      "국물류"
    ],
    "temperature_list": [
      "온"
    ],
    "high_level_category": "한식"
  }
}