{
  "id": 24383,
  "store_name": "부원냉면",
  "llm_summary": "부원냉면은 서울 성동구 금남 시장 내에 위치한 평양냉면 전문점으로, 넉넉한 양과 쫄깃하고 부드러운 냉면 면발이 특징입니다. 사골을 푹 고아 만든 육수를 사용하여 깊은 맛을 자랑하며, 새콤한 회무침이 고명으로 올라가는 회 냉면도 별미로 인기가 많습니다. 메뉴는 물냉면과 물냉면 곱빼기가 있으며, 가격대는 7,000원에서 8,000원 사이입니다. 연중무휴로 오전 10시부터 오후 10시까지 영업하며, 금남시장교차로에서 금호공원 방향으로 직진하면 쉽게 찾을 수 있습니다. 현재 독자 리뷰는 없으나, 맛과 분위기, 서비스 모두 보통 수준으로 평가되고 있습니다. 외관 이미지가 없으나, 전통적인 평양냉면 맛을 경험할 수 있는 가성비 좋은 한식 냉면집입니다.",
  "rag_text": "금남 시장 내 위치한 평양냉면 전문점으로, 쫄깃하고 부드러운 면발과 사골 육수를 기반으로 한 전통적인 한식 냉면을 제공합니다. 새콤한 회무침 고명이 특징이며, 한식 면류 중심의 메뉴로 구성되어 있습니다. 연중무휴 운영하며 전통성과 가성비를 중시하는 고객에게 적합한 분위기입니다.",
  "metadata": {
    "budget_range": "저",
    "spicy_available": "X",
    "vegetarian_options": "X",
    "main_ingredients_list": [
      "기타"
    ],
    "low_level_category": "평양냉면",
    "suitable_for": [],
    "food_type_list": [
      "면류"
    ],
    "temperature_list": [
      "냉"
    ],
    "high_level_category": "한식"
  }
}