{
  "id": 24842,
  "store_name": "신사소곱창(건대점)",
  "llm_summary": "신사소곱창(건대점)은 서울 광진구 화양동에 위치한 돼지막창 전문점으로, 고소한 소 곱창을 맛볼 수 있는 곳입니다. 곱창, 대창, 막창이 푸짐하게 나오는 곱창 모둠이 특히 인기가 많으며, 새콤하게 무쳐낸 부추 무침과 함께 즐기기에 좋습니다. 기본 메뉴로는 김치찌개에 라면 사리와 곱창이 넉넉하게 들어간 전골이 제공되며, 마지막에 볶아먹는 볶음밥도 맛있다는 평가를 받고 있습니다. 메뉴는 볶음밥, 염통, 간천엽, 소곱창, 소대창, 소막창, 곱창모둠 등으로 구성되어 있으며, 가격대는 3,000원에서 15,000원 사이입니다. 영업시간은 매일 오후 4시부터 다음날 새벽 3시까지이며, 연중 무휴로 운영됩니다. 건대입구역 1번 출구 앞 골목으로 직진하면 쉽게 찾을 수 있습니다. 새벽까지 영업하는 점과 저녁에만 운영하는 특성이 있어 늦은 시간에도 방문이 가능합니다. 현재 레드리본이나 서울 2025 선정에는 포함되어 있지 않으며, 리뷰는 아직 등록되어 있지 않습니다.",
  "rag_text": "고소한 소 곱창 전문점으로, 곱창, 대창, 막창이 푸짐하게 나오는 곱창 모둠이 인기이며 새콤한 부추 무침과 함께 즐길 수 있습니다. 김치찌개에 라면 사리와 곱창이 들어간 전골이 기본 메뉴로 제공되며, 마지막에 볶음밥을 볶아 먹는 것이 특징입니다. 한식 테마의 돼지막창 전문점으로, 새벽까지 영업하며 연중 무휴입니다. 분위기는 저녁에만 운영되고, 건대입구역 인근에 위치해 편리합니다.",
  "metadata": {
    "budget_range": "중",
    "spicy_available": "X",
    "vegetarian_options": "X",
    "main_ingredients_list": [
      "기타",
      "육류"
    ],
    "low_level_category": "돼지막창",
    "suitable_for": [
      "저녁",
      "새벽영업",
      "연중무휴"
    ],
    "food_type_list": [
      "밥류",
      "고기류"
    ],
    "temperature_list": [
      "온",
      "생"
    ],
    "high_level_category": "한식"
  }
}