{
  "id": 24911,
  "store_name": "북배산흑염소",
  "llm_summary": "북배산흑염소는 서울 동대문구 장안동 JB타워 1층에 위치한 염소고기 전문 한식당입니다. 이곳은 가평 북배산 흑염소 농장에서 직송한 신선한 흑염소 고기를 사용하며, 흑염소 사골을 48시간 이상 가마솥에 끓여 만든 육수를 모든 요리에 활용합니다. 대표 메뉴인 흑염소탕은 한약재를 엄선하여 조리하며, 고기 누린내 없이 쫄깃한 식감이 특징입니다. 메뉴는 흑염소탕과 흑염소수육으로 구성되어 있으며, 모두 온 메뉴이고 맵지 않습니다. 연중무휴로 오전 11시부터 오후 11시까지 운영합니다. 블루리본 Pick에 선정된 곳은 아니지만, 전통적인 한방 재료와 정성으로 만든 흑염소 요리를 맛볼 수 있는 전문점입니다.",
  "rag_text": "엄선된 한약재를 넣고 조리한 전통 한식 흑염소탕 전문점으로, 고기 누린내가 없고 쫄깃한 식감이 특징입니다. 48시간 이상 가마솥에 끓인 흑염소 사골 육수를 모든 요리에 사용하며, 신선한 가평 북배산 흑염소 고기를 직송하여 요리합니다. 전통 한방 재료를 활용한 건강식 컨셉의 한식당입니다.",
  "metadata": {
    "budget_range": "중",
    "spicy_available": "X",
    "vegetarian_options": "X",
    "main_ingredients_list": [
      "육류"
    ],
    "low_level_category": "염소고기",
    "suitable_for": [],
    "food_type_list": [
      "국물류",
      "고기류"
    ],
    "temperature_list": [
      "온"
    ],
    "high_level_category": "한식"
  }
}