{
  "id": 25228,
  "store_name": "고향주물럭",
  "llm_summary": "고향주물럭은 서울 관악구 봉천동에 위치한 오리주물럭 전문 한식당입니다. 이곳은 매콤한 맛의 주물럭을 주력으로 하며, 특히 질 좋은 오리 고기를 사용한 오리 주물럭이 대표 메뉴입니다. 돼지주물럭과 오리주물럭을 반반씩 맛볼 수 있는 모둠주물럭도 인기 메뉴로 추천됩니다. 메뉴는 돼지주물럭(650g), 모둠주물럭, 오리주물럭, 생오리로스로 구성되어 있으며, 대부분 매콤한 맛을 지니고 있습니다. 영업시간은 매일 오전 10시부터 오후 10시까지이며, 명절 연휴에는 휴무입니다. 낙성대역 1번 출구 인근에 위치해 접근성이 좋고, 남은 양념에 밥을 볶아 먹는 방법도 추천됩니다. 현재까지 독자 리뷰는 등록되어 있지 않으나, 매콤한 주물럭을 좋아하는 한식 고기류 전문점을 찾는 이들에게 적합한 곳입니다.",
  "rag_text": "매콤한 맛의 주물럭을 전문으로 하는 한식 고기류 전문점으로, 질 좋은 오리 고기를 사용한 오리 주물럭이 대표 메뉴입니다. 오리주물럭과 돼지주물럭을 반반씩 맛볼 수 있는 모둠주물럭도 인기입니다. 전통적인 한식 스타일의 매콤한 주물럭 요리를 제공하며, 편안하고 친근한 분위기에서 즐길 수 있습니다.",
  "metadata": {
    "budget_range": "중",
    "spicy_available": "O",
    "vegetarian_options": "X",
    "main_ingredients_list": [
      "육류",
      "조류"
    ],
    "low_level_category": "오리주물럭",
    "suitable_for": [],
    "food_type_list": [
      "고기류"
    ],
    "temperature_list": [
      "온",
      "생"
    ],
    "high_level_category": "한식"
  }
}