{
  "id": 25286,
  "store_name": "호호닭발",
  "llm_summary": "호호닭발은 서울 광진구 화양동에 위치한 닭발 전문점으로, 매콤하고 쫄깃한 닭발 요리를 제공합니다. 닭발에 불 향이 배어 있으며 닭 특유의 냄새가 나지 않는 것이 특징입니다. 특히 뼈있는 닭발이 무뼈닭발보다 더 매운 편입니다. 메뉴는 오돌뼈, 뼈있는닭발, 뼈없는닭발, 국물닭발 등이 있으며, 가격대는 15,000원에서 21,000원 사이입니다. 모든 메뉴는 따뜻하게 제공되며, 주재료는 주로 조류와 육류입니다. 매운맛 옵션은 별도로 표기되어 있지 않으나, 뼈있는 닭발이 상대적으로 더 매운 편으로 알려져 있습니다. 가게는 건대입구역 인근에 위치해 있으며, 매일 오후 3시부터 다음날 새벽 3시까지 연중무휴로 운영됩니다. 리뷰는 아직 등록되어 있지 않으나, 새벽까지 영업하는 점과 닭발의 불향과 쫄깃한 식감이 특징입니다. 레드리본이나 서울 2025 선정에는 포함되어 있지 않습니다.",
  "rag_text": "닭발로 유명한 한식 전문점으로, 매콤하고 쫄깃한 닭발 요리를 제공합니다. 닭발에 불 향이 배어 있으며 닭 특유의 냄새가 나지 않아 쾌적한 맛을 자랑합니다. 뼈있는 닭발은 무뼈닭발보다 매운 편입니다. 따뜻한 한식 메뉴를 중심으로 한 닭발 전문점이며, 새벽까지 영업하는 활기찬 분위기의 매장입니다.",
  "metadata": {
    "budget_range": "중",
    "spicy_available": "X",
    "vegetarian_options": "X",
    "main_ingredients_list": [
      "육류",
      "조류"
    ],
    "low_level_category": "닭발",
    "suitable_for": [],
    "food_type_list": [
      "기타",
      "고기류",
      "국물류"
    ],
    "temperature_list": [
      "온"
    ],
    "high_level_category": "한식"
  }
}