{
  "id": 25300,
  "store_name": "독수리다방",
  "llm_summary": "독수리다방은 1971년 음악다방으로 처음 문을 열었으며, 신촌 지역의 명물 카페로 자리매김했습니다. 2013년 1월에 재오픈하여 클래식하고 깔끔한 인테리어를 유지하고 있으며, 좌석 배치와 책꽂이에 꽂힌 수많은 책들이 대학교 도서관을 연상시킵니다. 배창호 감독의 영화 '러브레터'와 이문열 소설가의 '추락하는 것은 날개가 있다'의 배경이 된 장소로, 여러 문인들의 단골집이기도 합니다. 서울특별시 서대문구 연세로 36 독수리빌딩 8층에 위치해 있으며, 신촌역 8번 출구에서 약 300m 직진하면 도착할 수 있습니다. 월~토요일은 오전 10시부터 다음날 자정까지, 일요일은 오전 11시부터 다음날 자정까지 영업하며, 명절 연휴에는 휴무합니다. 대표 메뉴로는 블랙커피(핫/아이스), 카페모카(핫/아이스), 쉐이크, 생포도주스, 멜론빙수가 있으며, 가격대는 5,000원에서 16,000원 사이입니다. 메뉴는 주로 음료와 디저트류로 구성되어 있습니다. 맵지 않은 메뉴들로 구성되어 있으며, 독수리다방은 역사와 문화를 함께 즐길 수 있는 클래식한 분위기의 카페입니다.",
  "rag_text": "독수리다방은 1971년 음악다방으로 오픈하여 신촌의 명물 카페로 자리잡았으며, 2013년 재오픈 후 클래식하고 깔끔한 인테리어와 도서관을 연상시키는 좌석 배치가 특징입니다. 여러 문인들의 단골집이자 영화와 소설의 배경이 된 문화적 정체성을 가진 카페로, 기타 테마의 음료와 디저트를 제공합니다. 고전적인 분위기와 조용한 환경에서 커피와 쉐이크, 생포도주스, 멜론빙수 등을 즐길 수 있습니다.",
  "metadata": {
    "budget_range": "중",
    "spicy_available": "X",
    "vegetarian_options": "X",
    "main_ingredients_list": [
      "기타"
    ],
    "low_level_category": "카페",
    "suitable_for": [
      "클래식한",
      "조용한",
      "문화적",
      "역사적"
    ],
    "food_type_list": [
      "음료",
      "디저트류"
    ],
    "temperature_list": [
      "온",
      "냉",
      "기타"
    ],
    "high_level_category": "기타"
  }
}