{
  "id": 25678,
  "store_name": "동대문양육관점",
  "llm_summary": "동대문양육관점은 서울 종로구 창신동에 위치한 양꼬치 전문 중식당입니다. 다양한 중식 메뉴를 제공하며, 동파육과 탕수육 같은 익숙한 음식부터 접하기 어려운 메뉴까지 폭넓게 준비되어 있습니다. 가장 인기 있는 메뉴는 잡냄새가 없는 양꼬치로, 누구나 부담 없이 즐길 수 있습니다. 메뉴는 양꼬치(₩11,000), 탕수육(₩15,000), 미니족발찜(₩15,000), 동파육(₩20,000)으로 구성되어 있으며, 모두 온(따뜻한) 음식이고 맵지 않습니다. 가게는 월요일부터 일요일까지 오전 11시부터 다음날 새벽 2시 30분까지 운영합니다. 동대문역 4번 출구 근처에 위치해 접근성이 좋으며, 리뷰는 아직 등록되지 않았습니다. 레스토랑은 블루리본 선정이나 서울 2025 선정에는 포함되어 있지 않습니다. 가격대는 중간 수준이며, 고기류 메뉴 위주로 구성되어 있습니다. 아늑하고 편안한 분위기에서 전통적인 중식과 한식 메뉴를 맛볼 수 있는 곳입니다.",
  "rag_text": "다양한 종류의 중식을 맛볼 수 있는 양꼬치 전문점으로, 동파육, 탕수육 등 흔히 접할 수 있는 음식부터 접하기 어려운 음식까지 다양하게 준비되어 있습니다. 잡냄새 없이 누구나 무난히 즐길 수 있는 양꼬치가 인기 메뉴입니다. 편안한 분위기에서 전통적인 중식과 한식 메뉴를 제공하는 곳입니다.",
  "metadata": {
    "budget_range": "중",
    "spicy_available": "X",
    "vegetarian_options": "X",
    "main_ingredients_list": [
      "육류"
    ],
    "low_level_category": "양꼬치",
    "suitable_for": [],
    "food_type_list": [
      "고기류"
    ],
    "temperature_list": [
      "온"
    ],
    "high_level_category": "중식"
  }
}