{
  "id": 25896,
  "store_name": "강남면옥(성수점)",
  "llm_summary": "강남면옥(성수점)은 서울 성동구 성수동에 위치한 한식 전문점으로, 특히 갈비탕과 갈비찜으로 유명합니다. 이곳의 갈비찜은 살이 풍부하게 붙어있어 부드러운 식감과 진한 국물 맛이 뛰어나며, 냉면 중에서는 매콤한 비빔냉면이 추천 메뉴입니다. 메뉴는 비빔냉면, 회냉면, 섞어냉면, 물냉면과 같은 다양한 냉면류와 온기가 느껴지는 갈비탕, 크기에 따라 소, 중, 대로 나누어진 갈비찜이 있으며 가격대는 8,000원부터 55,000원까지 다양합니다. 매장은 서울숲IT밸리 110,111호에 위치해 있으며, 월요일부터 일요일까지 오전 10시 45분부터 오후 10시까지 운영됩니다. 전반적으로 전통적인 한식 냉면과 갈비 요리를 경험할 수 있는 곳으로, 매운맛을 선호하는 고객을 위한 매콤한 냉면 메뉴도 갖추고 있습니다.",
  "rag_text": "한식 전문점으로 냉면과 갈비찜, 갈비탕이 대표 메뉴이며, 전통적인 맛과 부드러운 갈비찜의 진한 국물 맛이 특징입니다. 매콤한 비빔냉면이 추천되며, 전통성과 맛을 중시하는 분위기의 식당입니다.",
  "metadata": {
    "budget_range": "중",
    "spicy_available": "O",
    "vegetarian_options": "X",
    "main_ingredients_list": [
      "기타",
      "육류",
      "어류"
    ],
    "low_level_category": "소갈비찜, 비빔냉면",
    "suitable_for": [],
    "food_type_list": [
      "면류",
      "고기류",
      "국물류"
    ],
    "temperature_list": [
      "냉",
      "온",
      "생"
    ],
    "high_level_category": "한식"
  }
}