{
  "id": 26428,
  "store_name": "물랑",
  "llm_summary": "물랑은 서울 종로구 창성동에 위치한 윤예랑 셰프의 파인 다이닝 프랑스식 레스토랑입니다. 2013년 4월에 개업하였으며, 서울 2025 선정 맛집으로 알려져 있습니다. 이곳은 제철 식자재를 활용한 아홉 가지 코스 메뉴만을 예약제로 제공하며, 클래식한 프렌치 조리기법과 한국의 제철 재료를 결합한 독특한 이노베이티브 프렌치 요리를 선보입니다. 대표 메뉴로는 런치코스(130,000원)와 디너코스(230,000원)가 있으며, 장어 피티비에, 낙지 샐러드 등 유니크한 요리를 맛볼 수 있습니다. 매장은 페퍼밀로 꾸민 벽면 인테리어가 특징적이며, 결혼기념일, 비즈니스 다이닝, 연인과의 식사에 적합한 분위기를 갖추고 있습니다. 영업시간은 월요일과 목요일부터 일요일까지 12:00부터 22:00까지이며, 매주 화요일과 수요일은 휴무입니다. 경복궁역 3번 출구 인근에 위치해 접근성이 좋습니다.",
  "rag_text": "윤예랑 셰프의 파인 다이닝 프랑스식 레스토랑으로, 제철 식자재를 활용한 아홉 가지 코스 메뉴를 예약제로 제공합니다. 클래식한 프렌치 조리기법과 한국의 제철 재료를 접목한 이노베이티브 프렌치 요리가 특징이며, 페퍼밀로 꾸민 독특한 벽면 인테리어가 돋보입니다. 결혼기념일, 비즈니스 다이닝, 연인과의 식사에 적합한 고급스러운 분위기를 자랑합니다. 서울 2025 선정 맛집입니다.",
  "metadata": {
    "budget_range": "고",
    "spicy_available": "X",
    "vegetarian_options": "X",
    "main_ingredients_list": [],
    "low_level_category": "프랑스식",
    "suitable_for": [
      "결혼기념일",
      "비즈니스 다이닝",
      "연인과 같이 가면 좋은",
      "파인 다이닝",
      "서울 2025 선정"
    ],
    "food_type_list": [],
    "temperature_list": [],
    "high_level_category": "양식"
  }
}