{
  "id": 26594,
  "store_name": "원흥",
  "llm_summary": "원흥은 서울 중구 다동길 46 다동빌딩 1층에 위치한 짬뽕 전문 중식당으로, 송탄 영빈루에서 운영합니다. 잘게 채 썬 돼지고기를 사용해 깊은 맛을 내는 짬뽕이 대표 메뉴이며, 맑고 투명한 소스와 바삭한 튀김옷이 조화를 이루는 탕수육도 인기입니다. 좌석 수가 적어 항상 대기 줄이 있을 정도로 인기가 높습니다. 메뉴로는 고기튀김, 짬뽕, 탕수육, 짜장면, 볶음짜장(2인분), 짬뽕밥, 짬뽕국물 등이 있으며, 가격대는 7,000원에서 43,000원 사이입니다. 매장에서는 중식 테마의 온요리 위주로 제공하며, 매운 메뉴도 포함되어 있습니다. 2013년에 개업했으며, 월~금요일 11:00~20:00(브레이크타임 14:30~17:00), 토요일 11:00~15:00 운영, 일요일 휴무입니다. 레드리본 선정 및 서울 2025 맛집으로 인증받은 곳입니다. 종각역 5번 출구에서 을지로입구역 방향으로 직진 후 우회전하면 위치하며, 분위기는 코카-콜라 레드리본 맛집으로 평가됩니다.",
  "rag_text": "송탄 영빈루에서 운영하는 짬뽕 전문 중식당으로, 잘게 채 썬 돼지고기를 사용해 깊은 맛을 내며, 맑고 투명한 소스와 바삭한 튀김옷이 어우러진 탕수육이 유명합니다. 레드리본 선정 서울 2025 선정 맛집으로 중식 테마의 온요리 중심이며, 매운 짬뽕 메뉴도 포함되어 있습니다. 좌석이 적어 항상 대기 줄이 있을 정도로 인기 있으며, 코카-콜라 레드리본 맛집 분위기를 자랑합니다.",
  "metadata": {
    "budget_range": "중",
    "spicy_available": "O",
    "vegetarian_options": "X",
    "main_ingredients_list": [
      "기타",
      "육류"
    ],
    "low_level_category": "짬뽕전문점, 일반중식",
    "suitable_for": [
      "레드리본 선정",
      "서울 2025 선정",
      "코카-콜라 레드리본 맛집"
    ],
    "food_type_list": [
      "기타",
      "면류",
      "고기류",
      "밥류",
      "국물류"
    ],
    "temperature_list": [
      "온"
    ],
    "high_level_category": "중식"
  }
}