{
  "id": 26613,
  "store_name": "어리랑횟집",
  "llm_summary": "어리랑횟집은 서울 송파구 풍납동에 위치한 생선회 전문점으로, 20년 경력의 주인장이 직접 주방을 관리하여 신선한 활어회를 합리적인 가격에 제공하는 곳입니다. 활어모둠 메뉴는 당일 신선도가 가장 높은 3가지 활어회를 선별해 내놓으며, 광어회와 우럭회 등의 단품 메뉴도 다양하게 준비되어 있습니다. 메뉴 가격대는 35,000원에서 65,000원 사이로 중간 가격대에 속하며, 모든 메뉴는 생으로 제공됩니다. 가게는 연중무휴로 운영되며, 깔끔한 반찬과 함께 신선한 회를 즐길 수 있어 가족 모임이나 일반 회식에 적합합니다. 별도의 매운 메뉴는 없으며, 주재료는 모두 어류로 구성되어 있습니다. 위치는 강동구청역 5번 출구 근처로 접근성이 좋고, 발레파킹 서비스도 제공됩니다. 독자 리뷰는 아직 등록되지 않았으나, 블루리본 Pick에 선정되지 않은 상태입니다.",
  "rag_text": "합리적인 가격으로 신선한 활어회를 즐길 수 있는 일식 생선회 전문점으로, 20년 경력의 주인장이 직접 주방을 관리합니다. 깔끔한 음식과 신선도 높은 활어모둠이 특징이며, 가족 모임과 편안한 식사에 적합한 분위기입니다. 연중무휴로 운영되어 언제든 방문 가능하며, 전통적인 활어회 맛을 중시하는 곳입니다.",
  "metadata": {
    "budget_range": "중",
    "spicy_available": "X",
    "vegetarian_options": "X",
    "main_ingredients_list": [
      "어류"
    ],
    "low_level_category": "생선회",
    "suitable_for": [
      "가족모임",
      "편안한 식사",
      "가성비"
    ],
    "food_type_list": [
      "해산물류"
    ],
    "temperature_list": [
      "생"
    ],
    "high_level_category": "일식"
  }
}