{
  "id": 26652,
  "store_name": "쉐이드트리",
  "llm_summary": "쉐이드트리는 서울 용산구 이촌동에 위치한 고급스럽고 빈티지한 분위기의 이탈리안 레스토랑 겸 와인바입니다. 이곳은 다양한 스테이크와 파스타 메뉴를 중심으로 피자와 여러 코스 요리를 제공하며, 맛 또한 뛰어납니다. 특히 창밖으로 한강이 보이는 멋진 전망이 큰 장점으로 꼽힙니다. 매장은 월요일부터 일요일까지 오전 11시부터 다음날 새벽 1시까지 운영하며, 오후 3시부터 5시까지는 브레이크 타임입니다. 마지막 주문은 밤 10시에 받습니다. 메뉴 가격대는 25,000원에서 60,000원 사이이며, 피자, 파스타, 스테이크, 코스 요리가 준비되어 있습니다. 또한 매장에서 직접 로스팅하는 신선한 커피도 제공됩니다. 이탈리안 요리와 와인을 즐기며 한강 전망을 감상할 수 있는 분위기 좋은 장소로, 술 한잔하기에도 적합합니다. 이촌역 4번 출구 인근에 위치해 접근성이 좋으며, 발레파킹 서비스도 이용 가능합니다. 2011년 11월에 개업하여 꾸준히 사랑받고 있습니다.",
  "rag_text": "고급스럽고 빈티지한 분위기의 이탈리안 레스토랑 겸 와인바로, 스테이크와 파스타가 다양하고 맛이 뛰어납니다. 창밖으로 한강 전망이 보이며, 술 한잔하기 좋은 분위기입니다. 양식 테마의 피자, 파스타, 스테이크, 코스 요리를 제공하며, 편안하고 세련된 공간에서 와인과 함께 즐길 수 있습니다.",
  "metadata": {
    "budget_range": "중",
    "spicy_available": "X",
    "vegetarian_options": "X",
    "main_ingredients_list": [
      "기타",
      "육류"
    ],
    "low_level_category": "이탈리아식, 와인바",
    "suitable_for": [
      "술 한잔하기 좋은",
      "전망이 좋은",
      "고급스러운",
      "빈티지한"
    ],
    "food_type_list": [
      "기타",
      "면류",
      "고기류"
    ],
    "temperature_list": [
      "온",
      "상"
    ],
    "high_level_category": "양식"
  }
}