{
  "id": 26701,
  "store_name": "오늘통닭(수유본점)",
  "llm_summary": "오늘통닭(수유본점)은 1977년에 오픈한 삼성통닭이 이름을 바꾼 전통 있는 프라이드치킨 전문점입니다. 이곳은 마늘 숙성 레시피를 사용하여 닭을 통째로 두 번 튀기는 옛날 방식으로 조리하는 것이 특징이며, 옛날 통닭뿐만 아니라 마늘통닭, 콘치즈 폭탄, 파닭, 카레소울치킨, 칠리크랩인더치킨 등 다양한 메뉴를 제공합니다. 모든 메뉴는 한식 테마로 온기가 있는 고기류와 기타, 해산물류 메뉴를 포함하고 있습니다. 특히 카레소울치킨은 매운맛 옵션이 있는 메뉴입니다. 서울 강북구 도봉로 384에 위치해 있으며, 수유역 1번 출구에서 약 380m 거리에 있습니다. 매장 앞에 1~2대 주차가 가능하며, 월~목요일과 일요일은 오전 10시부터 다음날 새벽 1시까지, 금~토요일은 오전 10시부터 다음날 새벽 2시까지 영업합니다. 연중 무휴로 운영되며, 블루리본 서베이 2025년판에 선정된 레드리본 맛집으로 인정받아 전통성과 맛의 신뢰를 더합니다. 공식 홈페이지는 https://www.ohnulopen.com 입니다.",
  "rag_text": "오늘통닭(수유본점)은 1977년부터 이어온 전통의 마늘 숙성 레시피로 조리하는 프라이드치킨 전문 한식당입니다. 레드리본 선정과 서울 2025 선정으로 인증된 맛집이며, 옛날 방식으로 닭을 통째로 두 번 튀겨내는 독특한 조리법이 특징입니다. 한식 테마의 다양한 고기류와 해산물류 메뉴를 제공하며, 편안하고 전통적인 분위기에서 즐길 수 있는 곳입니다.",
  "metadata": {
    "budget_range": "중",
    "spicy_available": "O",
    "vegetarian_options": "X",
    "main_ingredients_list": [
      "조류",
      "기타",
      "패류"
    ],
    "low_level_category": "프라이드치킨, 통닭",
    "suitable_for": [
      "전통적",
      "레드리본 선정",
      "서울 2025 선정",
      "가족모임",
      "친구모임",
      "편안한"
    ],
    "food_type_list": [
      "고기류",
      "기타",
      "해산물류"
    ],
    "temperature_list": [
      "온"
    ],
    "high_level_category": "한식"
  }
}