{
  "id": 26717,
  "store_name": "부산집",
  "llm_summary": "부산집은 서울 마포구 동교동 경의선 책거리에 위치한 핫한 오뎅바이자 한식주점입니다. 이곳은 쫄깃한 오뎅과 따끈한 국물이 각종 술과 잘 어울리며, 소고기 다타키와 숙성 연어 사시미 같은 일식 메뉴도 함께 제공합니다. 오뎅을 개별 주문할 수 있어 취향에 맞게 즐길 수 있으며, 오뎅 국물에 푹 익혀 먹는 물떡도 추천 메뉴입니다. 주요 메뉴로는 어묵 2인 세트, 소고기 다타키, 숙성 연어 사시미, 꼬불이, 부산어묵 등이 있으며, 가격대는 17,000원에서 29,000원 사이입니다. 영업시간은 월~목요일과 일요일은 오전 11시부터 다음날 1시까지, 금~토요일은 오전 11시부터 다음날 3시까지 운영합니다. 홍대입구역 6번 출구에서 서강대역 방향으로 직진하면 쉽게 찾을 수 있으며, 술 한잔하기 좋은 분위기를 자랑합니다. 공식 인스타그램 계정도 운영 중입니다.",
  "rag_text": "경의선 책거리에서 인기 있는 오뎅바로, 쫄깃한 오뎅과 따끈한 국물이 어우러져 다양한 술과 잘 어울립니다. 소고기 다타키와 연어 사시미 같은 신선한 일식 메뉴도 제공하며, 오뎅 국물에 익힌 물떡이 특징입니다. 한식과 일식 테마가 결합된 편안하고 술 한잔하기 좋은 분위기의 장소입니다.",
  "metadata": {
    "budget_range": "중",
    "spicy_available": "X",
    "vegetarian_options": "X",
    "main_ingredients_list": [
      "어류",
      "육류"
    ],
    "low_level_category": "오뎅바, 한식주점",
    "suitable_for": [
      "술 한잔하기 좋은"
    ],
    "food_type_list": [
      "해산물류",
      "고기류"
    ],
    "temperature_list": [
      "온",
      "생"
    ],
    "high_level_category": "한식"
  }
}