{
  "id": 27147,
  "store_name": "강수곱창",
  "llm_summary": "강수곱창은 서울 마포구 홍대앞에 위치한 소곱창 전문점으로, 20여 년간 꾸준히 사랑받아온 맛집입니다. 최근 현재 위치로 이전해 영업 중이며, 대표 메뉴인 모둠곱창(450g)은 곱창, 막창, 대창 등 다양한 부위를 한 번에 즐길 수 있어 인기가 높습니다. 이외에도 양곱창구이, 막창구이, 알곱창구이 등 다양한 곱창 구이 메뉴를 제공합니다. 곱창 주문 시 함께 제공되는 김치콩나물국은 별미로 꼽히며, 천엽과 생간 등도 서비스로 제공되어 고객 만족도를 높이고 있습니다. 메뉴는 모두 한식 테마의 온(따뜻한) 고기류로 구성되어 있으며, 맵지 않은 맛을 선호하는 고객에게 적합합니다. 영업시간은 매일 오후 3시부터 자정까지로, 홍대 인근에서 소곱창을 즐기고자 하는 이들에게 추천되는 장소입니다.",
  "rag_text": "홍대앞에서 20여 년간 자리한 소곱창 전문점으로, 전통적인 한식 곱창 요리를 중심으로 다양한 부위를 즐길 수 있는 곳입니다. 온기로 제공되는 고기류 메뉴가 주를 이루며, 곱창과 막창, 대창 등 다양한 부위를 모둠으로 맛볼 수 있습니다. 김치콩나물국과 천엽, 생간 등 서비스 메뉴가 함께 제공되어 전통적인 맛과 서비스를 경험할 수 있습니다. 조용하고 편안한 분위기에서 소곱창을 즐길 수 있는 한식 전문점입니다.",
  "metadata": {
    "budget_range": "중",
    "spicy_available": "X",
    "vegetarian_options": "X",
    "main_ingredients_list": [
      "육류"
    ],
    "low_level_category": "소곱창",
    "suitable_for": [
      "전통적",
      "한식",
      "편안한",
      "곱창전문"
    ],
    "food_type_list": [
      "고기류"
    ],
    "temperature_list": [
      "온"
    ],
    "high_level_category": "한식"
  }
}