{
  "id": 27487,
  "store_name": "카페모노블록",
  "llm_summary": "카페모노블록은 서울 마포구 서교동 오즈빌딩 102호에 위치한 넓은 공간의 카페로, 편안하게 시간을 보내기 좋은 분위기를 자랑합니다. 이곳은 커피와 차 등 다양한 음료뿐만 아니라 샌드위치와 베이컨에그팬케이크 같은 디저트류를 제공합니다. 팬케이크는 촉촉하고 부드러운 식감이 특징이며, 개수에 따라 주문이 가능합니다. 메뉴 가격대는 4,500원부터 15,000원 사이로 합리적인 편이며, 영업시간은 매일 11:00부터 23:00까지 운영됩니다. 홍대 정문 앞 스타벅스 옆 골목에 위치해 접근성이 좋으며, 인스타그램(@monobloc_cafe)을 통해 추가 정보를 확인할 수 있습니다. 현재 독자 리뷰는 없으나, 쾌적한 공간과 다양한 메뉴 구성으로 편안한 카페 경험을 제공합니다.",
  "rag_text": "넓은 공간의 카페로 편히 시간을 보내기 좋은 분위기이며, 커피와 음료 외에도 다양한 종류의 샌드위치와 촉촉하고 부드러운 팬케이크를 즐길 수 있는 카페. 테마는 기타이며, 편안하고 여유로운 분위기로 휴식과 가벼운 식사가 가능한 공간이다.",
  "metadata": {
    "budget_range": "중",
    "spicy_available": "X",
    "vegetarian_options": "X",
    "main_ingredients_list": [
      "기타"
    ],
    "low_level_category": "카페, 팬케이크",
    "suitable_for": [],
    "food_type_list": [
      "음료",
      "디저트류"
    ],
    "temperature_list": [
      "기타",
      "상"
    ],
    "high_level_category": "기타"
  }
}