{
  "id": 27556,
  "store_name": "볼트스테이크하우스",
  "llm_summary": "볼트스테이크하우스는 서울 강남구 청담동에 위치한 프리미엄 스테이크하우스입니다. 2014년 8월에 개업했으며, 서울 2025 블루리본 서베이 선정 맛집으로 1개의 리본을 획득했습니다. 이곳에서는 최상급 USDA 프라임 미트를 공수해 드라이에이징을 거친 스테이크를 맛볼 수 있으며, 대표 메뉴로는 포터하우스, 티본스테이크, 엘본스테이크, 립아이스테이크(모두 100g 단위, 30,000~32,000원)가 있습니다. 모든 스테이크는 육류를 주재료로 한 온 메뉴이며, 맵지 않은 것이 특징입니다. 지하 1층에는 다양한 종류의 술을 갖춘 바가 있어 스테이크와 위스키, 브랜디 등 하드 리큐어를 곁들일 수 있습니다. 분위기는 결혼기념일이나 연인과의 방문, 술 한잔하기, 와인 리스트가 좋은 곳으로 평가받고 있습니다. 발레파킹이 가능하며, 영업시간은 매일 12:00~22:00(브레이크타임 15:00~17:00, 마지막 주문 20:30)입니다. 명절 당일은 휴무입니다. 위치는 압구정로데오역에서 청담사거리 방향으로 직진 후 질샌더에서 우회전, 직진하면 우측에 있습니다. 공식 홈페이지는 http://www.vaultsteakhouse.co.kr/ 입니다.",
  "rag_text": "최상급 USDA 프라임미트를 드라이에이징하여 제공하는 스테이크 전문 바&레스토랑으로, 서울 2025 선정 맛집입니다. 양식 테마의 고급 스테이크와 다양한 하드 리큐어, 와인을 함께 즐길 수 있는 분위기입니다. 결혼기념일, 연인과의 데이트, 술 한잔하기, 와인 리스트가 좋은 곳으로 추천되며, 세련된 바 공간과 프리미엄 다이닝 경험을 제공합니다.",
  "metadata": {
    "budget_range": "고",
    "spicy_available": "X",
    "vegetarian_options": "X",
    "main_ingredients_list": [
      "육류"
    ],
    "low_level_category": "바, 스테이크",
    "suitable_for": [
      "서울 2025 선정",
      "데이트",
      "연인",
      "결혼기념일",
      "술 한잔",
      "와인",
      "프리미엄",
      "고급"
    ],
    "food_type_list": [
      "고기류"
    ],
    "temperature_list": [
      "온"
    ],
    "high_level_category": "양식"
  }
}