{
  "id": 27700,
  "store_name": "독일빵집",
  "llm_summary": "독일빵집은 서울 서대문구 연희동에 위치한 베이커리로, 4대에 걸쳐 빵을 만들어온 오랜 전통을 자랑합니다. 오래된 간판과 예스러운 분위기가 특징이며, 천연효모를 사용해 만든 식빵과 소시지 등이 들어간 다양한 조리빵을 제공합니다. 메뉴로는 롤소시지, 베이비슈, 마늘빵, 피자빵, 우유빵, 사각우유식빵, 맘모스빵 등이 있으며, 가격대는 1,500원에서 5,000원 사이로 합리적입니다. 매장은 월요일부터 토요일까지 오전 6시부터 오후 10시 30분까지 운영하며, 일요일은 휴무입니다. 위치는 연희교차로에서 연희삼거리 방향으로 직진 후 KEB하나은행을 지나 좌회전 후 직진하면 우측에 있습니다. 독자 리뷰는 아직 등록되지 않았으며, 전통과 맛을 중시하는 고객에게 적합한 베이커리입니다.",
  "rag_text": "4대에 걸쳐 빵을 만드는 전통적인 베이커리로, 오래된 간판과 예스러운 분위기를 갖추고 있습니다. 천연효모를 사용한 식빵과 다양한 조리빵을 제공하며, 다양한 디저트류 메뉴를 갖추고 있습니다. 아늑하고 정감 있는 분위기로, 전통적인 맛과 분위기를 즐기려는 방문객에게 적합합니다.",
  "metadata": {
    "budget_range": "저",
    "spicy_available": "X",
    "vegetarian_options": "X",
    "main_ingredients_list": [
      "기타"
    ],
    "low_level_category": "베이커리",
    "suitable_for": [],
    "food_type_list": [
      "디저트류"
    ],
    "temperature_list": [
      "기타"
    ],
    "high_level_category": "디저트류"
  }
}