{
  "id": 27782,
  "store_name": "디스틸",
  "llm_summary": "디스틸은 서울 마포구 서교동에 위치한 스피크이지 스타일의 아담한 바입니다. 가게 내부는 양쪽에 바가 있고 입구 앞에 큰 테이블 하나가 전부인 작은 공간으로, 오리지널 칵테일 메뉴가 풍부하게 갖추어져 있습니다. 메뉴 선택이 어렵다면 바텐더에게 추천을 부탁할 수 있어 편리합니다. 대표 메뉴로는 싱글몰트위스키와 칵테일이 있으며, 가격은 10,000원에서 24,000원 사이로 형성되어 있습니다. 영업시간은 월요일부터 토요일까지 저녁 7시부터 새벽 3시까지이며, 일요일은 휴무입니다. 위치는 극동방송국 인근 스타벅스 맞은편 골목에서 좌회전하면 찾을 수 있습니다. 분위기는 술 한잔하기 좋은 곳으로, 새벽까지 영업하며 저녁에만 운영됩니다. 현재 등록된 독자 리뷰는 없으며, 인스타그램 계정도 운영 중입니다. 전반적으로 조용하고 아늑한 분위기에서 프리미엄 칵테일을 즐길 수 있는 바입니다.",
  "rag_text": "스피크이지 스타일의 아담한 바로, 오리지널 칵테일 메뉴가 풍부하며 바텐더 추천이 가능한 편안한 분위기. 술 한잔하기 좋은 새벽까지 영업하는 저녁 전용 바.",
  "metadata": {
    "budget_range": "중",
    "spicy_available": "X",
    "vegetarian_options": "X",
    "main_ingredients_list": [
      "기타"
    ],
    "low_level_category": "바",
    "suitable_for": [
      "조용한",
      "데이트"
    ],
    "food_type_list": [
      "기타"
    ],
    "temperature_list": [
      "기타"
    ],
    "high_level_category": "기타"
  }
}