{
  "id": 28318,
  "store_name": "여명",
  "llm_summary": "여명은 서울 마포구 도화동에 위치한 일반중식 레스토랑으로, 블루리본 서베이 서울 2025 선정 및 레드리본 맛집으로 인정받은 곳입니다. 대표 메뉴는 담백하면서도 채소의 식감이 살아있는 양장피와 고르게 볶아낸 간짜장, 그리고 군만두로, 이외에도 짜장면, 짬뽕, 볶음밥, 탕수육 등 다양한 중식 요리를 제공합니다. 메뉴 가격대는 7,000원에서 38,000원 사이이며, 양장피와 탕수육은 소와 대 사이즈로 선택 가능합니다. 짬뽕을 제외한 모든 메뉴는 맵지 않고, 육류, 어류, 기타 재료를 주로 사용합니다. 영업시간은 평일과 주말, 공휴일 저녁 시간대에 운영하며, 일요일은 휴무입니다. 가족 외식, 연인 데이트, 회식에 적합하며 가격 대비 만족도가 높아 코카-콜라 레드리본 맛집으로 알려져 있습니다. 공덕역 8번 출구 인근에 위치해 접근성이 좋습니다.",
  "rag_text": "레드리본 선정 서울 2025 선정 일반중식 전문점으로, 양장피와 군만두가 특히 맛있으며 담백하고 채소의 식감이 살아있는 요리를 제공합니다. 가족과 외식하기 좋고 연인과 함께 가기에도 적합하며 회식 장소로도 추천되는 분위기의 중식당입니다. 가격 대비 만족도가 높고 코카-콜라 레드리본 맛집으로 평가받고 있습니다.",
  "metadata": {
    "budget_range": "중",
    "spicy_available": "O",
    "vegetarian_options": "X",
    "main_ingredients_list": [
      "기타",
      "육류",
      "어류"
    ],
    "low_level_category": "일반중식",
    "suitable_for": [
      "가족모임",
      "연인",
      "회식",
      "가격대비 만족도 높음"
    ],
    "food_type_list": [
      "면류",
      "고기류",
      "기타",
      "국물류",
      "밥류"
    ],
    "temperature_list": [
      "온",
      "냉"
    ],
    "high_level_category": "중식"
  }
}