{
  "id": 28334,
  "store_name": "스시미토",
  "llm_summary": "스시미토는 서울 중구 남대문로 117 동아빌딩 지하 1층에 위치한 스시 전문점으로, 합리적인 가격에 기본에 충실한 스시를 제공하는 곳입니다. 매일 새벽시장에서 직접 신선한 해산물을 가져와 깔끔한 스시를 선보이며, 런치와 디너 모두 오마카세 코스로 즐길 수 있습니다. 대표 메뉴로는 런치오마카세(80,000원)와 디너오마카세(140,000원)가 있으며, 가격대는 80,000원에서 140,000원 사이입니다. 가게는 2015년에 개업했으며, 영업시간은 월~금요일 12:00~21:00(브레이크 타임 14:30~18:00, 마지막 주문 19:30)입니다. 매주 토요일, 일요일과 공휴일은 휴무입니다. 종각역 5번 출구에서 을지로입구역 방향으로 직진하면 우측에 위치해 있으며, 서울다동우편취급국 건물 내에 있습니다. 카운터석이 마련되어 있어 스시를 만드는 과정을 가까이에서 볼 수 있습니다. 서울 2025 맛집으로 선정되어 신뢰받는 맛집이며, 블루리본 서베이에도 수록되어 있습니다. 현재 독자 리뷰는 등록되어 있지 않습니다.",
  "rag_text": "스시 전문점으로 합리적인 가격에 기본에 충실한 스시를 제공하며, 매일 새벽시장에서 직접 가져오는 신선한 해산물로 깔끔한 스시를 선보입니다. 런치와 디너 모두 오마카세 코스로 즐길 수 있으며, 서울 2025 선정 맛집입니다. 카운터석이 있어 스시 조리 과정을 가까이에서 볼 수 있는 분위기입니다.",
  "metadata": {
    "budget_range": "고",
    "spicy_available": "X",
    "vegetarian_options": "X",
    "main_ingredients_list": [],
    "low_level_category": "스시",
    "suitable_for": [
      "서울 2025 선정",
      "깔끔한",
      "신선한 해산물",
      "오마카세",
      "카운터석"
    ],
    "food_type_list": [],
    "temperature_list": [],
    "high_level_category": "일식"
  }
}