{
  "id": 28359,
  "store_name": "림가기",
  "llm_summary": "림가기(서울특별시 마포구 와우산로29길 4-13, 서교동)는 홍대에 위치한 홍콩식 중식 전문점으로, 홍콩식 오리구이와 광둥식 면요리를 주로 선보입니다. 중국 전통 화덕을 이용해 구운 홍콩식 오리 요리가 대표 메뉴이며, 메뉴로는 쌀전병, 쌀국수, 홍콩식오리구이(반마리, 한마리)가 있습니다. 가격대는 ₩5,800부터 ₩43,000까지 다양하며, 맵지 않은 음식들이 주를 이룹니다. 영업시간은 월요일, 수~금요일 11:30~22:00(브레이크타임 15:00~17:00), 토~일요일 11:30~22:00이며, 매주 화요일은 휴무입니다. 2014년에 개업했으며, 별도의 블루리본 선정이나 서울 2025 선정은 되어 있지 않습니다. 매장 위치는 산울림소극장에서 홍익대학교 정문 방향으로 직진 후 토마토부동산 끼고 골목으로 들어가면 좌측에 위치해 있습니다. 현재 등록된 독자 리뷰는 없으나, 전통적인 홍콩식 중식 스타일을 충실히 재현하는 곳으로 알려져 있습니다.",
  "rag_text": "홍대에 위치한 홍콩식 중식 전문점으로 홍콩식 오리구이와 광둥식 면요리를 중심으로 중국 전통 화덕을 이용해 구운 홍콩식 오리 요리가 별미인 중식당. 전통적인 홍콩식 중식 테마를 바탕으로 따뜻한 온도에서 제공되는 면류와 고기류 메뉴가 주를 이루며, 조용하고 정통적인 분위기의 중식 전문점.",
  "metadata": {
    "budget_range": "중",
    "spicy_available": "X",
    "vegetarian_options": "X",
    "main_ingredients_list": [
      "기타",
      "조류"
    ],
    "low_level_category": "중국식국수, 홍콩식중식",
    "suitable_for": [],
    "food_type_list": [
      "기타",
      "면류",
      "고기류"
    ],
    "temperature_list": [
      "상",
      "온"
    ],
    "high_level_category": "중식"
  }
}