{
  "id": 28461,
  "store_name": "반피차이",
  "llm_summary": "반피차이는 서울 강남구 논현동에 위치한 태국 음식 전문점으로, 2013년 11월에 개업하여 오랜 기간 지역에서 사랑받고 있습니다. 이곳은 블루리본 서베이의 레드리본 맛집이자 '서울 2025' 선정 맛집으로도 꼽힙니다. 대표 메뉴로는 바삭하게 튀긴 게와 진한 커리의 조화가 돋보이는 '뿌님팟퐁커리', 돼지고기와 바질을 태국식 향신료와 한국식 양념으로 볶아낸 '팟카파오무끄럽', 그리고 정통 태국식 볶음국수 '팟타이' 등이 있습니다. 그 외에도 쌀국수(돼지갈비, 소고기, 똠얌), 매콤한 파파야 샐러드인 '솜땀' 등 다양한 메뉴를 제공합니다. 메뉴 가격대는 12,000원에서 28,000원 사이로 중간 수준이며, 대부분의 메뉴는 맵지 않으나 솜땀은 매운맛을 제공합니다. 주재료는 어류, 패류, 육류 등 다양하게 사용되며, 채식 또는 비건 메뉴는 따로 제공하지 않습니다. 매장은 논현초등학교 후문 근처에 위치해 있으며, 평일에는 11:30~22:00(브레이크타임 14:00~17:00), 토요일에는 12:00~21:00(브레이크타임 15:00~17:00)까지 영업합니다. 일요일과 공휴일은 휴무입니다. 태국 현지의 맛과 분위기를 서울 한복판에서 경험할 수 있는 곳으로, 다양한 태국 요리를 합리적인 가격에 즐기고 싶은 분들에게 적합합니다.",
  "rag_text": "태국 음식을 전문으로 하는 레드리본 선정 맛집으로, 서울 2025에도 선정된 곳입니다. 뿌님팟퐁커리, 팟카파오무끄럽 등 태국 현지의 대표 요리를 다양한 테마로 선보이며, 코카-콜라와 어울리는 캐주얼한 분위기에서 태국식 향신료와 한국식 양념의 조화로운 맛을 경험할 수 있습니다. 태국 음식의 정통성과 풍미를 살린 메뉴들이 주를 이루며, 친구, 연인, 가족과 함께 특별한 식사를 즐기기에 적합한 다채로운 태국 레스토랑입니다.",
  "metadata": {
    "budget_range": "중",
    "spicy_available": "O",
    "vegetarian_options": "X",
    "main_ingredients_list": [
      "어류",
      "패류",
      "육류",
      "기타"
    ],
    "low_level_category": "태국식",
    "suitable_for": [
      "레드리본 선정",
      "서울 2025 선정",
      "캐주얼",
      "친구모임",
      "가족",
      "데이트",
      "다양한 태국요리"
    ],
    "food_type_list": [
      "면류",
      "해산물류",
      "고기류",
      "기타"
    ],
    "temperature_list": [
      "온",
      "상"
    ],
    "high_level_category": "동남아"
  }
}