{
  "id": 28532,
  "store_name": "더라운드",
  "llm_summary": "더라운드는 서울 강남구 청담동에 위치한 스타일리시한 중식당으로, 2016년에 개업하였으며 블루리본 서베이의 레드리본 선정 및 서울 2025 맛집에 선정된 곳입니다. 이곳은 기름지지 않고 담백한 중식요리를 선보이며, 북경식 오리 요리와 해산물 요리를 특히 추천할 만합니다. 다양한 요리로 구성된 런치 및 디너 코스 메뉴가 인기이며, 대표적인 메뉴로는 북경오리, 닭고기깐풍소스, 멘보샤, 어향가지새우 등이 있습니다. 가격대는 메뉴별로 22,000원에서 190,000원까지 다양하며, 런치코스 N(55,000원), 디너코스 T(130,000원), 북경오리(140,000원) 등이 대표 메뉴입니다. 내부는 차분하고 세련된 인테리어와 2층 프라이빗룸, 테라스가 특징으로, 가족 외식, 연인, 소개팅 등 다양한 모임에 적합합니다. 발레파킹이 제공되며, 영업시간은 평일 12:00~22:00(브레이크타임 14:30~17:30), 주말 12:00~21:00(동일 브레이크타임), 공휴일은 점심/저녁 분리 운영입니다. 위치는 학동사거리에서 청담사거리 방향으로 직진 후 우측, S-OIL 주유소 뒤편에 위치하고 있습니다. 현재까지 등록된 리뷰는 없으며, 코카-콜라 레드리본 맛집으로도 선정된 바 있습니다.",
  "rag_text": "레드리본 선정 및 서울 2025 맛집에 선정된 스타일리시한 중식당으로, 기름지지 않고 담백한 중식요리를 선보입니다. 북경식 오리 요리와 해산물 요리가 특히 추천되며, 다양한 요리로 구성된 코스 메뉴가 인기입니다. 차분하고 세련된 인테리어와 2층 프라이빗룸, 테라스가 있어 가족 외식, 연인과의 데이트, 소개팅 등 다양한 모임에 적합합니다. 중식 테마를 기반으로 한 고급스러운 분위기와 프라이빗한 공간이 특징입니다.",
  "metadata": {
    "budget_range": "고",
    "spicy_available": "O",
    "vegetarian_options": "X",
    "main_ingredients_list": [
      "기타",
      "조류",
      "패류"
    ],
    "low_level_category": "일반중식, 딤섬, 북경오리",
    "suitable_for": [
      "레드리본",
      "서울 2025",
      "가족외식",
      "소개팅",
      "연인",
      "인테리어",
      "테라스",
      "프라이빗룸",
      "코카-콜라",
      "맛집"
    ],
    "food_type_list": [
      "기타",
      "고기류",
      "해산물류"
    ],
    "temperature_list": [
      "기타",
      "온"
    ],
    "high_level_category": "중식"
  }
}