{
  "id": 28573,
  "store_name": "팩토리정",
  "llm_summary": "팩토리정은 서울 마포구 공덕동에 위치한 위스키 바로, 홍대 앞에 있던 팩토리 위스키 바가 이전하여 새롭게 오픈한 곳입니다. 싱글몰트 위스키를 전문으로 다양한 종류를 갖추고 있어 선택의 폭이 넓으며, 고객 취향에 맞춘 위스키 하이볼과 칵테일도 인기가 많습니다. 분위기가 좋아 대화하며 술 한잔하기에 적합한 공간입니다. 메뉴는 뱅거스앤매시와 솔뫼니에르(각 27,000원), 츄러스(15,000원) 등이 있으며, 가격대는 15,000원에서 27,000원 사이입니다. 메뉴는 주로 기타 및 디저트류로 구성되어 있으며, 매운 음식은 제공하지 않습니다. 공덕역 2번 출구에서 직진하면 쉽게 찾을 수 있고, 영업시간은 월요일부터 토요일까지 18:00부터 다음날 01:00까지이며, 일요일은 휴무입니다. 2016년 7월 7일 개업하였고, 서울 2025 선정 맛집으로 라벨이 부여되어 있습니다. 인스타그램과 블로그를 통해 소식을 확인할 수 있습니다.",
  "rag_text": "홍대 앞에 위치한 싱글몰트 위스키 전문 위스키 바로, 다양한 위스키 종류와 맞춤형 위스키 하이볼 및 칵테일이 인기입니다. 분위기가 좋아 대화하며 술 한잔하기 좋은 공간이며, 서울 2025 선정된 곳입니다. 메뉴는 기타와 디저트류 중심으로 구성되어 있습니다.",
  "metadata": {
    "budget_range": "중",
    "spicy_available": "X",
    "vegetarian_options": "X",
    "main_ingredients_list": [
      "기타"
    ],
    "low_level_category": "위스키바",
    "suitable_for": [
      "데이트",
      "조용한",
      "술자리"
    ],
    "food_type_list": [
      "기타",
      "디저트류"
    ],
    "temperature_list": [
      "기타",
      "온"
    ],
    "high_level_category": "기타"
  }
}