{
  "id": 28949,
  "store_name": "비야게레로",
  "llm_summary": "비야게레로는 서울 강남구 삼성동에 위치한 멕시코식 타코 전문점으로, 멕시코 현지에서 타코를 배운 주인이 직접 운영합니다. 2015년에 개업했으며, 블루리본 서베이 2025년판에 선정된 레드리본 맛집입니다. 대표 메뉴는 멕시코 방식으로 돼지기름에 조리한 돼지고기를 사용한 '카르니타스타코'로, 살코기뿐 아니라 껍데기, 오소리감투, 혀 등 다양한 부속 부위를 선택할 수 있는 점이 특징입니다. 이외에도 '초리조타코', '혼합타코' 등 다양한 타코 메뉴를 4,800~4,900원의 합리적인 가격에 제공합니다. 메뉴는 모두 육류 기반이며 맵지 않은 맛이 특징입니다. 영업시간은 매일 11:30~21:30(마지막 주문 21:00)이고, 연중 무휴로 운영합니다. 삼성중앙역 7번 출구에서 가까워 접근성이 뛰어나며, 타코를 사랑하는 미식가나 정통 멕시코 음식에 관심 있는 고객에게 추천할 만한 곳입니다. 인스타그램 계정(@vgtacos)도 운영하고 있습니다.",
  "rag_text": "멕시코 현지에서 타코를 배운 주인이 직접 운영하는 정통 멕시코 타코 전문점으로, 블루리본 레드리본 및 서울 2025 선정 맛집입니다. 타코는 멕시코 방식의 돼지고기와 다양한 부속 부위를 선택할 수 있어, 현지식의 개성을 살린 메뉴 구성이 돋보입니다. 전체적으로 양식 테마를 유지하며, 현지 분위기와 특색을 경험할 수 있는 곳입니다. 캐주얼하면서도 정통성이 강조된 멕시코 타코집으로, 미식가와 트렌디한 식사, 친구 또는 혼밥 고객에게 적합합니다.",
  "metadata": {
    "budget_range": "저",
    "spicy_available": "X",
    "vegetarian_options": "X",
    "main_ingredients_list": [
      "육류"
    ],
    "low_level_category": "멕시코식",
    "suitable_for": [
      "레드리본",
      "서울 2025 선정",
      "트렌디한",
      "정통 멕시코",
      "친구모임",
      "혼밥",
      "미식가"
    ],
    "food_type_list": [
      "기타"
    ],
    "temperature_list": [
      "온"
    ],
    "high_level_category": "양식"
  }
}