{
  "id": 28965,
  "store_name": "페어링룸",
  "llm_summary": "페어링룸은 서울 강남구 청담동에 위치한 고급스럽고 모던한 분위기의 이탈리안 레스토랑입니다. 2016년 11월 3일에 개업했으며, 블루리본 서베이 2025년판에 수록된 레드리본 선정 맛집이자 '서울 2025 선정' 레스토랑입니다. 대표 메뉴로는 딱새우비스크 링귀니, 리코타 올리브 캄파뉴, 항정살 페퍼 메주파스타, 쑥페스토와 얼그레이 토마토 카프레제, 전복솥밥 리조토, 트러플 파케리 파스타 등이 있습니다. 이곳은 다양한 해산물, 육류, 기타 재료를 활용한 독특한 파스타와 이탈리안 요리를 선보이며, 캄파뉴 위에 풍성하게 올린 메뉴도 인기가 많습니다. 모든 메뉴는 맵지 않으며, 가격대는 27,000원에서 34,000원 사이로 형성되어 있습니다. 내부는 연인이나 소개팅에 적합할 만큼 세련된 인테리어를 자랑하며, 인스타그램 및 블로그 등 SNS 채널도 운영 중입니다. 발레파킹이 가능하고, 월~금 11:00~22:30, 토~일 11:00~23:00까지 영업하며, 명절 당일은 휴무입니다. 메뉴와 영업 정보는 업소 사정에 따라 변동될 수 있습니다.",
  "rag_text": "고급스럽고 모던한 분위기의 이탈리안 레스토랑으로, 레드리본 선정 및 서울 2025에 선정된 곳입니다. 양식 테마의 창의적인 파스타와 다양한 이탈리안 요리를 선보이며, 캄파뉴 위에 풍성한 재료를 올리는 독특한 메뉴 구성이 특징입니다. 소개팅이나 연인과의 방문에 어울리며 세련된 인테리어가 돋보입니다. 인테리어가 좋고 연인과 함께하기 좋은 프리미엄 이탈리안 다이닝 공간입니다.",
  "metadata": {
    "budget_range": "중",
    "spicy_available": "X",
    "vegetarian_options": "X",
    "main_ingredients_list": [
      "패류",
      "기타",
      "육류"
    ],
    "low_level_category": "파스타, 이탈리아식",
    "suitable_for": [
      "레드리본 선정",
      "서울 2025 선정",
      "데이트",
      "연인",
      "소개팅",
      "인테리어가 좋은"
    ],
    "food_type_list": [
      "해산물류",
      "디저트류",
      "면류",
      "밥류"
    ],
    "temperature_list": [
      "온",
      "상"
    ],
    "high_level_category": "양식"
  }
}