{
  "id": 28973,
  "store_name": "데바스테이트",
  "llm_summary": "데바스테이트는 서울 강남구 청담동에 위치한 커피전문점으로, 엠아이커피 그룹이 운영하는 플래그십 스토어입니다. 2016년에 개업했으며, 신선하고 수준 높은 스페셜티 커피를 직접 로스팅해 제공합니다. 대표 메뉴로는 넛라테, 넛크림, 브루잉, 에스프레소, 아메리카노, 카페라테, 바닐라라테, 버터크림, 콜드브루 등이 있으며, 가격대는 5,000원에서 8,000원 사이로 형성되어 있습니다. 롱블랙, 플랫화이트 등 다양한 베리에이션 커피와 핸드드립 커피도 즐길 수 있습니다. 매장 인테리어와 테라스가 뛰어나고 분위기가 좋아 휴식이나 모임 장소로도 적합합니다. 영업시간은 매일 10:00~19:00(라스트오더 18:30)이며, 추석 당일만 휴무입니다. 발레파킹이 제공되고, 서울 2025 맛집으로 선정된 바 있습니다. 공식 인스타그램(@devastate.kr)에서 추가 정보를 확인할 수 있습니다. 메뉴에는 맵거나 채식 메뉴는 없으며, 주로 커피와 음료로 구성되어 있습니다.",
  "rag_text": "엠아이커피 그룹이 운영하는 플래그십 커피 스토어로, 최상의 원두를 직접 로스팅해 신선한 스페셜티 커피와 다양한 베리에이션 커피(롱블랙, 플랫화이트 등), 수준급 핸드드립 커피를 선보입니다. 인테리어와 테라스가 뛰어나고 분위기가 좋아 커피 애호가, 분위기를 중시하는 고객에게 적합하며, 서울 2025 선정 맛집으로도 꼽힙니다.",
  "metadata": {
    "budget_range": "중",
    "spicy_available": "X",
    "vegetarian_options": "X",
    "main_ingredients_list": [
      "기타"
    ],
    "low_level_category": "커피전문점",
    "suitable_for": [
      "서울 2025 선정",
      "분위기가 좋은",
      "인테리어가 좋은",
      "테라스가 있는"
    ],
    "food_type_list": [
      "음료"
    ],
    "temperature_list": [
      "기타"
    ],
    "high_level_category": "디저트류"
  }
}