{
  "id": 29122,
  "store_name": "과일가게",
  "llm_summary": "과일가게는 서울 마포구 합정동에 위치한 일본식 꼬치구이 전문점으로, 야키토리를 중심으로 다양한 부위의 닭고기 꼬치를 제공합니다. 고소한 염통, 모래집, 닭다리, 날개, 물렁뼈뿐만 아니라 채소구이와 삼겹살말이꼬치도 인기 메뉴입니다. 키치하고 아늑한 분위기에서 술 한잔하기 좋은 카운터석이 마련되어 있으며, 메뉴 가격대는 3,000원부터 10,000원 사이로 부담 없이 즐길 수 있습니다. 메뉴로는 채소꼬치, 닭꼬치, 삼겹살말이꼬치, 버터감자, 구운치즈샐러드 등이 있으며, 전반적으로 다양한 온도와 테마의 꼬치와 사이드 메뉴를 제공합니다. 연중 무휴로 운영되며, 2016년 12월에 개업했습니다. 위치는 망원정사거리에서 6호선 망원역 방향으로 직진 후 서울부동산중개인사무소 옆에 위치해 찾기 쉽습니다. 영업시간 정보는 제공되지 않았습니다.",
  "rag_text": "일본식 꼬치구이 야키토리 전문점으로, 고소한 염통, 모래집, 닭다리, 날개, 물렁뼈 등 다양한 부위를 선보이며 채소구이와 삼겹살말이꼬치도 함께 제공하는 키치하고 아늑한 분위기의 가게. 술 한잔하기 좋은 카운터석이 있으며, 한식과 양식 테마가 혼합된 다양한 꼬치와 사이드 메뉴를 갖추고 있음.",
  "metadata": {
    "budget_range": "저",
    "spicy_available": "X",
    "vegetarian_options": "O",
    "main_ingredients_list": [
      "기타",
      "조류",
      "육류"
    ],
    "low_level_category": "야키토리",
    "suitable_for": [
      "술자리",
      "아늑한",
      "키치"
    ],
    "food_type_list": [
      "기타",
      "고기류"
    ],
    "temperature_list": [
      "온",
      "상"
    ],
    "high_level_category": "일식"
  }
}