{
  "id": 29134,
  "store_name": "소바쿠",
  "llm_summary": "소바쿠는 서울 광진구 능동에 위치한 일식 전문점으로, 메밀소바와 우동을 주력으로 하는 곳입니다. 이곳은 면을 직접 뽑아 사용하는 것이 특징이며, 계절에 따라 메뉴 구성이 달라집니다. 겨울에는 따뜻한 우동 메뉴를, 여름에는 시원한 냉소바를 선보입니다. 특히 냉소바와 면과 쯔유를 비벼 먹는 가마타마우동이 인기 메뉴입니다. 사이드 메뉴로는 일본식 닭튀김인 토리카라와 모둠튀김을 함께 즐길 수 있습니다. 메뉴 가격대는 5,500원에서 9,000원 사이로 합리적이며, 모든 메뉴는 맵지 않습니다. 소바쿠는 2016년에 개업하였고, 아차산역 5번 출구 인근에 위치해 접근성이 좋습니다. 월요일부터 일요일까지 오전 11시 30분부터 오후 8시 50분까지 운영하며, 오후 3시부터 5시까지는 브레이크 타임입니다. 연중 무휴로 운영되어 언제든 방문할 수 있습니다. 또한, 소바쿠는 블루리본 서베이에서 레드리본과 서울 2025 맛집으로 선정된 신뢰받는 맛집입니다. 고객 리뷰는 아직 등록되지 않았으나, 전통적인 일식 면 요리와 튀김류를 즐기기에 적합한 곳입니다.",
  "rag_text": "소바쿠는 메밀소바와 우동을 전문으로 하는 일식당으로, 면을 직접 뽑아 사용하는 전통적인 조리법이 특징입니다. 겨울철에는 따뜻한 우동, 여름철에는 시원한 냉소바를 제공하며, 특히 가마타마우동이 인기 메뉴입니다. 모둠튀김과 일본식 닭튀김 토리카라가 곁들여져 풍성한 식사를 즐길 수 있습니다. 레드리본 선정 맛집으로 서울 2025 맛집에도 포함되어 있어 신뢰할 수 있는 일식 전문점입니다. 아늑하고 전통적인 분위기에서 부담 없이 즐길 수 있는 일식 면류 전문점입니다.",
  "metadata": {
    "budget_range": "중",
    "spicy_available": "X",
    "vegetarian_options": "X",
    "main_ingredients_list": [
      "기타",
      "조류"
    ],
    "low_level_category": "일식우동, 소바",
    "suitable_for": [
      "레드리본 선정",
      "서울 2025 선정",
      "전통적",
      "아늑한",
      "신뢰받는"
    ],
    "food_type_list": [
      "면류",
      "고기류"
    ],
    "temperature_list": [
      "냉",
      "온"
    ],
    "high_level_category": "일식"
  }
}