{
  "id": 29159,
  "store_name": "양양메밀막국수",
  "llm_summary": "양양메밀막국수는 서울 서초구 방배동에 위치한 막국수 전문점으로, 100% 순메밀만을 사용하여 주문 즉시 반죽해 면을 뽑아내는 신선한 메밀막국수를 제공합니다. 메밀 특유의 거친 식감과 구수한 향, 진한 육수가 잘 어우러져 깊은 맛을 자랑합니다. 대표 메뉴로는 메밀막국수(일반 및 곱빼기), 회메밀막국수(일반 및 곱빼기), 찐만두, 수육(소, 중, 대), 메밀전 등이 있으며, 가격대는 7,000원부터 25,000원 사이입니다. 모든 메뉴는 맵지 않으며, 고기류, 어류, 기타 재료를 사용해 다양하게 구성되어 있습니다. 영업시간은 매일 11시부터 20시 30분까지이며, 15시부터 17시까지는 브레이크 타임입니다. 명절 연휴에는 휴무합니다. 가게는 광원빌딩에 위치하며, 방문 시 경문고등학교 방향으로 직진 후 세 번째 골목에서 우회전하면 쉽게 찾을 수 있습니다. 독자 리뷰는 아직 등록되지 않았으나, 블루리본 Pick에 선정된 만큼 신뢰할 만한 맛집입니다.",
  "rag_text": "100% 순메밀막국수를 사용하는 막국수 전문점으로, 신선하게 반죽한 면과 구수한 향, 진한 육수가 조화를 이루는 전통적인 한식 분위기의 가게입니다. 수육과 만두, 메밀전 등 다양한 사이드 메뉴도 함께 즐길 수 있으며, 편안하고 정갈한 분위기에서 가족 모임이나 가벼운 식사에 적합합니다. 맵지 않은 메뉴 구성으로 부담 없이 방문할 수 있는 곳입니다.",
  "metadata": {
    "budget_range": "중",
    "spicy_available": "X",
    "vegetarian_options": "X",
    "main_ingredients_list": [
      "기타",
      "어류",
      "육류"
    ],
    "low_level_category": "막국수",
    "suitable_for": [
      "가족모임",
      "가벼운식사",
      "전통적"
    ],
    "food_type_list": [
      "고기류",
      "면류",
      "디저트류"
    ],
    "temperature_list": [
      "온",
      "냉",
      "상"
    ],
    "high_level_category": "한식"
  }
}