{
  "id": 29175,
  "store_name": "일키아쏘",
  "llm_summary": "일키아쏘는 서울 용산구 이태원동에 위치한 이탈리아식 레스토랑으로, 이탈리아에서 수입한 식재료를 사용하며 이탈리아인 셰프가 주방을 맡고 있습니다. 대표 메뉴로는 해산물 파스타, 수제 라비올리, 진득한 치즈리조토, 그리고 최소 600g 이상 주문해야 하는 피렌체식 티본 스테이크가 있습니다. 메뉴는 피렌체식스테이(100g, 14,000원), 파르미지아노치즈리조토(16,000원), 파스타(16,000원), 모둠에피타이저(30,000원), 소고기등심스테이크(200g, 32,000원) 등으로 구성되어 있으며, 전반적으로 온열 요리가 중심입니다. 매장은 이탈리아에 여행 온 듯한 분위기를 자아내며, 발레파킹 서비스가 제공됩니다. 영업시간은 화요일 17:30~22:00(마지막 주문 21:30), 수~일요일 12:00~22:30(브레이크타임 15:00~18:00)이며, 매주 월요일은 휴무입니다. 2017년 4월 28일 개업하였고, 공식 인스타그램 계정(https://www.instagram.com/ilchiasso.seoul/)을 운영 중입니다. 방문객 리뷰는 아직 등록되어 있지 않습니다.",
  "rag_text": "이탈리아에서 수입한 식재료를 사용하는 이탈리안 레스토랑으로, 이탈리아인 셰프가 주방을 맡고 있다. 해산물 파스타, 수제 라비올리, 진득한 치즈리조토가 인기 메뉴다. 피렌체식 티본 스테이크도 대표 메뉴 중 하나다. 이탈리아에 여행 온 듯한 분위기를 만끽할 수 있는 양식 레스토랑이다.",
  "metadata": {
    "budget_range": "중",
    "spicy_available": "X",
    "vegetarian_options": "X",
    "main_ingredients_list": [
      "육류",
      "기타"
    ],
    "low_level_category": "이탈리아식",
    "suitable_for": [],
    "food_type_list": [
      "고기류",
      "밥류",
      "면류",
      "기타"
    ],
    "temperature_list": [
      "온",
      "상"
    ],
    "high_level_category": "양식"
  }
}