{
  "id": 29227,
  "store_name": "진진",
  "llm_summary": "진진은 서울 마포구 서교동에 위치한 일반중식 전문점으로, 왕육성 셰프와 황진선 셰프가 운영하는 중국요리 전문점입니다. 대표 인기 메뉴로는 대게살볶음과 멘보샤가 있으며, 일부 메뉴는 하루 전에 예약해야만 맛볼 수 있습니다. 회원제로 운영되어 회원 가입 시 주류를 제외한 모든 메뉴에 대해 20% 할인이 적용됩니다. 메뉴는 대게살볶음(37,000원), 멘보샤(30,000원), 양주볶음밥(12,000원), 전복해물짬뽕(15,000원), 깐풍기(28,000원), 샤오기(28,000원), 마파두부(24,000원) 등 다양하며, 맵기 옵션이 있는 메뉴도 포함되어 있습니다. 월~토요일 11:30~21:30, 일요일 12:00~21:30까지 영업하며, 연중 무휴로 운영됩니다. 가족 외식, 연인과의 식사, 회식에 적합하며 가격 대비 만족도가 높고 코카-콜라 레드리본 맛집으로 선정되어 신뢰도가 높습니다. 위치는 서교동사거리 신한은행 뒤편이며, 예약과 방문 시 참고할 수 있는 상세 URL이 제공됩니다.",
  "rag_text": "진진은 왕육성 셰프와 황진선 셰프가 운영하는 중국요리 전문점으로, 레드리본 선정과 서울 2025 맛집으로 인정받은 고급 중식당입니다. 대게살볶음과 멘보샤를 비롯한 다양한 중식 메뉴를 제공하며, 가족 외식, 연인과의 식사, 회식에 적합한 분위기를 갖추고 있습니다. 회원제로 운영되어 회원에게는 메뉴 할인 혜택이 제공됩니다. 가격 대비 만족도가 높은 코카-콜라 레드리본 맛집으로, 전통적인 중국 요리와 현대적인 감각이 조화를 이루는 곳입니다.",
  "metadata": {
    "budget_range": "중",
    "spicy_available": "O",
    "vegetarian_options": "O",
    "main_ingredients_list": [
      "어류",
      "기타",
      "육류"
    ],
    "low_level_category": "일반중식",
    "suitable_for": [
      "가족과 외식하기 좋은",
      "연인과 같이 가면 좋은",
      "회식하기 좋은",
      "가격대비 만족도가 높은",
      "레드리본 맛집"
    ],
    "food_type_list": [
      "고기류",
      "밥류",
      "국물류",
      "기타"
    ],
    "temperature_list": [
      "온"
    ],
    "high_level_category": "중식"
  }
}