{
  "id": 29231,
  "store_name": "에머이(종로본점)",
  "llm_summary": "에머이(종로본점)은 서울 종로구 관철동에 위치한 베트남식 쌀국수 전문점으로, 현지에 가까운 맛으로 많은 인기를 얻고 있습니다. 본점에서는 생면을 사용해 부드럽고 쫄깃한 식감을 자랑하며, 진하고 깔끔한 국물 맛이 특징입니다. 대표 메뉴로는 양지쌀국수, 차돌박이쌀국수, 분짜, 반미, 채소볶음, 볶음밥 등이 있으며, 가격대는 6,500원에서 15,000원 사이입니다. 메뉴는 대부분 맵지 않고 육류와 기타 재료를 주로 사용합니다. 특히 새콤달콤한 소스에 찍어 먹는 분짜가 별미로 꼽힙니다. 24시간 영업하는 점이 큰 장점이며, 종각역 9번 출구 인근에 위치해 접근성도 좋습니다. 공식 인스타그램과 홈페이지를 통해 추가 정보를 확인할 수 있습니다. 매주 일요일은 휴무이며, 평일과 토요일은 오전 11시부터 오후 9시까지 운영합니다. 2015년 8월에 개업한 이래 꾸준히 사랑받는 베트남 쌀국수 맛집입니다.",
  "rag_text": "베트남식 쌀국수 전문점으로 현지 맛을 재현하여 인기를 끈 에머이 본점입니다. 생면을 사용해 부드럽고 쫄깃한 식감과 진하고 깔끔한 국물 맛이 특징이며, 새콤달콤한 소스에 찍어 먹는 분짜도 별미입니다. 24시간 영업하며 편안하고 친근한 분위기를 제공합니다.",
  "metadata": {
    "budget_range": "중",
    "spicy_available": "X",
    "vegetarian_options": "X",
    "main_ingredients_list": [
      "기타",
      "육류"
    ],
    "low_level_category": "베트남식",
    "suitable_for": [],
    "food_type_list": [
      "기타",
      "국물류",
      "밥류"
    ],
    "temperature_list": [
      "상",
      "온"
    ],
    "high_level_category": "동남아"
  }
}