{
  "id": 29335,
  "store_name": "스시나미키",
  "llm_summary": "스시나미키는 서울 강남구 논현동 강남파라곤 S동 103호에 위치한 미들급 스시 전문점입니다. 조선호텔의 스시조, 스시초희, 분당의 갓포아오이 출신 임상록 셰프가 운영하며, 가성비가 뛰어나고 셰프의 섬세한 배려와 친절한 서비스가 돋보이는 곳입니다. 메뉴는 주로 어류를 주재료로 하는 스시코스와 오마카세 코스가 있으며, 런치와 디너 각각 65,000원부터 160,000원까지 다양한 가격대가 있습니다. 매장은 강남구청역 2번 출구 앞 강남파라곤오피스텔 1층에 위치해 있으며, 월~토요일 12:00~21:50까지 운영되고 일요일은 휴무입니다. 카운터 석이 마련되어 있어 셰프와의 교감이 가능한 분위기입니다. 독자 리뷰는 아직 등록되어 있지 않으며, 가격과 메뉴, 영업시간은 업소 사정에 따라 변동될 수 있습니다.",
  "rag_text": "조선호텔 출신 임상록 셰프가 운영하는 미들급 스시야로, 섬세한 배려와 친절한 서비스가 돋보이는 일식 전문점입니다. 가성비가 뛰어나며, 카운터 석이 있어 셰프와 소통하며 식사할 수 있는 분위기입니다. 친근하고 세심한 서비스가 특징인 스시 전문점입니다.",
  "metadata": {
    "budget_range": "고",
    "spicy_available": "X",
    "vegetarian_options": "X",
    "main_ingredients_list": [
      "어류"
    ],
    "low_level_category": "스시",
    "suitable_for": [
      "가성비",
      "친절한 서비스",
      "섬세한 배려"
    ],
    "food_type_list": [
      "해산물류",
      "기타"
    ],
    "temperature_list": [
      "상"
    ],
    "high_level_category": "일식"
  }
}