{
  "id": 29476,
  "store_name": "아키라백서울",
  "llm_summary": "아키라백서울은 백승욱 셰프가 운영하는 모던 일식 레스토랑으로, 토론토, 싱가포르, 방콕, 뉴델리 등에 이어 서울에 위치한 매장입니다. 서울 종로구 새문안로 포시즌스호텔 12층에 자리잡고 있으며, 광화문역 7번 출구 인근에 위치해 접근성이 좋습니다. 대표 메뉴로는 버섯이나 참치를 올린 참치피자, 고추장 소스를 곁들인 사시미, 모둠생선회, 오마카세바이아키라백, 그리고 다양한 런치 및 디너 세트가 있습니다. 메뉴 가격대는 89,000원에서 330,000원 사이로 프리미엄급이며, 모든 메뉴는 달큰한 맛이 강한 아키라백의 사케와 잘 어울립니다. 영업시간은 매일 11:30부터 21:30까지이며, 브레이크타임은 14:30부터 17:30까지, 마지막 주문은 점심 14:00, 저녁 21:00에 받습니다. 결혼기념일, 비즈니스 다이닝, 연인과의 방문에 적합하며, 스타 셰프가 운영하는 고급스러운 인테리어와 전망 좋은 호텔 내 위치, 프라이빗룸도 갖추고 있어 분위기 좋은 식사가 가능합니다. 2019년 3월 7일 개업하였고, 서울 2025 맛집으로 선정된 곳입니다.",
  "rag_text": "백승욱 셰프가 운영하는 모던 일식 레스토랑으로, 서울 2025 선정 맛집입니다. 토론토, 싱가포르, 방콕, 뉴델리 등 해외 매장에 이어 서울에 위치하며, 버섯과 참치를 활용한 참치피자, 고추장 소스를 곁들인 사시미 등 창의적인 메뉴가 특징입니다. 달큰한 아키라백 사케와 조화로운 메뉴들로 구성되어 있습니다. 결혼기념일, 비즈니스 다이닝, 연인과의 방문에 적합하며, 스타 셰프 운영, 인테리어 및 전망이 우수한 호텔 내 위치, 프라이빗룸 보유로 고급스러운 분위기를 제공합니다.",
  "metadata": {
    "budget_range": "고",
    "spicy_available": "X",
    "vegetarian_options": "X",
    "main_ingredients_list": [
      "기타",
      "어류"
    ],
    "low_level_category": "모던재패니즈",
    "suitable_for": [
      "결혼기념일",
      "비즈니스 다이닝",
      "연인",
      "스타 셰프 운영",
      "인테리어가 좋은",
      "전망이 좋은",
      "호텔 위치",
      "분위기 좋은",
      "프라이빗룸"
    ],
    "food_type_list": [
      "기타",
      "해산물류"
    ],
    "temperature_list": [
      "상",
      "생"
    ],
    "high_level_category": "일식"
  }
}