{
  "id": 29572,
  "store_name": "왓어샐러드",
  "llm_summary": "왓어샐러드는 서울 용산구 한강대로 지하 1층에 위치한 샐러드 전문점으로, 한입 크기로 썬 신선한 각종 채소를 그릇에 담아 숟가락으로 떠먹는 독특한 스타일의 샐러드를 제공합니다. 샐러드는 한 끼 식사로 충분할 정도로 양이 넉넉하며, 피타 브래드 또는 오늘의 수프와 함께 즐기면 더욱 맛있습니다. 다양한 식재료가 사용되어 선택의 폭이 넓고, 채식주의자를 위한 비건 메뉴도 별도로 마련되어 있습니다. 내부는 오픈 키친 형태로 깔끔하고 투명한 조리 과정을 볼 수 있어 신뢰감을 줍니다. 메뉴는 오늘의 수프(4,500원), 콜드프레스주스(6,800원), 샐러드(19,800원) 등으로 구성되어 있으며, 양식 테마가 주를 이룹니다. 매일 11시부터 20시 30분까지 운영하며 명절 연휴에는 휴무입니다. 2016년 7월 2일 개업하였고, 4호선 신용산역 지하통로 아모레퍼시픽 사옥 입구를 통해 접근할 수 있습니다. 인스타그램(@whatasalad)에서 추가 정보를 확인할 수 있습니다. 고객 리뷰는 아직 등록되지 않았으나, 독자 추천으로 계절에 맞는 신선한 재료와 깔끔한 오픈 키친, 잘게 썬 샐러드를 숟가락으로 먹는 점이 인상적이라는 평이 있습니다.",
  "rag_text": "샐러드와 다이어트식 전문점으로, 신선한 채소를 한입 크기로 썰어 숟가락으로 떠먹는 건강한 식사를 제공합니다. 오픈 키친 인테리어로 깔끔하고 투명한 조리 과정을 볼 수 있으며, 다양한 식재료 선택과 채식주의자를 위한 비건 메뉴가 준비되어 있습니다. 양식 테마의 메뉴로 오늘의 수프, 콜드프레스주스, 샐러드를 주로 선보이며, 건강하고 신선한 재료를 중시하는 분위기입니다.",
  "metadata": {
    "budget_range": "고",
    "spicy_available": "X",
    "vegetarian_options": "O",
    "main_ingredients_list": [
      "기타"
    ],
    "low_level_category": "샐러드, 다이어트식",
    "suitable_for": [
      "비건",
      "건강식",
      "깔끔한",
      "오픈키친"
    ],
    "food_type_list": [
      "국물류",
      "음료",
      "기타"
    ],
    "temperature_list": [
      "온",
      "상"
    ],
    "high_level_category": "양식"
  }
}