{
  "id": 29620,
  "store_name": "스노브(서촌점)",
  "llm_summary": "스노브(서촌점)은 서울 종로구 자하문로9길 14 (통인동)에 위치한 디저트 전문점으로, 홍대 앞에서 오랫동안 사랑받아온 디저트 카페 스노브의 서촌 지점입니다. 2층 규모에 테라스 자리도 마련되어 있어 쾌적한 분위기에서 다양한 디저트를 즐길 수 있습니다. 대표 메뉴로는 신선한 딸기가 올라간 과일생크림케이크와 레드와인에 졸인 사과를 올린 폼므타르트가 있으며, 커피, 허브차, 홍차 등 음료도 다양하게 제공됩니다. 가격대는 3,500원에서 6,800원 사이로 합리적이며, 연중무휴로 오전 11시부터 오후 10시 30분까지 운영됩니다. 경복궁역 2번 출구 인근에 위치해 접근성이 좋습니다. 현재까지 등록된 고객 리뷰는 없으나, 테라스가 있는 쾌적한 공간과 다양한 디저트 메뉴로 방문객들에게 좋은 경험을 제공합니다.",
  "rag_text": "홍대 앞에서 오랫동안 사랑받는 디저트 카페 스노브의 서촌점으로, 신선한 딸기가 올라간 과일생크림케이크와 레드와인에 졸인 사과를 올린 폼므타르트 등 다양한 디저트를 제공합니다. 2층 규모의 매장에 테라스 자리가 있어 편안하고 아늑한 분위기를 자아냅니다. 디저트 전문점으로서 달콤하고 신선한 메뉴들을 중심으로 구성되어 있으며, 연중무휴로 운영되어 언제든 방문하기 좋습니다. 전반적으로 편안하고 캐주얼한 디저트 카페 분위기입니다.",
  "metadata": {
    "budget_range": "저",
    "spicy_available": "X",
    "vegetarian_options": "X",
    "main_ingredients_list": [
      "기타"
    ],
    "low_level_category": "디저트전문점",
    "suitable_for": [],
    "food_type_list": [
      "음료",
      "디저트류"
    ],
    "temperature_list": [
      "기타"
    ],
    "high_level_category": "디저트류"
  }
}