{
  "id": 29698,
  "store_name": "스시쇼부",
  "llm_summary": "스시쇼부는 서울 은평구 응암동에 위치한 가성비 좋은 스시 전문점입니다. 2층 건물로 1층은 일반 스시를, 2층은 오마카세 전문으로 운영하며, 오마카세는 런치 1, 2부와 디너 1, 2부로 나누어 그날 들어온 최상의 재료로 메뉴를 제공합니다. 대표 메뉴로는 런치쇼부오마카세(₩38,000)와 디너쇼부오마카세스페셜(₩72,000)이 있으며, 일식 테마의 고급 스시를 맛볼 수 있습니다. 응암동 일대에서 인기가 높아 예약은 필수이며, 카운터 석이 있어 집중도 높은 식사가 가능합니다. 영업시간은 월요일과 수요일부터 일요일까지 11:30~22:00이며, 매주 화요일은 휴무입니다. 2015년 10월 15일 개업하였고, 인스타그램(@sushi_shobu)도 운영 중입니다. 독자 리뷰에 따르면 은평구 내에서 가성비가 뛰어나고 추천받는 스시집입니다. 매장 위치는 역촌역 4번 출구에서 은평세무서 방면으로 약 500미터 거리에 있습니다.",
  "rag_text": "가성비 좋은 스시 전문점으로, 2층 건물에 1층은 스시, 2층은 오마카세 전문으로 운영됩니다. 일식 테마의 프리미엄 오마카세를 런치와 디너로 나누어 제공하며, 최상의 신선한 재료를 사용합니다. 응암동 지역에서 인기 있는 스시야로 예약이 필수이며, 카운터 석이 있어 집중도 높은 식사가 가능합니다. 분위기는 가성비와 전문성을 갖춘 일식 스시 전문점입니다.",
  "metadata": {
    "budget_range": "중",
    "spicy_available": "X",
    "vegetarian_options": "X",
    "main_ingredients_list": [
      "기타"
    ],
    "low_level_category": "스시",
    "suitable_for": [
      "가성비",
      "예약필수",
      "전문점",
      "카운터석"
    ],
    "food_type_list": [
      "기타"
    ],
    "temperature_list": [
      "상"
    ],
    "high_level_category": "일식"
  }
}