{
  "id": 29732,
  "store_name": "배꼽집(여의도점)",
  "llm_summary": "배꼽집(여의도점)은 서울 영등포구 여의도파이낸스타워 지하 1층에 위치한 고깃집으로, 영동시장 내에서 유명한 본점의 여의도 분점입니다. 이곳은 질 좋은 한우 고기를 숯불에 구워 즐길 수 있으며, 육향 가득한 평양냉면과 갈비탕이 특히 인기 있는 메뉴입니다. 메뉴는 한식 중심으로 평양냉면, 갈비탕, 배꼽전골과 다양한 부위의 한우 고기(안심, 꽃등심, 꽃살, 토시살, 치마살, 안창살)를 제공합니다. 고기류는 대부분 150g 단위로 판매되며, 배꼽전골은 매운맛이 있어 매운 음식을 좋아하는 고객도 만족할 수 있습니다. 영업시간은 월~금요일 11:00~22:00(브레이크타임 15:00~17:00), 토요일 11:30~22:00이며 일요일은 휴무입니다. 깔끔한 분위기에서 전통 한식을 즐기기에 적합하며, 고급 한우와 전통 국물 요리를 찾는 고객에게 추천됩니다.",
  "rag_text": "영동시장 내에서 유명한 고깃집의 여의도 분점으로, 질 좋은 한우고기를 숯불에 구워 즐길 수 있는 한식 전문점입니다. 평양냉면과 갈비탕이 인기 메뉴이며, 전통 한식 메뉴를 중심으로 한 분위기입니다. 조용하고 편안한 분위기에서 가족 모임이나 비즈니스 식사에 적합한 곳입니다.",
  "metadata": {
    "budget_range": "고",
    "spicy_available": "O",
    "vegetarian_options": "X",
    "main_ingredients_list": [
      "기타",
      "육류"
    ],
    "low_level_category": "갈비탕, 소고기구이, 돼지고기구이",
    "suitable_for": [
      "가족모임",
      "비즈니스",
      "조용한"
    ],
    "food_type_list": [
      "면류",
      "국물류",
      "고기류"
    ],
    "temperature_list": [
      "냉",
      "온"
    ],
    "high_level_category": "한식"
  }
}