{
  "id": 29765,
  "store_name": "키에리",
  "llm_summary": "키에리는 서울 용산구 이태원동에 위치한 디저트전문점으로, 건강한 재료를 사용한 담백한 맛의 디저트를 선보입니다. 우유, 달걀, 밀가루, 쌀가루를 주재료로 하며 버터와 첨가제를 사용하지 않는 것이 특징입니다. 대표 메뉴로는 다양한 종류의 케이크(얼그레이케이크, 꿀고구마치즈케이크, 바나나케이크)와 스콘이 있으며, 음료로는 커피, 과일에이드, 칵테일도 제공합니다. 노키즈존으로 운영되며 4인 이상의 단체는 받지 않는 점이 특징입니다. 영업시간은 월~금요일 13:00~20:00, 주말 14:00~20:00이며, 이태원역 4번 출구에서 앤틱가구거리 방향으로 직진 후 메르시에서 우회전, 두 번째 골목에서 다시 우회전하면 위치합니다. 2016년 4월 개업했으며, 인스타그램(https://www.instagram.com/kyeri_official)도 운영 중입니다. 가격대는 2,600원부터 9,500원 사이로 합리적인 편이며, 매운 메뉴는 없습니다. 독자 리뷰는 아직 등록되어 있지 않습니다.",
  "rag_text": "건강한 디저트를 선보이는 디저트전문점으로, 우유와 달걀, 밀가루, 쌀가루를 주재료로 하여 버터와 첨가제를 사용하지 않는 담백한 맛이 특징입니다. 다양한 케이크와 스콘이 인기 메뉴이며, 노키즈존으로 조용하고 아늑한 분위기를 유지합니다. 양식 테마의 디저트와 음료를 주로 제공하며, 편안한 디저트 카페 분위기입니다.",
  "metadata": {
    "budget_range": "저",
    "spicy_available": "X",
    "vegetarian_options": "X",
    "main_ingredients_list": [
      "기타"
    ],
    "low_level_category": "디저트전문점",
    "suitable_for": [
      "노키즈존",
      "조용한",
      "아늑한"
    ],
    "food_type_list": [
      "디저트류",
      "음료"
    ],
    "temperature_list": [
      "상",
      "기타"
    ],
    "high_level_category": "디저트류"
  }
}