{
  "id": 29773,
  "store_name": "미림분식",
  "llm_summary": "미림분식은 서울 관악구 신림동에 위치한 분식집으로, 미림여고 학생들에게 40년 가까이 사랑받아 온 전통 있는 맛집입니다. 이곳은 자리에서 직접 끓여 먹는 즉석 떡볶이 스타일을 제공하며, 고추장 양념과 짜장 양념 중 선택할 수 있습니다. 남은 양념에 김치를 송송 썬 밥을 볶아 먹는 독특한 맛이 인기입니다. 메뉴로는 떡볶이, 라면, 쫄면, 볶음밥, 라볶이, 짜장떡볶이 등 다양한 분식류가 있으며, 대부분 한식 테마로 온기가 있는 메뉴들이 주를 이룹니다. 매장은 연중무휴로 운영되며, 오전 11시 30분부터 오후 9시까지 영업합니다. 가격대는 1,500원에서 4,500원 사이로 저렴한 편이며, 매운 메뉴도 다수 포함되어 있습니다. 미림분식은 학생들과 지역 주민에게 친숙한 맛집으로, 즉석 떡볶이와 다양한 분식 메뉴를 즐길 수 있는 곳입니다.",
  "rag_text": "미림분식은 미림여고 학생들에게 오랫동안 사랑받아 온 전통적인 분식집입니다. 자리에서 직접 끓여 먹는 즉석 떡볶이 스타일로 고추장 양념과 짜장 양념을 선택할 수 있으며, 김치를 송송 썬 밥을 남은 양념에 볶아 먹는 맛이 특징입니다. 한식 테마의 다양한 분식 메뉴를 제공하며, 아늑하고 편안한 분위기에서 부담 없이 즐길 수 있는 지역 대표 분식점입니다.",
  "metadata": {
    "budget_range": "저",
    "spicy_available": "O",
    "vegetarian_options": "X",
    "main_ingredients_list": [
      "기타"
    ],
    "low_level_category": "분식, 떡볶이",
    "suitable_for": [
      "지역주민",
      "학생",
      "가성비",
      "편안한"
    ],
    "food_type_list": [
      "밥류",
      "면류",
      "기타"
    ],
    "temperature_list": [
      "온",
      "냉"
    ],
    "high_level_category": "한식"
  }
}