{
  "id": 29837,
  "store_name": "누랑즈뉘",
  "llm_summary": "누랑즈뉘는 서울 용산구 이태원동에 위치한 모던한 중식당으로, 이름은 견우직녀의 뜻을 담고 있습니다. 이곳은 오향장육, 멘보샤를 비롯하여 해산물덮밥과 게살볶음밥 같은 다양한 식사 메뉴를 제공합니다. 대표 메뉴는 88,000원인 누랑즈뉘코스이며, 예약이 필수인 고급 중식 코스 요리를 경험할 수 있습니다. 영업시간은 매일 12시부터 21시까지이며, 휴무일은 비정기적으로 운영됩니다. 녹사평역 2번 출구 인근에서 접근이 용이하며, 주차는 불가합니다. 현재까지 독자 리뷰는 등록되어 있지 않으나, 블루리본 Pick으로 선정되어 신뢰받는 맛집입니다. 메뉴는 단일 코스 요리로 맵지 않고, 주요 재료는 기타로 분류되어 있습니다. 방문 시 사전 예약이 필수이며, 프리미엄 검색 기능을 통해 보다 편리하게 정보를 확인할 수 있습니다.",
  "rag_text": "견우직녀라는 뜻의 모던한 중식당으로, 오향장육, 멘보샤 등 전통과 현대가 조화를 이루는 중식 코스 요리를 제공합니다. 고급스러운 분위기에서 사전 예약 필수로 운영되며, 해산물덮밥과 게살볶음밥 등 다양한 식사 메뉴도 함께 즐길 수 있습니다. 조용하고 세련된 분위기의 중식당으로, 특별한 모임이나 비즈니스 다이닝에 적합합니다.",
  "metadata": {
    "budget_range": "고",
    "spicy_available": "X",
    "vegetarian_options": "X",
    "main_ingredients_list": [
      "기타"
    ],
    "low_level_category": "일반중식",
    "suitable_for": [
      "고급",
      "모던",
      "예약필수",
      "조용한",
      "특별한모임",
      "비즈니스다이닝"
    ],
    "food_type_list": [
      "기타"
    ],
    "temperature_list": [
      "상"
    ],
    "high_level_category": "중식"
  }
}