{
  "id": 29909,
  "store_name": "더플레이트디저트",
  "llm_summary": "더플레이트디저트는 서울 강남구 신사동 안다즈호텔 지하 1층에 위치한 디저트전문점입니다. 이곳은 인공 향을 전혀 첨가하지 않고 직접 숙성시킨 천연 재료로 만든 디저트를 제공하며, 시그니처 메뉴인 밀푀유는 주문 즉시 플레이팅하여 아름답고 정성스러운 디저트를 경험할 수 있습니다. 대표 메뉴로는 밀푀유슈, 밀푀유크루아상, 타르트, 몽블랑 등이 있으며, 결이 살아 있는 크루아상도 추천 메뉴에 포함됩니다. 음료 메뉴로는 아메리카노와 카페라테가 준비되어 있습니다. 가격대는 3,000원에서 4,100원 사이로 합리적이며, 영업시간은 월요일부터 토요일까지 오전 11시부터 오후 9시까지 운영하고 일요일은 휴무입니다. 천연 재료를 사용한 건강한 디저트와 세련된 플레이팅으로 디저트 애호가들에게 좋은 선택지입니다.",
  "rag_text": "천연 재료를 직접 숙성하여 인공 향 없이 만드는 디저트전문점으로, 시그니처 밀푀유를 즉석에서 아름답게 플레이팅하여 제공하는 곳입니다. 타르트, 몽블랑 등 다양한 플레이팅 디저트와 결이 살아 있는 크루아상도 즐길 수 있습니다. 디저트와 음료를 함께 제공하며, 깔끔하고 정성스러운 디저트 경험을 원하는 고객에게 적합합니다.",
  "metadata": {
    "budget_range": "저",
    "spicy_available": "X",
    "vegetarian_options": "X",
    "main_ingredients_list": [
      "기타"
    ],
    "low_level_category": "디저트전문점",
    "suitable_for": [],
    "food_type_list": [
      "음료",
      "디저트류"
    ],
    "temperature_list": [
      "상",
      "온"
    ],
    "high_level_category": "디저트류"
  }
}