{
  "id": 30010,
  "store_name": "완도1957(강남구청역점)",
  "llm_summary": "완도1957(강남구청역점)은 서울 강남구 논현동 강남파라곤에 위치한 전복과 문어요리를 전문으로 하는 한식당입니다. 이곳은 완도산 전복과 문어를 신선하게 사용하며, 고소한 버터에 구운 전복버터구이, 돼지수육과 문어숙회, 묵은지를 곁들여 먹는 문어삼합이 대표 추천 메뉴입니다. 메뉴는 문어숙회, 전복닭발, 전복무침, 문어무침, 전복버터구이, 문어삼합 등으로 구성되어 있으며, 가격대는 28,000원에서 38,000원 사이입니다. 모든 메뉴는 맵지 않고, 주재료는 주로 패류와 조류입니다. 또한 해산물과 잘 어울리는 위스키와 사케 등 다양한 주류도 갖추고 있어 아늑한 분위기에서 술 한잔하기 좋습니다. 영업시간은 월요일부터 토요일까지 오후 5시부터 다음날 새벽 4시까지이며, 일요일은 휴무입니다. 강남구청역 2번 출구 인근에 위치해 접근성이 좋고, 가성비 좋은 전복 요리를 즐길 수 있어 간단히 맥주와 함께 식사하기에 적합한 곳입니다. 독자 리뷰에 따르면 전복죽과 전복 내장구이, 야채볶음이 인상적이며, 라면도 건강한 맛으로 제공됩니다. 전체적으로 편안하고 아늑한 분위기에서 전복과 문어를 중심으로 한 한식 해산물 요리를 즐길 수 있는 맛집입니다.",
  "rag_text": "완도1957(강남구청역점)은 완도산 전복과 문어요리를 전문으로 하는 한식 해산물 전문점으로, 고소한 버터에 구운 전복버터구이와 문어삼합 등이 인기 메뉴입니다. 아늑한 분위기에서 위스키와 사케 등 다양한 주류와 함께 술 한잔하기 좋은 공간이며, 새벽까지 영업하여 저녁 시간대 방문하기 적합합니다. 전복과 문어를 중심으로 한 해산물 요리를 제공하며, 편안하고 가성비 좋은 강남구청역 인근 맛집입니다.",
  "metadata": {
    "budget_range": "중",
    "spicy_available": "X",
    "vegetarian_options": "X",
    "main_ingredients_list": [
      "패류",
      "조류"
    ],
    "low_level_category": "전복, 문어",
    "suitable_for": [
      "술자리",
      "아늑한",
      "가성비",
      "저녁영업",
      "새벽영업"
    ],
    "food_type_list": [
      "해산물류"
    ],
    "temperature_list": [
      "생",
      "온"
    ],
    "high_level_category": "한식"
  }
}