{
  "id": 30084,
  "store_name": "포포유",
  "llm_summary": "포포유는 서울 영등포구 여의도동 IFC스트리트몰에 위치한 미국식 베트남 쌀국수 전문점입니다. 2008년 11월 개업하여 연중무휴로 운영되며, 샌프란시스코의 베트남 셰프 Mr.Loan에게 전수받은 특별한 요리 비법을 바탕으로 다양한 베트남 요리를 선보입니다. 대표 메뉴로는 여러 고기 종류가 들어간 포포유콤비네이션 쌀국수, 새콤한 비빔쌀국수 분짜, 베트남식 샌드위치 반미가 있으며, 쌀국수, 분보, 팟타이, 볶음밥, 스프링롤 등 다양한 메뉴를 갖추고 있습니다. 메뉴 가격대는 7,500원에서 16,000원 사이이며, 매운 메뉴도 일부 포함되어 있습니다. 치킨파인애플스프링롤, 새우아보카도스프링롤, 소고기쌀국수, 소고기분보(매운), 새우팟타이(매운), 버터새우볶음밥, 치킨플레이트 등이 주요 메뉴입니다. 분위기는 연인과 함께 방문하기 좋은 곳으로 소개되어 있으며, 편안하고 다양한 미국식 베트남 요리를 즐길 수 있는 공간입니다.",
  "rag_text": "미국식 베트남 쌀국수 전문점으로, 샌프란시스코 베트남 셰프의 비법을 전수받아 다양한 고기와 해산물 메뉴를 선보입니다. 연인과 함께 방문하기 좋은 편안한 분위기의 베트남식 레스토랑으로, 쌀국수, 분짜, 반미 등 전통과 창의성이 조화된 메뉴를 제공합니다. 매운 메뉴도 일부 포함되어 있어 다양한 입맛을 만족시킵니다.",
  "metadata": {
    "budget_range": "중",
    "spicy_available": "O",
    "vegetarian_options": "X",
    "main_ingredients_list": [
      "조류",
      "어류",
      "육류"
    ],
    "low_level_category": "베트남식",
    "suitable_for": [
      "연인",
      "편안한",
      "연중무휴"
    ],
    "food_type_list": [
      "고기류",
      "기타",
      "면류",
      "밥류"
    ],
    "temperature_list": [
      "상",
      "생",
      "온"
    ],
    "high_level_category": "동남아"
  }
}