{
  "id": 30143,
  "store_name": "1940금문",
  "llm_summary": "1940금문은 서울 종로구 혜화동에 위치한 80년 이상의 역사를 가진 전통 화상 중국집입니다. 이곳은 전반적으로 짜지 않은 맛을 유지하며, 특히 탕수육과 같은 튀김 요리를 뛰어나게 잘하는 것으로 알려져 있습니다. 대표 메뉴로는 간짜장, 볶음밥, 탕수육, 멘보샤 등이 있으며, 메뉴는 간짜장, 새우볶음밥, 탕수육, 가지튀김, 짜장면, 짬뽕, 우동, 울면, 마파두부밥, 깐풍기, 유린기, 전가복 등 다양한 중식 요리를 제공합니다. 매운 메뉴도 일부 포함되어 있어 다양한 입맛을 만족시킵니다. 1940금문은 레드리본 선정과 서울 2025 선정에 이름을 올린 명성 있는 중식당으로, 오랜 전통과 뛰어난 맛으로 중식 애호가들에게 사랑받고 있습니다.",
  "rag_text": "80년 전통의 화상 중국집으로, 레드리본 선정 및 서울 2025 선정된 중식당입니다. 전반적으로 짜지 않고 튀김 요리를 특히 잘하며, 간짜장, 볶음밥, 탕수육, 멘보샤 등 다양한 중식 메뉴를 제공합니다. 정통 중식의 맛과 전통을 유지하며, 다양한 온기 메뉴와 매운 메뉴도 포함되어 있어 중식 전문점의 정체성을 갖추고 있습니다.",
  "metadata": {
    "budget_range": "중",
    "spicy_available": "O",
    "vegetarian_options": "X",
    "main_ingredients_list": [
      "기타",
      "어류",
      "육류"
    ],
    "low_level_category": "일반중식",
    "suitable_for": [
      "레드리본 선정",
      "서울 2025 선정"
    ],
    "food_type_list": [
      "면류",
      "밥류",
      "고기류",
      "국물류"
    ],
    "temperature_list": [
      "온"
    ],
    "high_level_category": "중식"
  }
}