{
  "id": 30180,
  "store_name": "요수정",
  "llm_summary": "요수정은 서울 마포구 대흥동에 위치한 코리안 이탈리안 퓨전 레스토랑으로, 2013년 7월에 개업하여 시즌2를 이어가고 있습니다. 서울 2025 선정 맛집으로, 당일 준비한 신선한 식재료를 활용해 숙성광어, 감태말이, 삼겹살 찜 등 다양한 퓨전 한식과 이탈리아식 요리를 제공합니다. 메뉴 구성은 매일 달라지며, 대표 메뉴로는 런치믿고맡김코스(38,000원)와 저녁믿고맡김코스(50,000원)가 있습니다. 영업시간은 월요일 17:30~22:00, 화~토요일 12:00~22:00(브레이크타임 14:00~17:30), 일요일은 휴무입니다. 인스타그램과 페이스북을 통해 소통하며, 술 한잔하기 좋은 분위기의 직관적인 요리집으로 평가받고 있습니다. 독자 리뷰는 아직 등록되지 않았으며, 가격대는 중고가에 해당합니다.",
  "rag_text": "코리안 이탈리안을 표방하는 퓨전한식, 이탈리아식 레스토랑으로 신선한 당일 재료를 사용해 창의적인 숙성광어, 감태말이, 삼겹살 찜 등 다양한 메뉴를 선보입니다. 서울 2025 선정 맛집이며, 술 한잔하기 좋은 분위기의 직관적 요리집입니다.",
  "metadata": {
    "budget_range": "중",
    "spicy_available": "X",
    "vegetarian_options": "X",
    "main_ingredients_list": [],
    "low_level_category": "퓨전한식, 이탈리아식",
    "suitable_for": [
      "서울 2025 선정",
      "술 한잔하기 좋은",
      "직관적 요리집"
    ],
    "food_type_list": [],
    "temperature_list": [],
    "high_level_category": "한식"
  }
}