{
  "id": 302,
  "store_name": "마포진짜원조최대포(본점)",
  "llm_summary": "마포진짜원조최대포(본점)은 1956년부터 운영되어 온 마포 지역에서 가장 오래된 돼지갈빗집 중 하나로, 서울특별시 마포구 공덕동에 위치해 있습니다. 이곳은 돼지갈비와 돼지고기구이를 주력으로 하며, 가격대가 저렴해 부담 없이 즐길 수 있는 것이 특징입니다. 대표 메뉴로는 양념돼지갈비(250g), 소금구이(200g), 돼지껍데기, 염통(150g), 장모님국수, 흑쌀냉면 등이 있으며, 돼지갈비는 매콤한 맛을 제공하는 반면 다른 메뉴들은 매운맛이 없습니다. 메뉴는 주로 한식 테마로 구성되어 있으며, 고기류와 면류가 주를 이룹니다. 이 식당은 레드리본 선정과 서울 2025 맛집으로 인증받아 신뢰도가 높고, 회식이나 가족 모임에 적합한 분위기를 갖추고 있습니다. 영업시간은 매일 11:00부터 22:50까지이며, 연중 무휴로 운영됩니다. 공덕역 5번 출구 앞에 위치해 접근성이 좋고, 공식 인스타그램 계정도 운영 중입니다. 방문객들은 전통적인 맛과 합리적인 가격 대비 만족도를 기대할 수 있습니다.",
  "rag_text": "1956년부터 운영된 전통 있는 돼지갈비 전문 한식당으로, 레드리본 맛집이자 서울 2025 선정 가게입니다. 부담 없이 즐길 수 있는 저렴한 가격대와 회식하기 좋은 편안한 분위기를 갖추었으며, 대표 메뉴인 양념갈비와 돼지껍데기가 별미입니다. 가족모임과 단체 모임에 적합하며, 한식 테마의 고기류와 면류를 중심으로 다양한 메뉴를 제공합니다.",
  "metadata": {
    "budget_range": "중",
    "spicy_available": "O",
    "vegetarian_options": "X",
    "main_ingredients_list": [
      "육류",
      "기타"
    ],
    "low_level_category": "돼지갈비, 돼지고기구이",
    "suitable_for": [
      "회식",
      "가족모임",
      "가성비",
      "전통",
      "편안한 분위기"
    ],
    "food_type_list": [
      "고기류",
      "면류"
    ],
    "temperature_list": [
      "온",
      "냉"
    ],
    "high_level_category": "한식"
  }
}