{
  "id": 30246,
  "store_name": "우드진",
  "llm_summary": "우드진은 서울 강서구 마곡동 리더스퀘어마곡에 위치한 인기 카페로, 2018년 7월 23일에 개업하였습니다. 이 카페는 매달 새로운 메뉴를 선보이는 '월간 우드진'이라는 콘셉트를 가지고 있으며, 시즌별로 변화하는 수제 아이스티와 달콤한 크림이 올라간 라테 아인슈페너인 우디슈페너, 티와 자일로스 슈가로 15시간 냉침한 밀크티인 얼그레이밀크티가 시그니처 메뉴입니다. 메뉴는 초코피칸쿠키, 커피, 차, 우디슈페너, 에이드, 케이크 등으로 다양하며, 가격대는 1,500원부터 5,800원 사이입니다. 영업시간은 월~금요일 07:30~22:00, 주말 12:00~22:00이며, 공휴일은 휴무입니다. 발산역 9번 출구 근처에 위치해 있으며, 인스타그램(@cafewoodjean)을 통해 소식을 접할 수 있습니다. 내부 분위기나 라벨 정보는 별도로 제공되지 않았으나, 마곡 지역에서 인기가 높은 카페로 알려져 있습니다.",
  "rag_text": "마곡에서 인기 있는 카페로, 매달 새로운 메뉴를 선보이는 '월간 우드진' 콘셉트를 가진 곳입니다. 시즌별로 달라지는 수제 아이스티와 달콤한 크림이 올라간 라테 아인슈페너인 우디슈페너, 15시간 냉침한 얼그레이밀크티가 시그니처 메뉴입니다. 다양한 디저트와 음료를 제공하며, 편안하고 트렌디한 카페 분위기를 갖추고 있습니다.",
  "metadata": {
    "budget_range": "저",
    "spicy_available": "X",
    "vegetarian_options": "X",
    "main_ingredients_list": [
      "기타"
    ],
    "low_level_category": "카페",
    "suitable_for": [],
    "food_type_list": [
      "디저트류",
      "음료"
    ],
    "temperature_list": [
      "상",
      "기타"
    ],
    "high_level_category": "기타"
  }
}