{
  "id": 30339,
  "store_name": "백송(신당본점)",
  "llm_summary": "백송(신당본점)은 서울 중구 신당동에 위치한 짝갈비 전문 한우 소고기구이 전문점입니다. 2019년 8월 15일에 개업했으며, 연중무휴로 월~토요일 11시부터 22시까지, 일요일은 13시부터 22시까지 운영합니다. 신당역 8번 출구 인근 광희지구대 맞은편 골목에 위치해 접근성이 좋습니다. 이곳은 한우갈비를 짝으로 들여와 매장에서 직접 손질하여 숯불과 격자 모양의 독특한 불판 위에 구워내는 방식으로 유명합니다. 대표 메뉴로는 한우육회, 백송서대살, 백송짝갈비살, 제비추리, 한우가리주물럭, 프리미엄명주안심, 프리미엄살치살, 프리미엄안창살 등이 있으며, 가격대는 25,000원에서 48,000원 사이입니다. 육개장에 쫄면 사리를 넣은 육개장쫄면도 별미로 인기가 있습니다. 모든 메뉴는 맵지 않고 생고기 또는 상온 상태로 제공됩니다. 고객 리뷰는 아직 등록되어 있지 않으나, 켈리 더블 임팩트 맛집으로 소개되고 있습니다. 예약 및 제보 기능이 제공되며, 가격과 메뉴, 영업시간 등은 변동 가능성이 있습니다.",
  "rag_text": "짝갈비 전문 한식 소고기구이점으로, 한우갈비를 직접 손질하여 숯불과 독특한 격자 불판에 구워내는 전통적인 방식이 특징입니다. 고급 한우 메뉴와 육개장쫄면이 별미이며, 연중무휴로 운영되어 편리합니다. 조용하고 가족 모임이나 비즈니스 식사에도 적합한 분위기입니다.",
  "metadata": {
    "budget_range": "중",
    "spicy_available": "X",
    "vegetarian_options": "X",
    "main_ingredients_list": [
      "육류",
      "어류"
    ],
    "low_level_category": "소고기구이",
    "suitable_for": [
      "가족모임",
      "비즈니스",
      "조용한"
    ],
    "food_type_list": [
      "기타",
      "해산물류",
      "고기류"
    ],
    "temperature_list": [
      "생",
      "상"
    ],
    "high_level_category": "한식"
  }
}