{
  "id": 30362,
  "store_name": "쿤쏨차이",
  "llm_summary": "쿤쏨차이는 김남성 셰프가 이끄는 서울 서초구의 태국 요리 전문 레스토랑으로, 2019년에 개업하였습니다. 대표 메뉴는 부드러운 게살과 진한 커리 향이 어우러진 '뿌팟퐁커리'이며, 이외에도 소갈비솜차이태국국밥, 소고기토마토곱창국수, 새우살튀김, 팟키마오꿍 등 다양한 태국식 요리를 제공합니다. 메뉴 가격대는 15,000원에서 28,000원 사이로 형성되어 있습니다. 매장은 현지 태국 분위기가 물씬 풍기는 인테리어가 특징이며, 프라이빗룸이 마련되어 있어 모임에도 적합합니다. 블루리본 서베이의 레드리본과 '서울 2025'에 선정된 곳으로, 교대역 4번 출구에서 도보로 접근이 편리합니다. 영업시간은 매일 11:30~21:30(브레이크타임 15:00~17:30)이며, 명절 연휴에는 휴무입니다. 맵기가 있는 메뉴도 제공하며, 해산물과 육류가 주요 재료로 사용됩니다. 공식 인스타그램(@kunsomchai)도 운영 중입니다.",
  "rag_text": "김남성 셰프가 운영하는 태국식 전문 레스토랑으로, 부드러운 게살과 진한 커리 향이 어우러진 뿌팟퐁커리가 대표 메뉴입니다. 현지 태국 분위기가 물씬 풍기는 인테리어와 프라이빗룸이 마련되어 있어, 사적인 모임이나 특별한 식사에 적합한 곳입니다. 레드리본, 서울 2025 선정 등 신뢰받는 태국 음식점으로, 다양한 온 메뉴와 해산물 및 육류 기반 요리를 제공합니다.",
  "metadata": {
    "budget_range": "중",
    "spicy_available": "O",
    "vegetarian_options": "X",
    "main_ingredients_list": [
      "패류",
      "육류"
    ],
    "low_level_category": "태국식",
    "suitable_for": [
      "레드리본 선정",
      "서울 2025 선정",
      "프라이빗룸",
      "사적인 모임",
      "특별한 식사"
    ],
    "food_type_list": [
      "해산물류",
      "밥류",
      "면류",
      "국물류"
    ],
    "temperature_list": [
      "온"
    ],
    "high_level_category": "동남아"
  }
}