{
  "id": 30417,
  "store_name": "포응온",
  "llm_summary": "포응온은 서울 광진구 중곡동에 위치한 베트남식 전문 레스토랑으로, 베트남 하노이식 쌀국수를 선보입니다. 베트남 현지에서 거주했던 주인이 운영하며, 24시간 사골 육수를 사용해 맑고 깔끔한 국물 맛이 특징입니다. 대표 메뉴로는 육해장쌀국수, 직화차돌쌀국수, 분보싸오, 도가니쌀국수 등이 있으며, 새콤한 양념장에 찍어 먹는 분보싸오와 직화로 구운 소고기가 올라가는 직화쌀국수가 특히 인기입니다. 해물짜조, 새우볼, 굴튀김 등 해산물 메뉴도 다양하게 제공하며, 도가니수육과 양지쌀국수도 맛볼 수 있습니다. 가격대는 2,000원에서 30,000원 사이이며, 매일 11시부터 21시까지 영업하고 연중 무휴입니다. 2025년 서울 레드리본 선정 맛집으로 인정받았으며, 베트남 현지의 맛을 충실히 재현한 전통성과 신선한 재료 사용이 돋보입니다. 편안한 분위기에서 가족 모임이나 데이트 등 다양한 목적에 적합한 곳입니다.",
  "rag_text": "베트남 하노이식 쌀국수 전문점으로, 베트남 현지에서 살다온 주인이 운영하며 24시간 끓인 사골 육수를 사용하는 맑고 깔끔한 국물 맛이 특징입니다. 레드리본 선정 서울 2025 선정 맛집으로, 새콤한 양념장에 담가 먹는 분보싸오와 직화로 구운 소고기가 올라가는 직화쌀국수가 인기 메뉴입니다. 다양한 해산물과 고기류 메뉴가 있으며, 전통적인 베트남 쌀국수의 맛을 재현한 곳입니다.",
  "metadata": {
    "budget_range": "중",
    "spicy_available": "X",
    "vegetarian_options": "X",
    "main_ingredients_list": [
      "기타",
      "패류",
      "육류"
    ],
    "low_level_category": "베트남식",
    "suitable_for": [
      "레드리본 선정",
      "서울 2025 선정",
      "전통적",
      "가족모임",
      "데이트"
    ],
    "food_type_list": [
      "면류",
      "기타",
      "해산물류",
      "고기류"
    ],
    "temperature_list": [
      "온"
    ],
    "high_level_category": "동남아"
  }
}