{
  "id": 30440,
  "store_name": "바마셀",
  "llm_summary": "바마셀은 서울 용산구 원효로에 위치한 1인 운영 커피전문점으로, 국가대표 바리스타 최현선 대표가 운영하는 정통 이탈리안 에스프레소 바 스타일의 스탠딩 바입니다. 대표 메뉴인 카페콘쥬케로는 스페셜티 커피 에스프레소에 설탕 한 스푼을 넣어 독특한 맛을 자랑하며, 셰이킹한 에스프레소에 우유와 생크림을 얹은 카페사케라토도 인기가 많습니다. 메뉴는 에스프레소, 마키아토, 카푸치노, 카페모카, 아포가토, 브라우니아이스크림 등 다양한 커피 및 디저트류를 포함하며, 가격대는 4,000원에서 6,800원 사이입니다. 매장은 월~화, 금요일 10:00~18:00, 수요일 10:00~14:30, 주말 11:00~18:00에 운영하며 목요일은 휴무입니다. 서울 2025 맛집 선정 가게로, 남영역 인근에 위치해 접근성이 좋습니다. 고급스러운 이탈리안 에스프레소 문화를 경험할 수 있는 곳으로, 정통 커피 애호가들에게 추천됩니다.",
  "rag_text": "국가대표 바리스타 최현선 대표가 운영하는 1인 정통 이탈리안 에스프레소 바 스타일의 커피전문점으로, 서울 2025 선정 맛집입니다. 스탠딩 바 형태로 카페콘쥬케로와 셰이킹한 에스프레소에 우유와 생크림을 얹은 카페사케라토가 인기 메뉴입니다. 다양한 온도의 커피 음료와 디저트류를 제공하며, 고급스러운 분위기에서 전문적인 커피를 즐길 수 있습니다.",
  "metadata": {
    "budget_range": "저",
    "spicy_available": "X",
    "vegetarian_options": "X",
    "main_ingredients_list": [
      "기타"
    ],
    "low_level_category": "커피전문점",
    "suitable_for": [
      "서울 2025 선정",
      "전문가 운영",
      "정통 이탈리안 에스프레소 바",
      "스탠딩 바"
    ],
    "food_type_list": [
      "음료",
      "기타",
      "디저트류"
    ],
    "temperature_list": [
      "온",
      "상",
      "냉"
    ],
    "high_level_category": "기타"
  }
}