{
  "id": 30456,
  "store_name": "시카노이에",
  "llm_summary": "시카노에는 서울 종로구 경희궁1길 32 신문로하우스에 위치한 아늑한 분위기의 일본가정식 전문점입니다. 2017년에 개업했으며, 블루리본 서베이 서울 2025에 선정된 레드리본 맛집으로 입증된 품질을 자랑합니다. 대표 메뉴로는 명란새우오므라이스와 아보카도명란마요밥이 있으며, 바삭한 고로케, 치킨가라아게, 왕새우튀김 같은 사이드 메뉴도 인기가 높습니다. 메뉴는 주로 온(따뜻한) 음식으로 구성되어 있고, 해산물, 육류, 조류, 패류 등 다양한 주재료를 사용합니다. 드라이카레와 코코넛새우커리 등 매운 메뉴도 제공되어 다양한 입맛을 만족시킵니다. 주문은 입구에 설치된 키오스크를 통해 진행하며, 영업시간은 월~토요일 11:00~21:00(브레이크타임 15:00~17:00), 일요일 11:00~15:00로 연중무휴 운영됩니다. 광화문역 7번 출구에서 경희궁 방향으로 직진 후 신문로파출소 옆길을 따라 우측에 위치해 접근성이 좋습니다. 인스타그램(@deer_ie)에서 추가 정보를 확인할 수 있습니다.",
  "rag_text": "아늑한 분위기의 일본가정식 전문점으로, 명란새우오므라이스와 아보카도명란마요밥 등 소담한 일본가정식을 선보입니다. 바삭한 고로케, 치킨가라아게, 왕새우튀김 등의 사이드메뉴를 곁들여 더욱 맛있게 즐길 수 있습니다. 레드리본 선정 서울 2025 선정 맛집으로 신뢰받고 있으며, 일식 테마의 다양한 온(따뜻한) 음식이 준비되어 있습니다. 편리한 키오스크 주문 시스템과 광화문역 인근 위치가 특징입니다.",
  "metadata": {
    "budget_range": "중",
    "spicy_available": "O",
    "vegetarian_options": "X",
    "main_ingredients_list": [
      "패류",
      "기타",
      "조류",
      "육류"
    ],
    "low_level_category": "일본가정식",
    "suitable_for": [
      "데이트",
      "조용한",
      "가족모임"
    ],
    "food_type_list": [
      "밥류",
      "기타",
      "해산물류",
      "고기류"
    ],
    "temperature_list": [
      "온"
    ],
    "high_level_category": "일식"
  }
}