{
  "id": 30682,
  "store_name": "닭내장집",
  "llm_summary": "닭내장집은 서울 서대문구 남가좌동 모래내 시장에서 50년 넘게 닭내장과 닭발만을 전문으로 취급하는 전통 있는 한식당입니다. 외관에서 오랜 세월의 흔적이 느껴지며, 대표 메뉴는 매콤하고 칼칼한 내장과 알집이 들어간 닭내장탕과 옛날 방식으로 만든 빨간 양념의 닭발입니다. 이곳은 소주 한잔하기에 좋은 분위기를 갖추고 있습니다. 메뉴는 닭발, 닭내장탕(소, 중, 대), 소허파 등으로 구성되어 있으며, 모든 메뉴가 매운맛을 포함하고 있습니다. 가격대는 8,000원에서 25,000원 사이로 다양합니다. 영업시간은 매일 10:30부터 22:30까지이며, 첫째주와 셋째주 목요일은 휴무입니다. 가좌역 인근 모래내시장 내 위치해 있어 접근성이 좋습니다. 전통적인 맛과 분위기로 소주와 함께 즐기기 적합한 식당입니다.",
  "rag_text": "50년 전통의 닭내장과 닭발 전문 한식당으로, 매콤하고 칼칼한 닭내장탕과 빨간 양념 닭발이 인기이며, 소주 한잔하기 좋은 분위기의 전통적인 맛집입니다.",
  "metadata": {
    "budget_range": "중",
    "spicy_available": "O",
    "vegetarian_options": "X",
    "main_ingredients_list": [
      "조류",
      "육류"
    ],
    "low_level_category": "닭발, 닭내장",
    "suitable_for": [
      "소주 한잔",
      "전통적인",
      "가좌역 인근",
      "모래내시장"
    ],
    "food_type_list": [
      "고기류",
      "국물류"
    ],
    "temperature_list": [
      "온"
    ],
    "high_level_category": "한식"
  }
}