{
  "id": 30698,
  "store_name": "랍스터바",
  "llm_summary": "랍스터바는 서울 용산구 한강로3가 용산 아이파크몰 4층에 위치한 바닷가재 전문 레스토랑입니다. 2016년 4월 5일 개업하였으며, 합리적인 가격대로 바닷가재가 들어간 다양한 메뉴를 즐길 수 있습니다. 대표 메뉴로는 뉴잉글랜드랍스터롤, 랍스터그릴치즈, 오리지널랍스터롤메인, 오리지널랍스터그릴치즈, 치즈스테이크(240g), 스테이크&랍스터플래터가 있으며, 가격대는 19,000원에서 38,000원 사이입니다. 메뉴는 주로 양식 테마이며, 온도는 따뜻한 온메뉴와 차가운 상온메뉴로 구분됩니다. 바닷가재를 중심으로 한 해산물 요리와 육류 스테이크를 함께 제공하여 다양한 미식 경험을 제공합니다. 매장은 시원한 맥주도 갖추고 있어 음식과 함께 즐기기 좋습니다. 아이파크몰 주차장을 2시간 무료로 이용할 수 있으며, 영업시간은 매일 10:00부터 22:00까지입니다. 인스타그램 계정도 운영 중입니다. 전반적으로 미 동부 감성을 느낄 수 있는 랍스터 전문 레스토랑으로, 합리적인 가격에 신선한 해산물과 스테이크를 맛볼 수 있는 곳입니다.",
  "rag_text": "랍스터바는 용산 아이파크몰에 위치한 바닷가재 전문 양식 레스토랑으로, 합리적인 가격대에 바닷가재가 들어간 샌드위치, 파스타, 스테이크 등을 제공하며 시원한 맥주와 함께 즐길 수 있습니다. 미 동부 감성을 느낄 수 있는 캐주얼한 분위기의 바닷가재 전문점입니다.",
  "metadata": {
    "budget_range": "중",
    "spicy_available": "X",
    "vegetarian_options": "X",
    "main_ingredients_list": [
      "패류",
      "육류"
    ],
    "low_level_category": "바닷가재",
    "suitable_for": [],
    "food_type_list": [
      "기타",
      "고기류"
    ],
    "temperature_list": [
      "상",
      "온"
    ],
    "high_level_category": "양식"
  }
}