{
  "id": 30712,
  "store_name": "타르데마",
  "llm_summary": "타르데마는 서울 강서구 내발산동에 위치한 베이커리로, 하루 8,000개 이상의 소금빵을 직접 구워내는 것으로 유명합니다. 2016년 7월에 개업했으며, 2025년 블루리본 서베이 서울 맛집에 선정된 곳입니다. 대표 메뉴인 '뇸뇸소금빵'은 천연발효종 르방, 고메버터, 쌀가루 등 고급 재료를 사용한 독창적인 레시피로 만들어지며, 큼직한 크기와 대형 버터홀에서 나오는 겉은 바삭하고 속은 촉촉한 식감이 특징입니다. 당일 생산 및 판매 원칙을 고수하며, 소금빵 외에도 플레인베이글, 명란소금빵, 치즈소금빵, 식빵, 뇸뇸감자빵, 소금빵7종맛보기세트 등 100여 종의 천연 발효빵을 선보입니다. 메뉴 가격대는 1,500원부터 17,500원까지로, 합리적인 편입니다. 매장은 우장산역 1번 출구에서 도보로 접근 가능하며, 평일 10시~19시, 주말 9시~18시까지 운영(재료 소진 시 조기 마감)합니다. 소금빵을 중심으로 한 다양한 베이커리류를 찾는 빵 마니아와 트렌디한 디저트에 관심 있는 고객에게 특히 추천할 만한 곳입니다.",
  "rag_text": "천연발효종 르방과 고메버터, 쌀가루를 사용한 독창적 레시피의 소금빵을 중심으로, 100여 종의 천연 발효빵을 선보이는 베이커리입니다. 서울 2025 선정에 빛나는 트렌디한 빵집으로, 당일 생산·판매 원칙을 고수하며 신선함과 창의성을 강조합니다. 다양한 디저트류와 소금빵을 즐길 수 있어 빵 마니아와 디저트 애호가에게 적합합니다.",
  "metadata": {
    "budget_range": "저",
    "spicy_available": "X",
    "vegetarian_options": "X",
    "main_ingredients_list": [
      "기타"
    ],
    "low_level_category": "식빵, 베이커리",
    "suitable_for": [
      "서울 2025 선정",
      "트렌디",
      "빵 마니아",
      "디저트 애호가"
    ],
    "food_type_list": [
      "디저트류"
    ],
    "temperature_list": [
      "상"
    ],
    "high_level_category": "디저트류"
  }
}