{
  "id": 30728,
  "store_name": "도꼭지",
  "llm_summary": "도꼭지는 서울 마포구 신수동에 위치한 일반한식 레스토랑으로, 제주도에서 당일 직송한 3kg 이상의 최상급 도미를 사용해 담백하고 부드러운 도미 솥밥이 인기 메뉴입니다. 도미 솥밥은 도미 살뿐만 아니라 도미 머리와 뼈를 구워 만든 영양밥과 무즙, 다시마 숙성으로 부드러운 식감을 극대화한 것이 특징입니다. 주요 메뉴로는 고등어구이계절솥밥, 제육볶음계절솥밥(매운맛), 삼치구이계절솥밥, 도미솥밥, 제주갈치구이계절솥밥 등이 있으며, 가격은 14,000원부터 23,000원 사이입니다. 영업시간은 매일 11:30부터 22:00까지이며 15:00부터 17:00까지는 브레이크타임이 있습니다. 명절 당일은 휴무입니다. 대흥역 4번 출구 인근에 위치해 접근성이 좋으며, 인스타그램(@dokkokji) 계정을 운영 중입니다. 현재 블루리본 선정이나 서울 2025 선정에는 포함되지 않았고, 독자 리뷰는 등록되어 있지 않습니다.",
  "rag_text": "담백한 도미살로 만든 도미 솥밥이 인기인 일반한식 전문점으로, 제주도산 최상급 도미를 사용하여 부드럽고 영양가 높은 솥밥을 제공합니다. 한식 테마의 밥류 메뉴를 중심으로 하며, 조용하고 편안한 분위기에서 전통적인 맛을 즐길 수 있는 곳입니다.",
  "metadata": {
    "budget_range": "중",
    "spicy_available": "O",
    "vegetarian_options": "X",
    "main_ingredients_list": [
      "어류",
      "육류"
    ],
    "low_level_category": "일반한식",
    "suitable_for": [],
    "food_type_list": [
      "밥류"
    ],
    "temperature_list": [
      "온"
    ],
    "high_level_category": "한식"
  }
}