{
  "id": 30732,
  "store_name": "동백양과점",
  "llm_summary": "동백양과점은 서울 종로구 익선동에 위치한 디저트 전문점으로, 특히 딸기수플레로 유명합니다. 가게는 개화기 제과점을 모티브로 하여 외관, 간판, 조명, 소파 등 옛스러운 분위기의 소품들이 곳곳에 배치되어 있어 독특한 정취를 자아냅니다. 수플레 케이크는 낮은 온도에서 장시간 구워내어 풍성한 볼륨감을 느낄 수 있으며, 인기가 많아 웨이팅이 있을 정도입니다. 메뉴는 드립커피, 플라워가든티 같은 음료부터 플레인수플레, 앙말차수플레, 망고수플레, 딸기수플레 등 다양한 수플레 디저트류로 구성되어 있습니다. 가격대는 7,500원에서 24,500원 사이이며, 연중 무휴로 오전 10시부터 오후 10시까지 운영됩니다. 익선동 한옥거리 내 종로3가역 4번 출구 인근에 위치해 접근성이 좋고, 공식 인스타그램 계정을 운영 중입니다. 전반적으로 전통적인 분위기와 현대적인 디저트가 조화를 이루는 곳입니다.",
  "rag_text": "익선동에서 딸기수플레로 유명한 디저트전문점으로, 개화기 제과점을 모티브로 한 옛스러운 인테리어와 소품이 돋보입니다. 낮은 온도에서 장시간 구워낸 풍성한 볼륨감의 수플레 케이크가 대표 메뉴이며, 다양한 음료와 함께 즐길 수 있습니다. 편안하고 아늑한 분위기 속에서 전통과 현대가 어우러진 디저트를 경험할 수 있는 장소입니다.",
  "metadata": {
    "budget_range": "중",
    "spicy_available": "X",
    "vegetarian_options": "X",
    "main_ingredients_list": [
      "기타"
    ],
    "low_level_category": "디저트전문점",
    "suitable_for": [],
    "food_type_list": [
      "음료",
      "디저트류"
    ],
    "temperature_list": [
      "기타"
    ],
    "high_level_category": "디저트류"
  }
}