{
  "id": 30991,
  "store_name": "익선잡방",
  "llm_summary": "익선잡방은 신라호텔에서 10년간 경력을 쌓은 셰프가 운영하는 브런치카페로, 서울특별시 종로구 익선동에 위치해 있습니다. 한옥을 개조한 실내 분위기가 매우 좋으며, 올데이 브런치로 운영되어 다양한 시간대에 방문할 수 있습니다. 메뉴는 아메리카노, 프렌치토스트, 브런치, 파스타&리조토, 스테이크 등으로 구성되어 있으며, 가격대는 4,500원부터 38,000원까지 다양합니다. 양식 테마의 메뉴가 주를 이루고 있으며, 모든 메뉴는 맵지 않고 온음료와 따뜻한 음식 위주로 제공됩니다. 종로3가역 6번 출구에서 도보 3분 거리에 위치해 접근성이 좋고, 연인과 함께 가기 좋은 소개팅 장소로도 추천됩니다. 영업시간은 월~금요일 11:00~22:00 (브레이크 타임 15:00~17:00), 토~일요일 11:00~22:00이며, 마지막 주문은 20:30까지 받습니다. 인스타그램 계정도 운영 중입니다.",
  "rag_text": "신라호텔 출신 셰프가 운영하는 브런치카페로, 한옥을 개조한 아늑하고 멋진 실내 분위기에서 올데이 브런치를 즐길 수 있습니다. 양식 테마의 다양한 메뉴를 제공하며, 소개팅이나 연인과 함께 방문하기 좋은 장소입니다.",
  "metadata": {
    "budget_range": "중",
    "spicy_available": "X",
    "vegetarian_options": "X",
    "main_ingredients_list": [
      "기타",
      "육류"
    ],
    "low_level_category": "브런치카페",
    "suitable_for": [
      "소개팅",
      "연인"
    ],
    "food_type_list": [
      "음료",
      "디저트류",
      "기타",
      "면류",
      "고기류"
    ],
    "temperature_list": [
      "온",
      "상"
    ],
    "high_level_category": "양식"
  }
}