{
  "id": 31007,
  "store_name": "월화고기(보라매점)",
  "llm_summary": "월화고기(보라매점)는 서울 관악구 보라매로3길에 위치한 2016년 개업한 돼지고기구이 전문점으로, 블루리본 서베이의 레드리본 및 서울 2025 맛집으로 선정된 곳입니다. 이곳은 고기의 생산부터 유통, 공급까지 직접 관리하며, 자체 특허 숙성 기술을 사용해 최상급 품질의 돼지고기를 숯불에 구워 제공합니다. 시그니처 메뉴는 100% 듀록 품종의 돼지 목살과 삼겹살로, 무항생제목살(160g), 착한삼겹살(160g), 밀랍숙성삼겹살(500g), 숙성특허항정살(130g) 등 다양한 고기류를 비롯해 열무냉면, 트러플명란솥밥 등 사이드 메뉴도 준비되어 있습니다. 모든 참기름과 밑반찬을 직접 만들어 신선함과 품질을 더하며, 직접 운영하는 농장에서 식재료를 재배해 더욱 신뢰할 수 있습니다. 가족 외식과 회식에 적합한 넓고 쾌적한 분위기를 자랑하며, 내부 화장실 등 편의시설도 잘 갖춰져 있습니다. 가격대는 18,000원부터 100,000원까지 다양하며, 대표 메뉴는 대부분 맵지 않으나 열무냉면 등 일부 메뉴에서 매운맛도 선택할 수 있습니다. 친환경, 동물복지, 대통령상 수상 경력 등도 갖추고 있어 믿고 찾을 수 있는 명품 고깃집입니다.",
  "rag_text": "최상급 품질의 돼지고기를 숯불에 구워 먹는 한식 고깃집으로, 고기의 생산부터 유통, 공급까지 직접 관리하며 자체 특허 숙성 기술을 사용합니다. 100% 듀록 품종의 돼지 목살과 삼겹살이 시그니처 메뉴이며, 참기름과 밑반찬 등 모든 부재료를 직접 만듭니다. 가족 외식, 회식 등 다양한 모임에 적합하며, 친환경 및 동물복지 실천, 대통령상 수상 경력 등 신뢰도 높은 분위기를 제공합니다. 한식 테마에 맞는 전통적이면서도 정갈한 메뉴 구성이 특징입니다.",
  "metadata": {
    "budget_range": "중",
    "spicy_available": "O",
    "vegetarian_options": "X",
    "main_ingredients_list": [
      "육류",
      "기타",
      "어류"
    ],
    "low_level_category": "돼지고기구이",
    "suitable_for": [
      "레드리본 선정",
      "서울 2025 선정",
      "가족모임",
      "회식",
      "친환경",
      "동물복지",
      "신뢰도 높은",
      "편의시설 우수"
    ],
    "food_type_list": [
      "고기류",
      "면류",
      "밥류"
    ],
    "temperature_list": [
      "온",
      "냉"
    ],
    "high_level_category": "한식"
  }
}