{
  "id": 31050,
  "store_name": "오스테리아꼬또",
  "llm_summary": "오스테리아꼬또는 서울 강남구 신사동에 위치한 SG다인힐이 운영하는 이탈리안 레스토랑입니다. 2015년에 개업했으며, 화이트톤의 세련된 인테리어와 밝고 쾌적한 분위기가 특징입니다. 이곳은 이탈리아 가정식을 현대적으로 재해석한 요리를 선보이며, 파스타와 피자, 다양한 메인요리를 단품 또는 코스로 즐길 수 있습니다. 대표 메뉴로는 꼬또햄&파인애플카르파치오피자, 꽃갈비라구생면파파르델레, 프레시트러플노리치아탈리올리니, 버팔로마르게리타피자 등이 있으며, 코스A와 코스B도 제공합니다. 가격대는 27,000원에서 68,000원 사이로, 중~고가에 해당합니다. 모든 메뉴는 맵지 않으며, 주재료는 육류 및 기타 재료가 주를 이룹니다. 야외 테라스가 있어 날씨 좋은 날에 특히 추천되며, 가족 외식, 결혼기념일, 비즈니스 다이닝, 소개팅, 연인과의 방문 등 다양한 모임에 적합합니다. 발레파킹이 가능하고, 연중무휴로 운영됩니다(월~토 11:30~22:00, 일 11:30~22:00, 브레이크타임 15:00~17:00, 마지막 주문 평일/토 21:00, 일 20:30). 블루리본서베이 2025년판 레드리본 맛집으로 선정된 곳입니다.",
  "rag_text": "화이트톤 인테리어와 밝은 분위기의 이탈리안 레스토랑으로, 이탈리아 가정식을 현대적으로 재해석한 파스타, 피자, 메인요리를 선보입니다. 야외 테라스가 있어 분위기가 좋으며, 가족 외식, 결혼기념일, 비즈니스 다이닝, 소개팅, 연인과의 방문에 적합합니다. 인테리어가 세련되고 테라스가 있어 다양한 모임에 어울리는 레드리본 선정 맛집입니다.",
  "metadata": {
    "budget_range": "중",
    "spicy_available": "X",
    "vegetarian_options": "X",
    "main_ingredients_list": [
      "육류",
      "기타"
    ],
    "low_level_category": "이탈리아식",
    "suitable_for": [
      "레드리본",
      "서울 2025 선정",
      "가족모임",
      "결혼기념일",
      "비즈니스 다이닝",
      "소개팅",
      "연인",
      "인테리어",
      "테라스",
      "분위기"
    ],
    "food_type_list": [
      "기타"
    ],
    "temperature_list": [
      "온",
      "기타"
    ],
    "high_level_category": "양식"
  }
}