{
  "id": 31115,
  "store_name": "로컬릿",
  "llm_summary": "로컬릿은 서울 성동구 옥수동 청훈빌딩 2층에 위치한 남정석 셰프가 운영하는 자연주의 로컬푸드를 지향하는 이탈리아식 레스토랑입니다. 대표 메뉴로는 채소테린이 있으며, 지역 식자재를 활용해 건강하고 신선한 요리를 제공합니다. 메뉴는 채소테린(₩16,000), 호박카넬로니(₩20,000), 가지라자냐(₩17,000), 시금치뇨키(₩19,000), 한우라구파스타(₩20,000), 새우리조토(₩24,000) 등으로 구성되어 있으며, 모두 온 요리이고 맵지 않습니다. 주재료는 채소류부터 육류, 패류까지 다양하게 사용됩니다. 영업시간은 월요일과 목~금요일 11:00~21:00(브레이크타임 15:00~17:00), 토~일요일 11:00~21:00이며, 매주 화·수요일과 공휴일은 휴무입니다. 옥수역 5번 출구 인근에 위치해 접근성이 좋고, 연인과 방문하기 좋은 분위기를 갖추고 있습니다. 2020년 3월 9일 개업하여 현재까지 꾸준히 건강한 이탈리안 요리를 선보이고 있습니다.",
  "rag_text": "남정석 셰프의 자연주의 로컬푸드를 표방하는 이탈리아식 레스토랑으로, 지역 식자재를 활용한 건강한 요리를 제공합니다. 양식 테마의 온 요리 중심으로 채소테린, 호박카넬로니, 가지라자냐 등 다양한 메뉴가 있으며, 맵지 않은 편안한 맛을 자랑합니다. 연인과 함께 방문하기 좋은 아늑하고 조용한 분위기의 공간입니다.",
  "metadata": {
    "budget_range": "중",
    "spicy_available": "X",
    "vegetarian_options": "X",
    "main_ingredients_list": [
      "기타",
      "육류",
      "패류"
    ],
    "low_level_category": "이탈리아식",
    "suitable_for": [
      "데이트",
      "조용한"
    ],
    "food_type_list": [
      "기타",
      "면류",
      "해산물류"
    ],
    "temperature_list": [
      "온"
    ],
    "high_level_category": "양식"
  }
}