{
  "id": 31154,
  "store_name": "클래식해례커피",
  "llm_summary": "클래식해례커피는 서울 성동구 성수동2가에 위치한 커피전문점으로, 브루잉 챔피언 한겨레 바리스타가 운영하는 스페셜 커피 전문점입니다. 이곳은 음료를 매일 연구·개발하여 메뉴가 자주 변동되는 프로 정신이 돋보이며, 서울 2025 맛집으로 선정된 곳입니다. 대표 메뉴로는 필터커피, 해례라테, 아메리카노, 카페라테, 발로나초코라테, 젤라토아포카토 등이 있으며, 가격대는 5,000원에서 9,000원 사이입니다. 메뉴는 온음료와 냉음료, 디저트류까지 다양하게 구성되어 있습니다. 영업시간은 매일 11:30부터 22:00까지이며, 추석 당일만 휴무입니다. 인스타그램(https://www.instagram.com/haeryecoffee/)을 통해 소식도 확인할 수 있습니다. 전체적으로 커피와 디저트 중심의 전문적인 카페 경험을 제공하며, 조용하고 차분한 분위기에서 스페셜티 커피를 즐기기에 적합한 장소입니다.",
  "rag_text": "브루잉 챔피언 한겨레 바리스타가 운영하는 스페셜 커피 전문점으로, 음료를 매일 연구개발하여 메뉴가 변동될 수 있는 프로 정신이 돋보입니다. 서울 2025 선정 맛집으로, 커피와 디저트류를 중심으로 한 다양한 음료를 제공합니다. 고급 스페셜티 커피 전문점 분위기로, 조용하고 차분한 공간에서 커피를 즐기기에 적합합니다.",
  "metadata": {
    "budget_range": "중",
    "spicy_available": "X",
    "vegetarian_options": "X",
    "main_ingredients_list": [
      "기타"
    ],
    "low_level_category": "커피전문점",
    "suitable_for": [
      "서울 2025 선정",
      "조용한",
      "커피전문점",
      "스페셜티 커피",
      "디저트류"
    ],
    "food_type_list": [
      "음료",
      "디저트류"
    ],
    "temperature_list": [
      "온",
      "상",
      "냉"
    ],
    "high_level_category": "기타"
  }
}