{
  "id": 31197,
  "store_name": "하우스서울",
  "llm_summary": "하우스서울은 서울 송파구 잠실동에 위치한 커피전문점으로, 갤러리와 독립출판서적이 함께 있는 복합문화공간입니다. 지하 1층은 갤러리, 1층은 하우스카페, 2층은 하우스북스로 구성되어 있으며, 책을 구매하면 매장 내에서 읽을 수 있습니다. KBRC 챔피언 출신 정형용 바리스타가 헤드 바리스타로 근무하고 있으며, 카페쇼 운영사에서 운영하는 곳입니다. 메뉴는 에스프레소, 아메리카노, 카페라테, 크림유자팟, 운남백차, 무화과크림치즈피낭시에, 브루잉커피 등 다양한 음료와 디저트류가 있으며, 가격대는 3,100원에서 8,000원 사이입니다. 영업시간은 월~금 08:00~20:00, 토~일 11:00~20:00이며, 서울 2025 맛집으로 선정되어 있습니다. 미술 작품이 있는 인테리어와 조용한 분위기로 종합운동장역 인근에서 편안하게 커피와 문화를 즐길 수 있는 장소입니다.",
  "rag_text": "하우스서울은 갤러리와 독립출판서적이 공존하는 복합문화공간으로, 서울 2025 선정된 커피전문점입니다. 미술 작품이 있는 인테리어가 돋보이며, 조용하고 차분한 분위기에서 커피와 책을 함께 즐길 수 있습니다. KBRC 챔피언 출신 바리스타가 운영하는 프리미엄 카페로, 다양한 음료와 디저트를 경험할 수 있습니다.",
  "metadata": {
    "budget_range": "중",
    "spicy_available": "X",
    "vegetarian_options": "X",
    "main_ingredients_list": [
      "기타"
    ],
    "low_level_category": "커피전문점",
    "suitable_for": [
      "조용한",
      "데이트",
      "문화공간",
      "책읽기",
      "미술감상"
    ],
    "food_type_list": [
      "음료",
      "디저트류"
    ],
    "temperature_list": [
      "기타",
      "상"
    ],
    "high_level_category": "기타"
  }
}