{
  "id": 31210,
  "store_name": "타이거타이거",
  "llm_summary": "타이거타이거는 서울 종로구 와룡동에 위치한 카페로, 낮에는 커피 한 잔의 여유를, 밤에는 술 한 잔의 시원함을 즐길 수 있는 곳입니다. 특히 아인슈페너와 주문 즉시 만들어 주는 수제 티라미수가 인기 메뉴입니다. 매장 내부는 한옥 느낌과 꽃으로 꾸며져 있어 데이트하기 좋은 분위기를 자아내며, 봄과 가을에 이용하기 좋은 루프탑인 '핑크탑'도 마련되어 있습니다. 메뉴는 아메리카노, 카페라테, 런던포그, 제주도청귤차, 딸기라테 등 다양한 음료와 디저트류인 수제 티라미수를 포함하고 있습니다. 가격대는 3,800원부터 7,000원 사이이며, 연중무휴로 운영되어 방문하기 편리합니다. 위치는 종로3가 7번 출구에서 창덕궁삼거리 방향으로 직진 후 NAMA갤러리 끼고 우회전하면 좌측에 있습니다. 인스타그램 계정도 운영 중입니다.",
  "rag_text": "낮에는 커피 한 잔의 여유와 밤에는 술 한 잔의 시원함을 즐길 수 있는 카페로, 아인슈페너와 수제 티라미수가 맛있습니다. 한옥 느낌의 내부와 꽃으로 꾸며진 인테리어가 돋보이며, 봄과 가을에 시원하게 즐길 수 있는 루프탑 '핑크탑'이 있어 데이트에 적합한 분위기입니다. 연중무휴 운영하며 편안하고 여유로운 공간을 제공합니다.",
  "metadata": {
    "budget_range": "저",
    "spicy_available": "X",
    "vegetarian_options": "X",
    "main_ingredients_list": [
      "기타"
    ],
    "low_level_category": "카페",
    "suitable_for": [
      "데이트"
    ],
    "food_type_list": [
      "음료",
      "디저트류"
    ],
    "temperature_list": [
      "기타"
    ],
    "high_level_category": "기타"
  }
}