{
  "id": 31284,
  "store_name": "인량",
  "llm_summary": "인량은 서울 강남구 논현동에 위치한 중국 전통 운남성 훠궈 전문점입니다. 이곳의 시그니처 메뉴는 얇게 회를 뜬 가물치 훠궈로, 가물치뼈로 우려낸 백탕에 가물치를 살짝 담가 여러 종류의 버섯과 소스와 함께 즐길 수 있습니다. 메뉴는 돈삼겹, 새우완자, 오징어완자, 훠궈탕(두가지맛, 세가지맛), 우삼겹, 양고기, 가물치 3판, 망태버섯, 아가리쿠스버섯, 한우 등 다양한 고기류와 국물류, 기타 재료로 구성되어 있습니다. 일부 훠궈탕 메뉴는 매운맛이 포함되어 있으며, 가격대는 10,000원에서 35,000원 사이입니다. 영업시간은 화요일부터 일요일까지 오전 11시 30분부터 오후 11시까지이며, 월요일은 휴무입니다. 논현역 7번 출구 인근에 위치해 접근성이 좋고, 발레파킹 서비스도 제공합니다. 전통적인 운남성 훠궈의 맛을 한국에서 경험할 수 있는 독특한 맛집으로 평가받고 있습니다.",
  "rag_text": "중국 전통 운남성 훠궈 전문점으로, 얇게 회를 뜬 가물치 훠궈가 시그니처 메뉴입니다. 백탕에 가물치를 담가 다양한 버섯과 소스와 함께 즐길 수 있으며, 중식 테마의 다양한 고기류와 국물류 메뉴를 제공합니다. 전통적인 맛을 살린 훠궈 전문점으로, 조용하고 편안한 분위기에서 가족 모임이나 친구들과의 식사에 적합합니다.",
  "metadata": {
    "budget_range": "중",
    "spicy_available": "O",
    "vegetarian_options": "X",
    "main_ingredients_list": [
      "육류",
      "패류",
      "어류",
      "기타"
    ],
    "low_level_category": "훠궈",
    "suitable_for": [
      "가족모임",
      "친구모임",
      "조용한"
    ],
    "food_type_list": [
      "고기류",
      "국물류",
      "기타"
    ],
    "temperature_list": [
      "온",
      "기타"
    ],
    "high_level_category": "중식"
  }
}