{
  "id": 31292,
  "store_name": "제이드앤워터",
  "llm_summary": "제이드앤워터는 서울 성동구 옥수동에 위치한 브런치 카페 겸 내추럴 와인바로, 점심에는 브런치를, 저녁에는 와인바로 운영됩니다. 창의적인 음식과 와인 페어링이 뛰어나며, 2025년 서울 레드리본 맛집으로 선정된 곳입니다. 메뉴는 주로 양식 테마로 구성되어 있으며, 카프레제샐러드, 옥앤수몬테크리스토, 초리조라구파스타, 트러플크림리가토니, 오렌지치킨, 옥앤수올데이스테이크 등이 대표적입니다. 가격대는 16,000원에서 38,000원 사이이며, 모든 메뉴는 맵지 않고 주재료는 주로 육류와 기타 재료로 이루어져 있습니다. 영업시간은 월요일과 수~일요일 11:00부터 21:00까지이며, 매주 화요일은 휴무입니다. 연인과 함께 방문하기 좋고 술 한잔하기 좋은 분위기를 갖추고 있습니다. 인스타그램을 통해서도 소식을 접할 수 있습니다.",
  "rag_text": "브런치 카페 및 내추럴 와인바로서 창의적인 음식과 와인 페어링이 특징인 레드리본 선정 서울 2025 맛집입니다. 양식 테마의 다양한 메뉴를 제공하며, 연인과 함께 술 한잔하기 좋은 분위기를 갖추고 있습니다.",
  "metadata": {
    "budget_range": "중",
    "spicy_available": "X",
    "vegetarian_options": "X",
    "main_ingredients_list": [
      "기타",
      "육류"
    ],
    "low_level_category": "와인바, 브런치카페",
    "suitable_for": [
      "데이트",
      "술 한잔하기 좋은"
    ],
    "food_type_list": [
      "기타",
      "디저트류",
      "면류",
      "고기류"
    ],
    "temperature_list": [
      "상",
      "온"
    ],
    "high_level_category": "양식"
  }
}