{
  "id": 31302,
  "store_name": "시고로",
  "llm_summary": "시고로는 서울 강남구 청담동에 위치한 이경호 셰프의 캐주얼한 양식 레스토랑입니다. 시골의 토속적인 맛과 푸근함을 담아낸 유러피안 요리를 제공하며, 주방에 설치된 수족관에서 바로 건져낸 신선한 조개로 만든 프랑스식 조개찜이 인기 메뉴 중 하나입니다. 메뉴는 청어샐러드, 대구그라탕, 육회탕탕이, 파스타, 피자, 푸아그라버거, 조개찜, 스테이크, 파에야 등 다양하며, 가격대는 15,000원부터 62,000원까지입니다. 영업시간은 수요일부터 일요일까지 12:00부터 22:00까지이며, 월요일과 화요일은 휴무입니다. 청담동에 위치해 발레파킹 서비스도 제공하고 있습니다. 전반적으로 캐주얼하면서도 정성스러운 유러피안 요리를 경험할 수 있는 곳입니다.",
  "rag_text": "이경호 셰프가 운영하는 캐주얼한 양식 레스토랑으로, 시골의 토속적인 맛과 푸근함을 담아낸 유러피안 요리를 선보입니다. 주방 내 수족관에서 바로 건져낸 신선한 조개로 만든 프랑스식 조개찜이 대표적 인기 메뉴입니다. 다양한 양식 및 기타 테마의 메뉴를 갖추고 있으며, 편안하고 친근한 분위기에서 식사할 수 있는 곳입니다.",
  "metadata": {
    "budget_range": "중",
    "spicy_available": "X",
    "vegetarian_options": "X",
    "main_ingredients_list": [
      "어류",
      "육류",
      "기타",
      "패류"
    ],
    "low_level_category": "캐주얼다이닝",
    "suitable_for": [],
    "food_type_list": [
      "디저트류",
      "고기류",
      "면류",
      "기타",
      "해산물류",
      "밥류"
    ],
    "temperature_list": [
      "냉",
      "온",
      "생",
      "상"
    ],
    "high_level_category": "양식"
  }
}