{
  "id": 31355,
  "store_name": "니꾸바시야",
  "llm_summary": "니꾸바시야는 서울 송파구 방이동에 위치한 한우오마카세 전문점으로, 질 좋은 한우와 와규를 사용하여 다양한 특수부위를 개인 화로에 구워 제공하는 것이 특징입니다. 대표 메뉴로는 소꼬리, 우설, 대창, 부채살, 상우설, 업진살, 채끝등심, 살치살 등이 있으며, 각 고기류 메뉴는 100g~150g 단위로 제공됩니다. 매운맛이 가미된 카레라이스도 인기 메뉴로, 진하게 끓여 기름진 고기의 맛을 깔끔하게 잡아줍니다. 영업시간은 화요일부터 일요일까지 저녁 6시부터 새벽 2시까지이며, 매주 월요일은 휴무입니다. 송파나루역 2번 출구 인근 신한은행 골목을 통해 쉽게 접근할 수 있습니다. 가격대는 8,000원부터 79,000원 사이로 형성되어 있으며, 고급스러운 일식 오마카세 스타일로 제공됩니다. 현재 블루리본 선정이나 서울 2025 선정은 되어 있지 않으며, 인스타그램(@nikubarshiya)을 통해 추가 정보를 확인할 수 있습니다. 독자 리뷰는 아직 등록되지 않았습니다.",
  "rag_text": "질 좋은 한우와 와규를 사용하는 한우오마카세 전문점으로, 개인 화로에 구운 소꼬리, 우설, 대창 등 특수부위가 일품입니다. 진하게 끓인 매운 카레라이스가 인기 메뉴이며, 고급 일식 스타일의 오마카세를 제공합니다. 조용한 저녁시간에 새벽까지 영업하며, 송파구 방이동에 위치해 편리한 접근성을 갖추고 있습니다.",
  "metadata": {
    "budget_range": "중",
    "spicy_available": "O",
    "vegetarian_options": "X",
    "main_ingredients_list": [
      "육류"
    ],
    "low_level_category": "한우오마카세",
    "suitable_for": [],
    "food_type_list": [
      "밥류",
      "고기류"
    ],
    "temperature_list": [
      "온",
      "상"
    ],
    "high_level_category": "한식"
  }
}