{
  "id": 31396,
  "store_name": "오부이용",
  "llm_summary": "오부이용은 서울 성동구 금호동1가에 위치한 프랑스식 레스토랑으로, 전형적인 파리식 가정집 분위기를 재현한 포근한 인테리어가 특징입니다. 파리 근무 경력이 있는 이성대 셰프가 현지식 메뉴와 맛을 선보이며, 다양한 가격대의 좋은 와인 리스트도 갖추고 있습니다. 대표 메뉴로는 65,000원부터 78,000원까지 다양한 저녁코스와 13,000원의 양파수프, 파테, 14,000원의 부르고뉴식 달팽이, 30,000원의 코코뱅 등이 있습니다. 영업시간은 수요일 18:00~22:00, 목~토요일 11:00~22:00(브레이크타임 15:00~18:00), 일요일 11:00~15:00이며, 매주 월·화요일과 명절 연휴는 휴무입니다. 소개팅, 연인과의 데이트, 술 한잔하기 좋은 분위기이며, 가격 대비 만족도가 높아 레드리본 선정과 서울 2025 맛집으로 선정된 곳입니다.",
  "rag_text": "오부이용은 전형적인 파리식 레스토랑으로, 프랑스 가정집처럼 포근한 가구와 포스터, 소품들로 꾸며져 있습니다. 파리 근무 경력이 있는 셰프의 현지식 손맛과 다양한 가격대의 고급 와인 리스트가 준비되어 있습니다. 소개팅, 연인과 함께 가기 좋은 분위기이며, 술 한잔하기에도 적합한 레드리본 선정 서울 2025 선정 맛집입니다. 메뉴는 프랑스식 양식 중심이며, 고급스러운 분위기와 편안함이 조화를 이루는 공간입니다.",
  "metadata": {
    "budget_range": "중",
    "spicy_available": "X",
    "vegetarian_options": "X",
    "main_ingredients_list": [
      "기타",
      "육류"
    ],
    "low_level_category": "프랑스식",
    "suitable_for": [
      "소개팅",
      "연인과 같이 가면 좋은",
      "술 한잔하기 좋은",
      "가격대비 만족도가 높은",
      "레드리본 맛집"
    ],
    "food_type_list": [
      "기타",
      "국물류",
      "고기류"
    ],
    "temperature_list": [
      "상",
      "온"
    ],
    "high_level_category": "양식"
  }
}