{
  "id": 31441,
  "store_name": "크로네",
  "llm_summary": "크로네는 서울 동대문구 경희대로 17에 위치한 베이커리로, 1987년부터 같은 자리에서 오랜 기간 사랑받아 온 곳입니다. 유기농 재료를 사용하여 천연발효 효모 빵을 주로 만들며, 호밀빵, 통밀빵, 보리빵 같은 건강빵을 중심으로 케이크, 쿠키, 타르트 등 다양한 디저트류도 풍부하게 구비하고 있습니다. 메뉴로는 소금버터빵, 크루아상, 아몬드크루아상, 버터스콘, 애플데니쉬, 팽오쇼콜라, 크로플, 크림크루아상 등이 있으며, 가격대는 1,600원부터 3,800원 사이입니다. 빵이 조기에 품절될 수 있을 만큼 인기가 높으며, 엄선된 재료로 정성스럽게 만들어 고객 만족도를 높이고 있습니다. 경희대학교 서울캠퍼스 정문 앞에 위치해 접근성이 좋고, 홈페이지를 통한 온라인 주문도 가능합니다. 영업시간은 월~금요일과 일요일 07:30~22:00, 토요일 08:30~22:00이며 명절 연휴에는 휴무입니다. 전반적으로 건강한 재료와 전통적인 천연발효 방식을 고수하며, 다양한 페스트리와 하드빵, 식사빵, 디저트류를 즐길 수 있는 베이커리입니다.",
  "rag_text": "유기농 재료를 사용하여 천연발효 효모 빵을 만드는 건강한 베이커리로, 호밀빵, 통밀빵, 보리빵 같은 건강빵과 케이크, 쿠키, 타르트 등 다양한 디저트를 제공합니다. 엄선된 재료와 정성스러운 제작 방식을 특징으로 하며, 오랜 전통과 신뢰를 바탕으로 한 편안하고 친근한 분위기의 베이커리입니다.",
  "metadata": {
    "budget_range": "저",
    "spicy_available": "X",
    "vegetarian_options": "X",
    "main_ingredients_list": [
      "기타"
    ],
    "low_level_category": "베이커리",
    "suitable_for": [],
    "food_type_list": [
      "디저트류"
    ],
    "temperature_list": [
      "기타"
    ],
    "high_level_category": "디저트류"
  }
}