{
  "id": 31482,
  "store_name": "모던샤브하우스(광화문D타워점)",
  "llm_summary": "모던샤브하우스(광화문D타워점)은 서울 종로구 청진동 D타워 5층에 위치한 샤브샤브 전문점으로, 블루리본 서베이 2025년판에 선정된 레드리본 맛집입니다. 이곳은 코스 주문 시 샤부샤부를 무제한으로 즐길 수 있으며, 코스에 따라 4종류의 고기와 15종류의 채소, 식사가 제공됩니다. 6가지 육수 중 선택하여 다양한 맛을 경험할 수 있고, 부드럽게 익힌 고기와 채소의 담백한 맛이 특징입니다. 메뉴는 시그니처코스(58,000원), 스페셜코스(78,000원), 엑설런트코스(88,000원), 프리미엄코스(140,000원)로 구성되어 있으며, 모두 온(따뜻한) 상태로 제공됩니다. 가족 외식, 비즈니스 다이닝, 연인과의 방문에 적합하며, 전망 좋은 프라이빗룸과 무한 리필 메뉴도 갖추고 있습니다. 영업시간은 매일 11:30부터 22:00까지이며, 연중무휴로 운영됩니다.",
  "rag_text": "샤브샤브 전문점으로, 레드리본 선정 및 서울 2025 선정 맛집입니다. 코스 주문 시 무제한 샤부샤부를 제공하며, 4종류의 고기와 15종류의 채소, 6가지 육수 선택이 가능합니다. 부드럽게 익힌 고기와 담백한 채소 맛이 일품입니다. 가족과 외식하기 좋고, 비즈니스 다이닝 및 연인과 함께 방문하기에 적합하며, 전망 좋은 프라이빗룸과 무한 리필 메뉴가 있습니다. 테마는 기타이며 온(따뜻한) 음식 위주로 구성되어 있습니다.",
  "metadata": {
    "budget_range": "고",
    "spicy_available": "X",
    "vegetarian_options": "X",
    "main_ingredients_list": [
      "육류",
      "기타"
    ],
    "low_level_category": "샤브샤브",
    "suitable_for": [
      "가족외식",
      "비즈니스다이닝",
      "연인",
      "전망좋은",
      "프라이빗룸",
      "무한리필",
      "레드리본",
      "서울2025선정"
    ],
    "food_type_list": [
      "고기류",
      "기타"
    ],
    "temperature_list": [
      "온"
    ],
    "high_level_category": "한식"
  }
}