{
  "id": 31545,
  "store_name": "킷쵸",
  "llm_summary": "킷쵸는 서울 동작구 사당동에 위치한 다이닝바로, 공덕에서 다양한 제철요리와 독특한 분위기로 인기를 끌었던 이인이 이름을 바꿔 2023년 10월 9일 리뉴얼 오픈한 곳입니다. 이탈리안, 프렌치, 재패니즈 등 국적에 크게 구애받지 않는 다양한 요리를 선보이며, 12석의 카운터 자리와 단체 테이블이 마련되어 있습니다. 주류 주문이 필수이며, 동양적인 인테리어와 오픈키친 형태의 매장 분위기가 특징입니다. 메뉴는 주로 일식 테마로 구성되어 있으며, 대표 메뉴로는 사시미모리아와세(44,000원), 프렌치랙(45,000원), 멘치카츠(19,000원), 화이트라구페투치네(25,000원), 어란성게알스파게티니(28,000원) 등이 있습니다. 메뉴는 생과 온 온도가 혼재되어 있고, 고기류와 면류가 주를 이루며, 어류, 육류, 패류를 주재료로 사용합니다. 사당역 7번 출구 인근에 위치하며, 인근 사당2호공영주차장 이용 시 1시간 무료 주차가 가능합니다. 영업시간은 월~토요일 18:00~24:00이며, 일요일과 공휴일, 명절 연휴에는 휴무입니다. 인스타그램(@kitcho_seoul)을 통해 추가 정보를 확인할 수 있습니다.",
  "rag_text": "킷쵸는 공덕에서 제철요리와 독특한 분위기로 인기를 끌었던 이인이 사당에서 리뉴얼 오픈한 캐주얼 다이닝바입니다. 이탈리안, 프렌치, 재패니즈 등 다양한 국적의 요리를 선보이며, 동양적인 인테리어와 오픈키친, 12석 카운터석과 단체 테이블이 조화를 이루는 공간입니다. 주류 주문이 필수인 이곳은 연인과 함께 술 한잔하기 좋은 분위기와 인테리어가 돋보입니다. 메뉴는 주로 일식 테마로 구성되어 있으며, 고기류와 면류를 중심으로 신선한 생선과 육류, 패류 재료를 사용합니다.",
  "metadata": {
    "budget_range": "중",
    "spicy_available": "X",
    "vegetarian_options": "X",
    "main_ingredients_list": [
      "어류",
      "육류",
      "패류"
    ],
    "low_level_category": "다이닝바",
    "suitable_for": [
      "데이트",
      "술 한잔하기 좋은",
      "인테리어 좋은",
      "카운터석"
    ],
    "food_type_list": [
      "고기류",
      "면류"
    ],
    "temperature_list": [
      "생",
      "온"
    ],
    "high_level_category": "일식"
  }
}