{
  "id": 31553,
  "store_name": "스시츠바키",
  "llm_summary": "스시츠바키는 서울 강남구 신사동에 위치한 스시 전문점으로, 잘 숙성된 스시를 제공하는 오마카세 전문점입니다. 부드러운 식감의 생선회와 강한 맛의 샤리가 조화를 이루며, 아늑한 분위기에서 여유롭게 스시 오마카세를 즐길 수 있는 공간입니다. 점심과 저녁에 각각 다양한 오마카세 메뉴를 제공하며, 점심스시오마카세는 60,000원, 저녁스시오마카세 A는 98,000원, 저녁스시오마카세 B는 120,000원에 판매됩니다. 모든 메뉴는 생선회를 중심으로 한 일식이며, 맵지 않은 메뉴로 구성되어 있습니다. 영업시간은 월~금요일 12:00~21:00 (브레이크타임 13:30~19:00), 토요일 12:00~20:00 (브레이크타임 13:30~18:00)이며, 매주 일요일과 공휴일은 휴무입니다. 발레파킹이 제공되며, 2019년에 개업한 비교적 신생 매장입니다. 현재 독자 리뷰는 등록되어 있지 않으나, 가격 대비 만족도가 높고 카운터석이 있어 스시를 가까이에서 즐기기에 적합한 장소입니다.",
  "rag_text": "스시 전문점으로, 잘 숙성된 생선회와 강한 샤리의 조화가 돋보이는 아늑한 공간에서 여유롭게 스시 오마카세를 즐길 수 있는 일식당입니다. 깔끔하고 편안한 분위기에서 고품질의 신선한 재료를 사용하는 프리미엄 스시 경험을 제공하며, 조용하고 편안한 식사 환경을 선호하는 고객에게 적합합니다.",
  "metadata": {
    "budget_range": "고",
    "spicy_available": "X",
    "vegetarian_options": "X",
    "main_ingredients_list": [
      "기타"
    ],
    "low_level_category": "스시",
    "suitable_for": [
      "아늑한",
      "여유로운",
      "고품질",
      "조용한"
    ],
    "food_type_list": [
      "기타"
    ],
    "temperature_list": [
      "생"
    ],
    "high_level_category": "일식"
  }
}