{
  "id": 31586,
  "store_name": "레스토랑바위",
  "llm_summary": "레스토랑바위는 서울 용산구 한남동 지하 2층에 위치한 이탈리아식 레스토랑으로, 파스타 오마카세의 바람을 일으킨 바위파스타바 한남점이 레스토랑 콘셉트로 전환한 곳입니다. 김현중 셰프가 선보이는 다양하고 완성도 높은 생면 파스타와 스테이크를 맛볼 수 있으며, 메뉴는 단일 코스인 디너테이스팅코스(8코스)로만 운영됩니다. 주류 주문이 필수이며, 가격은 16만원으로 변동 가능성이 있습니다. 연인과 방문하기 좋은 카운터석이 마련되어 있고, 코카-콜라가 제공됩니다. 레스토랑바위는 블루리본 서베이 2025 서울판에 선정된 레드리본 맛집으로, 화요일부터 토요일까지 오후 5시 30분부터 10시 30분까지 영업하며, 매주 월요일과 일요일은 휴무입니다. 한강진역 3번 출구에서 약 300미터 거리에 위치해 있습니다. 공식 인스타그램 계정도 운영 중입니다. 독자 리뷰는 아직 등록되지 않았습니다.",
  "rag_text": "레스토랑바위는 파스타 오마카세를 중심으로 한 이탈리아식 고급 레스토랑으로, 레드리본 선정과 서울 2025 선정 라벨을 보유하고 있습니다. 김현중 셰프가 운영하며, 완성도 높은 생면 파스타와 스테이크를 코스 요리로 제공하는 프리미엄 다이닝 공간입니다. 연인과 함께하기 좋은 카운터석이 있으며, 분위기는 고급스럽고 세련된 데이트 장소로 적합합니다. 주류 주문이 필수인 점이 특징이며, 코카-콜라가 제공되는 편안한 분위기입니다.",
  "metadata": {
    "budget_range": "고",
    "spicy_available": "X",
    "vegetarian_options": "X",
    "main_ingredients_list": [
      "기타"
    ],
    "low_level_category": "이탈리아식",
    "suitable_for": [
      "데이트",
      "고급",
      "레드리본 선정",
      "서울 2025 선정"
    ],
    "food_type_list": [
      "기타"
    ],
    "temperature_list": [
      "상"
    ],
    "high_level_category": "양식"
  }
}