{
  "id": 31617,
  "store_name": "휴고도산",
  "llm_summary": "휴고도산은 서울 강남구 도산공원 뒷편에 위치한 세련되고 감각적인 브런치카페 겸 와인바입니다. 2020년 11월 16일에 개업했으며, 블루리본 서베이 2025 서울판에도 선정된 레드리본 맛집입니다. 낮에는 브런치 전문점으로, 저녁에는 와인바로 변신하여 다양한 시간대에 어울리는 공간을 제공합니다. 브레이크 타임에는 커피와 디저트도 즐길 수 있습니다. 주요 메뉴로는 휴고오픈샌드위치, 부르고뉴볼로네제파스타, 1+한우채끝스테이크, 부라타치즈샐러드, 한치케이퍼오일파스타, 트러플포르치니생면파스타, 크리스피페퍼치킨윙 등이 있으며, 가격대는 9,000원에서 64,000원 사이입니다. 다양한 양식 메뉴와 와인, 그리고 합리적인 가격의 이달의 와인도 제공되어 식사와 함께 가볍게 한잔하기 좋습니다. 매장은 도산대로49길 아뜨레빌딩 1층에 위치해 있으며, 발레파킹이 가능합니다. 영업시간은 월~화요일 10:00~22:00, 수~일요일 11:30~23:00이며, 명절 당일은 휴무입니다. 인스타그램(@hugo_dosan)에서도 정보를 확인할 수 있습니다. 분위기는 트렌디하고 세련되어 데이트, 친구 모임, 캐주얼한 식사, 가벼운 음주 등 다양한 상황에 적합합니다.",
  "rag_text": "낮에는 브런치 전문점, 저녁에는 와인바로 운영되는 세련되고 감각적인 분위기의 공간입니다. 레드리본 선정과 서울 2025 선정 맛집으로, 다양한 양식 테마의 메뉴와 함께 합리적인 가격의 이달의 와인을 즐길 수 있습니다. 술 한잔하기 좋은 트렌디한 장소로, 브레이크 타임에는 커피와 디저트도 제공되어 다양한 시간대에 어울립니다. 친구, 연인과의 모임이나 캐주얼한 식사, 데이트에 적합한 브런치카페 겸 와인바입니다.",
  "metadata": {
    "budget_range": "중",
    "spicy_available": "O",
    "vegetarian_options": "X",
    "main_ingredients_list": [
      "기타",
      "육류",
      "어류",
      "조류"
    ],
    "low_level_category": "브런치카페, 와인바",
    "suitable_for": [
      "레드리본",
      "서울 2025 선정",
      "술 한잔하기 좋은",
      "트렌디한",
      "데이트",
      "친구모임",
      "캐주얼",
      "와인"
    ],
    "food_type_list": [
      "디저트류",
      "면류",
      "고기류"
    ],
    "temperature_list": [
      "상",
      "온"
    ],
    "high_level_category": "양식"
  }
}