{
  "id": 31744,
  "store_name": "3대삼계장인",
  "llm_summary": "3대삼계장인은 서울 서초구 반포대로28길에 위치한 50여 년 전통의 삼계탕 전문점으로, 1970년대 1대 창업 이후 2021년까지 3대를 이어온 서초동 대표 삼계탕 맛집입니다. 2018년 4월 1일 개업했으며, 블루리본 서베이 2025 서울편과 레드리본 맛집으로 선정된 곳입니다. 대표 메뉴는 잣삼계탕으로, 진한 잣국물에 밥이 별도로 제공되고 산삼배양근이 올려져 있어 고급스러운 한 끼를 제공합니다. 이외에도 수비드닭볶음탕(수비드로 조리한 닭과 양념 국물이 따로 제공), 녹두삼계탕, 쑥삼계탕 등이 인기 메뉴입니다. 모든 메뉴는 맵지 않으며, 주재료는 닭 등 조류입니다. 가격대는 19,500원~40,000원으로 중간 수준이며, 매장은 교대역 14번 출구에서 장안어린이공원 방향으로 도보 4분 거리에 있습니다. 영업시간은 매일 10:50~22:00(명절 당일 휴무)로, 1시간 무료 주차가 가능합니다. 전통과 현대 조리법(3일간 수비드, 시루찜)을 접목한 삼계탕을 경험할 수 있으며, 가족모임이나 정갈한 한식 식사를 원하는 분들에게 추천할 만한 곳입니다.",
  "rag_text": "3대삼계장인은 50여 년간 3대를 이어온 전통 있는 삼계탕 전문 한식당입니다. 레드리본 선정 및 서울 2025 맛집으로 꼽혔으며, 삼계탕을 3일간 수비드 방식으로 시루에 쪄내는 독특한 조리법이 특징입니다. 대표 메뉴인 잣삼계탕은 진한 잣국물과 산삼배양근으로 고급스럽고 건강한 느낌을 주며, 수비드닭볶음탕 등도 인기가 많습니다. 전체적으로 정갈하고 전통적인 한식 분위기에서 가족 단위 방문이나 차분한 식사를 원하는 분들에게 잘 어울립니다.",
  "metadata": {
    "budget_range": "중",
    "spicy_available": "X",
    "vegetarian_options": "X",
    "main_ingredients_list": [
      "조류"
    ],
    "low_level_category": "삼계탕",
    "suitable_for": [
      "레드리본 선정",
      "서울 2025 선정",
      "가족모임",
      "전통적",
      "정갈한",
      "한식",
      "차분한"
    ],
    "food_type_list": [
      "국물류"
    ],
    "temperature_list": [
      "온"
    ],
    "high_level_category": "한식"
  }
}