{
  "id": 31800,
  "store_name": "모멘토브루어스",
  "llm_summary": "모멘토브루어스는 서울 성동구 성수동1가 뚝섬역 근처 조용한 골목에 위치한 브루잉 커피 전문점입니다. 호주 멜버른의 마켓레인커피에서 바리스타로 활동한 케일럽 대표가 운영하며, 시즌별로 변동되는 블렌딩 커피를 제공합니다. 메뉴는 에스프레소, 롱블랙, 플랫화이트, 두유라테, 모카크림라테, 아몬드크림라테, 딸기민트에이드 등 다양한 커피와 음료를 포함하며, 디저트류로는 피낭시에와 바닐라카늘레가 있습니다. 가격대는 3,000원에서 5,500원 사이로 합리적이며, 모든 메뉴는 맵지 않고 주재료는 기타로 분류되어 있습니다. 영업시간은 월~화, 목~금 08:00~17:00, 주말 및 공휴일 10:00~18:00이며, 매주 수요일은 휴무입니다. 인스타그램 계정도 운영 중입니다. 현재 블루리본 선정이나 서울 2025 선정은 되어 있지 않습니다.",
  "rag_text": "뚝섬역 조용한 골목가에 자리 잡은 브루잉 커피 전문점으로, 호주 멜버른 마켓레인커피 출신 바리스타가 운영합니다. 시즌별로 변동되는 블렌딩 커피를 맛볼 수 있으며, 디저트류와 다양한 커피 음료가 제공됩니다. 차분하고 편안한 분위기의 커피전문점입니다.",
  "metadata": {
    "budget_range": "저",
    "spicy_available": "X",
    "vegetarian_options": "X",
    "main_ingredients_list": [
      "기타"
    ],
    "low_level_category": "커피전문점",
    "suitable_for": [
      "조용한"
    ],
    "food_type_list": [
      "디저트류",
      "음료"
    ],
    "temperature_list": [
      "상",
      "냉"
    ],
    "high_level_category": "기타"
  }
}