{
  "id": 31904,
  "store_name": "애호락",
  "llm_summary": "애호락은 서울 종로구 계동길에 위치한 일반한식 주점으로, 정갈한 한상차림을 제공하는 곳입니다. 점심에는 한상차림 특선 메뉴를 선보이며, 저녁에는 인기 메뉴인 오합보쌈과 애호박 안에 고기를 넣어 지진 애호박육전을 맛볼 수 있습니다. 전통주와 함께 곁들여 먹기 좋은 전통 한식 요리를 주로 선보이며, 돼가리편육, 애호박찌개, 젓갈정식, 제육정식, 보쌈정식, 동해바다생선구이 2종 등 다양한 메뉴가 있습니다. 가격대는 8,000원부터 48,000원까지 다양하며, 매장이 연중무휴로 운영되고 있습니다. 전통적인 한식 주점 분위기에서 다양한 고기류와 해산물류, 국물류 메뉴를 즐길 수 있습니다.",
  "rag_text": "정갈한 한상차림을 맛볼 수 있는 전통 한식 주점으로, 점심 특선 한상차림과 저녁 인기 메뉴인 오합보쌈, 애호박육전이 특징입니다. 전통주와 함께 곁들여 먹기 좋은 한식 요리를 제공하며, 고기류, 국물류, 해산물류 등 다양한 메뉴 테마를 갖추고 있습니다. 조용하고 편안한 분위기에서 전통적인 한식을 경험할 수 있는 곳입니다.",
  "metadata": {
    "budget_range": "중",
    "spicy_available": "O",
    "vegetarian_options": "X",
    "main_ingredients_list": [
      "육류",
      "기타",
      "패류",
      "어류"
    ],
    "low_level_category": "일반한식",
    "suitable_for": [],
    "food_type_list": [
      "고기류",
      "국물류",
      "기타",
      "해산물류"
    ],
    "temperature_list": [
      "상",
      "온"
    ],
    "high_level_category": "한식"
  }
}