{
  "id": 31912,
  "store_name": "고가길구공탄",
  "llm_summary": "고가길구공탄은 서울 용산구 백범로99길 48에 위치한 삼겹살과 돼지고기구이 전문점입니다. 국내산 녹차 먹인 돼지고기를 드럼통 연탄불에 초벌하여 구워내며, 목살은 석쇠 불판, 삼겹살과 항정살은 무쇠 불판을 사용해 각각의 부위에 맞는 최적의 맛을 구현합니다. 칼칼한 얼큰 콩나물국과 파무침 등 다양한 곁들임 음식이 제공되며, 마무리 메뉴로는 뜨거운 석쇠 불판 위에서 즉석으로 비벼낸 김치볶음밥과 계란 프라이를 김에 싸서 먹는 별미가 인기를 끌고 있습니다. 삼각지 고가도로 아래에서 십여년간 한자리를 지켜온 노포로, 연탄불 고기구이의 추억과 맛을 간직한 곳입니다. HACCP과 친환경 무항생제 인증을 받은 고기를 사용하여 잡내 없이 육즙이 풍부하며, 특히 생목살과 삼겹살, 항정살이 추천 메뉴입니다. 저녁에만 영업하며, 고기 초벌과 재벌 과정에서 연탄불의 불향과 육즙을 살려 고기 맛이 뛰어납니다. 가격대는 라면 4,000원부터 항정살 18,000원까지 다양하며, 라면, 김치볶음밥, 삼겹살, 생목살, 돼지갈비, 항정살 등 다양한 한식 메뉴를 제공합니다. 전통적인 대포집 분위기와 함께 한국인의 정서를 자극하는 고기구이 전문점으로, 단골이 많고 지인 추천이 잦은 맛집입니다.",
  "rag_text": "녹차 먹인 국내산 돼지고기를 드럼통 연탄불에 구워내는 한식 고기구이 전문점으로, 목살은 석쇠 불판, 삼겹살과 항정살은 무쇠 불판을 사용합니다. 칼칼한 얼큰 콩나물국과 파무침 등 한국 전통 찬과 함께 제공되며, 마무리로 뜨거운 석쇠 불판에서 비벼낸 김치볶음밥과 계란프라이를 김에 싸먹는 별미가 특징입니다. 삼각지 고가도로 아래 위치한 노포로서, 연탄불 초벌구이와 재벌구이로 깊은 불향과 풍부한 육즙을 자랑하며, 전통적인 대포집 분위기 속에서 한국인의 추억과 정서를 불러일으키는 맛집입니다.",
  "metadata": {
    "budget_range": "중",
    "spicy_available": "O",
    "vegetarian_options": "X",
    "main_ingredients_list": [
      "기타",
      "육류"
    ],
    "low_level_category": "삼겹살, 돼지고기구이",
    "suitable_for": [
      "추억",
      "전통",
      "노포",
      "단골",
      "저녁영업",
      "한식",
      "고기구이",
      "편안한",
      "가성비"
    ],
    "food_type_list": [
      "면류",
      "밥류",
      "고기류"
    ],
    "temperature_list": [
      "온"
    ],
    "high_level_category": "한식"
  }
}