{
  "id": 31945,
  "store_name": "릴리우드",
  "llm_summary": "릴리우드는 서울 마포구 창전동에 위치한 아담한 규모의 디저트 전문 카페입니다. 시즌마다 변하는 아기자기한 모양의 다양한 디저트를 제공하며, 특히 가을과 겨울 시즌에 선보이는 딸기 케이크인 후레즈샹티가 인기 메뉴입니다. 예약 시 홀케이크 주문도 가능하며, 디저트 라인업은 인스타그램에서 확인할 수 있습니다. 메뉴는 아메리카노, 카페라테, 티, 메론소다, 포그블랑, 유츠말차, 베어파르페 등 다양하며, 가격대는 5,000원부터 12,000원 사이입니다. 영업시간은 월요일과 목요일부터 일요일까지 오후 12시부터 6시까지이며, 매주 화요일과 수요일은 휴무입니다. 재료나 제품 소진 시 조기 마감될 수 있습니다. 매장은 블루리본 선정이나 서울 2025 선정은 되어 있지 않으며, 조용하고 아기자기한 분위기에서 디저트를 즐길 수 있습니다.",
  "rag_text": "아담하고 아기자기한 디저트 전문 카페로, 시즌별 다양한 디저트를 선보이며 특히 딸기 케이크 후레즈샹티가 인기입니다. 조용하고 편안한 분위기에서 차분하게 디저트를 즐길 수 있는 공간입니다. 다양한 음료와 디저트가 준비되어 있으며, 예약을 통해 홀케이크 주문도 가능합니다. 인스타그램에서 디저트 라인업을 확인할 수 있습니다.",
  "metadata": {
    "budget_range": "중",
    "spicy_available": "X",
    "vegetarian_options": "X",
    "main_ingredients_list": [
      "기타"
    ],
    "low_level_category": "디저트전문점",
    "suitable_for": [],
    "food_type_list": [
      "음료"
    ],
    "temperature_list": [
      "기타"
    ],
    "high_level_category": "디저트류"
  }
}