{
  "id": 31986,
  "store_name": "우주옥",
  "llm_summary": "우주옥은 서울 강남구 청담동에 위치한 평양냉면 전문점으로, 최근 연남동에서 청담동으로 이전하였습니다. 블루리본 서베이 2025년 서울 맛집에 선정된 곳으로, 1개 리본을 획득하였으며, 평양냉면을 중심으로 다양한 한식 메뉴를 제공합니다. 대표 메뉴는 투명한 육수에 얇게 슬라이스된 소고기와 파가 고명으로 올라가는 물냉면(16,000원)이며, 어복쟁반(80,000원), 들기름비빔면(16,000원), 제육(25,000원), 내장(25,000원) 등 고기류와 면류도 함께 즐길 수 있습니다. 어복쟁반, 제육, 내장 등은 술 한잔 곁들이기에도 좋은 메뉴입니다. 매장은 1~3층 규모이며, 발레파킹이 가능하고, 영업시간은 월~토 11:00~21:00(브레이크타임 15:00~17:30, 마지막 주문 14:30/20:30), 일요일은 휴무입니다. 2021년 개업 이후 꾸준히 평양냉면 애호가들의 사랑을 받고 있습니다. 전반적으로 전통적인 평양냉면의 맑은 맛과 다양한 한식 고기요리를 경험할 수 있는 곳입니다.",
  "rag_text": "전통 평양냉면 전문 한식 레스토랑으로, 투명한 육수와 슬라이스 소고기가 올라간 정통 물냉면이 대표적입니다. 어복쟁반, 제육, 내장 등 다양한 고기 요리와 면류를 제공해 술 한잔 곁들이기에도 적합합니다. 최근 청담동으로 이전하여 쾌적한 공간에서 한식의 전통과 정취를 즐길 수 있으며, 블루리본 서베이 서울 2025 맛집에 선정된 신뢰받는 곳입니다. 정갈하면서도 전통적인 분위기에서 평양냉면과 한식 요리를 경험할 수 있습니다.",
  "metadata": {
    "budget_range": "고",
    "spicy_available": "O",
    "vegetarian_options": "X",
    "main_ingredients_list": [
      "기타",
      "육류"
    ],
    "low_level_category": "평양냉면",
    "suitable_for": [
      "서울 2025 선정",
      "전통적",
      "정갈한",
      "술모임",
      "한식 애호가",
      "믿을 수 있는 맛집"
    ],
    "food_type_list": [
      "면류",
      "고기류"
    ],
    "temperature_list": [
      "냉",
      "온",
      "상"
    ],
    "high_level_category": "한식"
  }
}