{
  "id": 31990,
  "store_name": "꿍탈레",
  "llm_summary": "꿍탈레는 서울 강남구 신사동에 위치한 태국 음식 전문점으로, 2016년 7월 1일에 개업하였으며 태국인 셰프가 직접 요리하는 정통 태국 요리를 선보입니다. 실내는 태국 현지 분위기의 소품들로 꾸며져 있어 이국적인 감성을 느낄 수 있습니다. 블루리본 서베이 2025 서울판에 선정되었으며, 레드리본 맛집으로도 인정받았습니다. 대표 메뉴로는 똠얌꿍쌀국수(13,000원), 뿌님팟퐁커리(30,000원), 팟끄라파오무쌉(13,000원), 소고기쌀국수(12,000원), 팟타이(12,000원), 똠얌꿍(16,000원) 등이 있으며, 각각 면류, 밥류, 해산물류, 국물류 등 다양한 카테고리의 태국 음식을 제공합니다. 세트 메뉴(A~C)는 55,000~70,000원으로 구성되어 있습니다. 대부분의 메뉴가 맵지 않으나, 똠얌꿍은 매운 맛을 제공합니다. 영업시간은 매일 11:30~21:00(마지막 주문 20:00)이며, 1월 1일에만 휴무입니다. 발레파킹이 제공되고, 인스타그램(@kungthale)으로도 소식을 접할 수 있습니다. 현지의 맛과 분위기를 동시에 즐길 수 있는 곳으로, 태국 음식 애호가와 이국적인 식사 경험을 원하는 분들에게 추천할 만한 레스토랑입니다.",
  "rag_text": "태국 현지 분위기를 물씬 느낄 수 있는 정통 태국 음식점으로, 태국인 셰프가 직접 요리하며 실내는 태국 감성의 소품들로 꾸며져 있습니다. 태국 대표 요리인 똠얌꿍쌀국수, 팟끄라파오무쌉, 뿌님팟퐁커리 등 다양한 메뉴를 제공하며, 레드리본에 선정된 서울의 맛집입니다. 이국적이고 생동감 있는 분위기에서 정통 태국 요리를 경험할 수 있는 곳입니다.",
  "metadata": {
    "budget_range": "중",
    "spicy_available": "O",
    "vegetarian_options": "X",
    "main_ingredients_list": [
      "육류",
      "패류",
      "기타"
    ],
    "low_level_category": "태국식",
    "suitable_for": [
      "레드리본 선정",
      "서울 2025 선정",
      "이국적",
      "현지분위기",
      "태국감성",
      "태국인셰프"
    ],
    "food_type_list": [
      "면류",
      "해산물류",
      "밥류",
      "국물류",
      "기타"
    ],
    "temperature_list": [
      "온",
      "기타"
    ],
    "high_level_category": "동남아"
  }
}