{
  "id": 32017,
  "store_name": "코타바이뎐",
  "llm_summary": "코타바이뎐은 서울 강남구 신사동에 위치한 고급스러운 분위기의 한식주점 다이닝 펍입니다. 제철 식재료를 활용한 다양한 요리를 선보이며, 전통주 페어링이 가능한 점이 특징입니다. 대표 메뉴로는 보석함에 다섯 가지 아뮈즈부슈가 담겨 나오는 시그니처 코스인 '코타시그니처코스'(120,000원)와 육류를 주재료로 한 '코타VIP스테이크코스'(150,000원)가 있습니다. 이곳은 저녁 시간대에만 영업하며, 발레파킹 서비스를 제공하고, 압구정로데오역 5번 출구에서 369m 거리에 위치해 있어 접근성이 좋습니다. 매주 일요일은 휴무이며, 월~금요일은 18:00~21:30, 토요일은 17:30~21:00까지 운영합니다. 고급스러운 다이닝 공간에서 전통주와 함께 특별한 코스를 즐기고자 하는 고객에게 적합한 장소입니다.",
  "rag_text": "고급스러운 분위기의 한식주점 다이닝 펍으로, 제철 식재료로 다양한 요리를 선보이며 전통주 페어링이 가능하다. 시그니처 코스는 보석함에 다섯 가지 아뮈즈부슈가 담겨 나오는 것이 특징이다. 양식 테마의 스테이크 코스도 제공하여 고급 다이닝 경험을 추구하는 고객에게 적합하다.",
  "metadata": {
    "budget_range": "고",
    "spicy_available": "X",
    "vegetarian_options": "X",
    "main_ingredients_list": [
      "기타",
      "육류"
    ],
    "low_level_category": "한식주점",
    "suitable_for": [
      "고급스러운",
      "다이닝",
      "전통주 페어링",
      "저녁",
      "술 한잔하기 좋은"
    ],
    "food_type_list": [
      "기타",
      "고기류"
    ],
    "temperature_list": [
      "상",
      "온"
    ],
    "high_level_category": "한식"
  }
}