{
  "id": 32056,
  "store_name": "신비갈비살",
  "llm_summary": "신비갈비살은 서울 강남구 신사동에 위치한 숯불 소갈비 전문점으로, 직접 공수한 1++등급 한우 짝갈비를 매장에서 정형하여 합리적인 가격에 제공한다. 대표 메뉴로는 한우갈빗살(100g), 갈비반짝모둠(300g), 갈비한짝모둠(600g) 등이 있으며, 고기와 함께 술 한잔 즐기기 좋다. 마무리로 된장찌개에 고기를 넣어 먹는 독특한 별미도 제공한다. 메뉴 가격대는 9,000원부터 115,000원까지 다양하며, 매장은 월~토요일 17:00~22:00에 운영되고 일요일은 휴무이다. 저녁에만 영업하며 가격 대비 만족도가 높은 맛집으로 평가받고 있다. 현재 독자 리뷰는 등록되어 있지 않으나, 블루리본 Pick으로 소개되어 있다. 주소는 서울특별시 강남구 강남대로158길 15 (신사동)이며, 전화번호는 02-543-5992이다.",
  "rag_text": "숯불에 구워 먹는 소갈비 전문 한식당으로, 1++등급 한우 갈빗살을 직접 매장에서 정형해 합리적인 가격에 제공한다. 고기와 술 한잔을 즐기기에 적합하며, 된장찌개에 고기를 넣어 먹는 별미가 특징이다. 저녁에만 영업하며 가격 대비 만족도가 높은 가성비 좋은 맛집이다.",
  "metadata": {
    "budget_range": "고",
    "spicy_available": "O",
    "vegetarian_options": "X",
    "main_ingredients_list": [
      "기타",
      "육류"
    ],
    "low_level_category": "소고기구이",
    "suitable_for": [
      "가성비",
      "저녁식사"
    ],
    "food_type_list": [
      "국물류",
      "고기류"
    ],
    "temperature_list": [
      "온",
      "상"
    ],
    "high_level_category": "한식"
  }
}