{
  "id": 32095,
  "store_name": "지유가오카핫초메(삼청점)",
  "llm_summary": "지유가오카핫초메(삼청점)은 서울 종로구 안국동에 위치한 수제 케이크 전문점으로, 매장에서 직접 케이크를 구워 신선함을 자랑합니다. 대표 메뉴는 부드럽고 촉촉한 초코케이크인 시카고이며, 레몬 시럽이 올려진 생크림 초코 케이크인 야키케이크와 화이트 티라미수인 시로이케이크도 인기 있습니다. 음료로는 아메리카노, 카페라테, 망고주스 등이 있으며, 디저트류로는 조각케이크, 팥빙수, 그리고 통 케이크를 판매합니다. 가격대는 아메리카노 4,000원부터 케이크 38,000원까지 다양하며, 전체적으로 4,000원에서 38,000원 사이의 메뉴들이 있습니다. 매장은 안국역 1번 출구 인근에 위치해 접근이 용이하며, 월~금요일은 09:00~23:00, 토요일 10:00~23:00, 일요일 10:00~22:00까지 영업합니다. 공식 홈페이지(http://www.jiyugaoka.co.kr/)를 운영하며, 블루리본 Pick에 선정된 바 있으나 리본 개수는 없고 서울 2025 선정은 되지 않았습니다. 매장 분위기나 라벨 관련 정보는 별도로 제공되지 않았으며, 독자 리뷰는 아직 등록되지 않았습니다.",
  "rag_text": "수제 케이크 전문점으로 매장에서 직접 굽는 부드럽고 촉촉한 초코케이크가 대표 메뉴입니다. 레몬 시럽이 올려진 생크림 초코 케이크와 화이트 티라미수도 인기가 많으며, 다양한 음료와 디저트류를 제공합니다. 편안하고 아늑한 케이크 카페 분위기로 디저트를 즐기기에 적합합니다.",
  "metadata": {
    "budget_range": "중",
    "spicy_available": "X",
    "vegetarian_options": "X",
    "main_ingredients_list": [
      "기타"
    ],
    "low_level_category": "케이크",
    "suitable_for": [],
    "food_type_list": [
      "음료",
      "디저트류"
    ],
    "temperature_list": [
      "상",
      "냉"
    ],
    "high_level_category": "디저트류"
  }
}