{
  "id": 32105,
  "store_name": "이키이키",
  "llm_summary": "이키이키는 서울 양천구 목동의 조용한 골목에 위치한 자가제면 우동 전문점으로, 2025년 블루리본 서베이와 레드리본에 선정된 맛집입니다. ‘이키이키’는 일본어로 ‘생생하다’는 뜻을 담아, 모든 우동 면을 직접 뽑아내어 쫄깃한 사누키 스타일로 제공합니다. 대표 우동 메뉴들은 멸치, 디포리, 다시마, 가쓰오부시로 우려낸 담백한 육수와 함께 제공되며, 텐붓카케우동은 따로 담긴 쯔유를 기호에 맞게 부어 먹는 방식이 특징입니다. 시즌마다 새로운 우동을 선보이고, 제철 재료로 구성된 반찬, 샐러드, 디저트도 준비됩니다. 등심돈가스는 1+ 등급 국내산 냉장 돈육만을 사용해 직접 숙성·염지하고, 습식 빵가루로 튀겨내 겉은 바삭하고 속은 육즙 가득한 부드러운 식감을 자랑합니다. 주요 메뉴로는 텐붓카케우동(12,000원), 카라이우동(13,000원), 등심돈가스(14,000원), 붓카케우동(9,000원), XO덮밥(9,500원), 단새우성게알우동(18,000원) 등이 있습니다. 모든 메뉴는 맵지 않으며, 육류와 해산물, 기타 재료가 주를 이룹니다. 오목교역 8번 출구에서 도보 145m 거리에 위치해 접근성이 좋고, 밝은 미소와 친절한 서비스, 조용하고 아늑한 분위기로 데이트, 가족, 소규모 모임에 적합합니다. 영업시간은 매일 11:30~21:00(브레이크타임 15:00~17:00, 명절 당일 휴무)입니다.",
  "rag_text": "이키이키는 레드리본과 서울 2025에 선정된 자가제면 사누키 우동 전문점으로, 쫄깃한 생면과 담백한 육수, 직접 숙성한 돼지고기 돈가스를 제공하는 정통 일식 스타일의 식당입니다. 시즌별로 새로운 우동을 선보이고, 제철 반찬과 샐러드, 디저트 등 다양한 구성으로 손님을 맞이합니다. 조용한 골목에 위치해 아늑하고 차분한 분위기이며, 밝은 미소와 친절한 서비스가 특징입니다. 정성스럽고 독창적인 요리와 함께, 정통 우동의 맛과 따뜻한 환대를 경험할 수 있는 곳입니다.",
  "metadata": {
    "budget_range": "중",
    "spicy_available": "X",
    "vegetarian_options": "X",
    "main_ingredients_list": [
      "기타",
      "육류",
      "패류"
    ],
    "low_level_category": "일식우동",
    "suitable_for": [
      "레드리본",
      "서울 2025",
      "조용한",
      "데이트",
      "가족",
      "아늑한",
      "정성스러운",
      "친절한 서비스"
    ],
    "food_type_list": [
      "면류",
      "고기류",
      "밥류"
    ],
    "temperature_list": [
      "온",
      "상"
    ],
    "high_level_category": "일식"
  }
}