{
  "id": 32113,
  "store_name": "우주제빵소",
  "llm_summary": "우주제빵소는 서울 성북구 성북동에 위치한 베이커리 카페로, 가정집을 개조하여 만든 아늑한 공간입니다. 정보석 배우의 빵집으로 알려져 있으며, 유기농 원두를 사용한 커피와 천연발효종으로 당일 만든 다양한 빵을 제공합니다. 대표 인기 메뉴는 대파바게트이며, 베리에이션커피, 바질크런치바사삭, 찹쌀페이스트리, 유니버스셰이크 등 다양한 음료와 디저트류를 합리적인 가격대에 즐길 수 있습니다. 매주 월요일은 휴무이며, 화요일부터 일요일까지 오전 10시부터 오후 9시까지 운영합니다. 공식 인스타그램 계정을 통해 최신 소식과 메뉴 정보를 확인할 수 있습니다.",
  "rag_text": "가정집을 개조한 베이커리 카페로, 정보석 배우의 빵집으로 유명하며 유기농 원두와 천연발효종으로 만든 신선한 빵과 커피를 제공합니다. 아늑하고 편안한 분위기에서 다양한 베이커리와 음료를 즐길 수 있는 공간입니다.",
  "metadata": {
    "budget_range": "중",
    "spicy_available": "X",
    "vegetarian_options": "X",
    "main_ingredients_list": [
      "기타"
    ],
    "low_level_category": "베이커리",
    "suitable_for": [],
    "food_type_list": [
      "음료",
      "디저트류"
    ],
    "temperature_list": [
      "기타"
    ],
    "high_level_category": "디저트류"
  }
}