{
  "id": 32257,
  "store_name": "도취",
  "llm_summary": "도취는 서울 종로구 누상동에 위치한 아지트 분위기의 한식 다이닝 와인바입니다. 이곳은 한우 투플러스 육회와 바삭한 두부과자가 어우러진 시그니처 메뉴 육회타르타르가 유명하며, 와인과 잘 어울리는 크림치즈곶감말이도 추천 메뉴입니다. 메뉴는 한식, 양식, 중식 테마가 혼합되어 있으며, 제육저냐(맵기 있음), 고추부각감바스(맵기 있음), 마라순두부전골(맵기 있음) 등 매콤한 메뉴도 준비되어 있습니다. 가격대는 ₩13,000에서 ₩23,000 사이로 중간 수준이며, 온도별로는 상(육회타르타르), 온(제육저냐, 고추부각감바스, 마라순두부전골), 기타(크림치즈곶감말이) 메뉴가 있습니다. 매장은 지하 1층에 위치해 있으며, 월·화요일 휴무, 수~금요일 17:00~23:00, 토~일요일 15:00~23:00 영업합니다. 인스타그램 계정도 운영 중입니다. 독자 리뷰는 아직 등록되지 않았으나, 술 한잔하기 좋은 분위기와 아지트 같은 편안한 공간으로 알려져 있습니다.",
  "rag_text": "아지트 분위기의 한식 다이닝 와인바로, 시그니처 메뉴인 육회타르타르와 크림치즈곶감말이가 와인과 잘 어울립니다. 한식, 양식, 중식 테마가 혼합된 다양한 메뉴를 제공하며, 매콤한 메뉴도 포함되어 있습니다. 편안하고 술 한잔하기 좋은 분위기의 장소입니다.",
  "metadata": {
    "budget_range": "중",
    "spicy_available": "O",
    "vegetarian_options": "O",
    "main_ingredients_list": [
      "기타",
      "육류",
      "패류"
    ],
    "low_level_category": "다이닝바, 와인바",
    "suitable_for": [
      "술 한잔하기 좋은",
      "아지트 분위기"
    ],
    "food_type_list": [
      "디저트류",
      "고기류",
      "해산물류",
      "국물류"
    ],
    "temperature_list": [
      "기타",
      "온",
      "상"
    ],
    "high_level_category": "한식"
  }
}