{
  "id": 32282,
  "store_name": "신안촌(경희궁점)",
  "llm_summary": "신안촌(경희궁점)은 서울 종로구 내수동에 위치한 한정식 및 남도음식 전문점으로, 전라도의 제철 식재료를 사용하여 정갈한 한상을 제공하는 한식당입니다. 목포에서 직접 공수한 홍어와 낙지를 사용하며, 대표 메뉴인 낙지꾸리는 참기름 향에 구워진 산낙지의 부드럽고 야들야들한 식감을 즐길 수 있습니다. 메뉴는 낙지연포탕, 매생이탕, 낙지비빔밥, 보리굴비정식, 가지찜, 홍어삼합, 갈치구이 등 다양한 한식 국물류, 밥류, 해산물류, 기타 요리로 구성되어 있습니다. 가격대는 18,000원부터 80,000원까지 다양하며, 매운 메뉴도 일부 포함되어 있습니다. 매장은 청결하며 친절한 서비스로 4.78점의 높은 평점을 받고 있고, 경복궁역 7번 출구에서 약 458m 거리에 위치해 있습니다. 영업시간은 평일 11:00~21:00(브레이크타임 14:00~17:00), 토요일 11:00~20:00(브레이크타임 16:00~17:00), 일요일 및 명절 연휴는 휴무입니다. 발레파킹 서비스도 제공됩니다.",
  "rag_text": "전라도 제철 식재료를 활용한 정갈한 한정식 전문점으로, 목포산 홍어와 낙지를 사용하여 전통 남도음식의 맛을 선보입니다. 신안촌은 참기름 향에 구워진 산낙지 낙지꾸리가 대표 메뉴이며, 한식 테마의 국물류, 밥류, 해산물류 및 기타 요리를 제공합니다. 청결하고 친절한 서비스와 멋진 인테리어가 돋보이며, 가족 모임이나 정갈한 한식 경험을 원하는 고객에게 적합합니다.",
  "metadata": {
    "budget_range": "중",
    "spicy_available": "O",
    "vegetarian_options": "X",
    "main_ingredients_list": [
      "패류",
      "기타",
      "어류"
    ],
    "low_level_category": "한정식, 남도음식",
    "suitable_for": [
      "가족모임",
      "전통음식",
      "친절한서비스",
      "청결",
      "정갈한한상"
    ],
    "food_type_list": [
      "국물류",
      "밥류",
      "해산물류",
      "기타"
    ],
    "temperature_list": [
      "온",
      "상"
    ],
    "high_level_category": "한식"
  }
}