{
  "id": 32304,
  "store_name": "갈비사랑",
  "llm_summary": "갈비사랑은 서울 서초구 양재동에 위치한 한우구이와 갈비 전문 고깃집으로, 품질 좋은 우대갈비와 양념갈비가 대표 메뉴입니다. 2021년 11월 17일 개업했으며, 월요일부터 일요일까지 11:30부터 21:50까지 영업하며 연중 무휴입니다. 기본 찬은 천연 효소를 사용해 정갈하게 준비되며, 와인 리스트도 잘 갖춰져 있습니다. 메뉴는 돼지갈비, 양념갈비, 우대갈비, 생갈비, 한우생등심, 한우꽃등심 등 다양한 고기류로 구성되어 있고, 가격대는 38,000원에서 78,000원 사이입니다. 양념갈비는 매운맛이 가미되어 있으며, 나머지 메뉴는 맵지 않습니다. 위치는 양재역 8번 출구 앞 50m이며 발레파킹 서비스를 제공합니다. 공식 인스타그램과 홈페이지도 운영 중입니다. 독자 리뷰는 아직 등록되어 있지 않지만, 켈리 더블 임팩트 맛집으로 소개되고 있습니다.",
  "rag_text": "한우구이와 갈비를 전문으로 하는 품격 있는 한식 고깃집으로, 천연 효소를 사용한 정갈한 기본 찬과 우수한 와인 리스트를 갖추고 있습니다. 연중무휴로 운영되며, 양재역 인근에 위치해 편리합니다. 고급 한우와 돼지갈비 메뉴를 중심으로 한식 테마의 고기류 전문점입니다.",
  "metadata": {
    "budget_range": "고",
    "spicy_available": "O",
    "vegetarian_options": "X",
    "main_ingredients_list": [
      "육류"
    ],
    "low_level_category": "소고기구이, 소갈비, 돼지갈비",
    "suitable_for": [],
    "food_type_list": [
      "고기류"
    ],
    "temperature_list": [
      "온"
    ],
    "high_level_category": "한식"
  }
}