{
  "id": 32312,
  "store_name": "용마해장국",
  "llm_summary": "용마해장국은 서울 중랑구 망우동에 위치한 20년 넘게 2대째 이어져 온 전통 해장국 전문점입니다. 빨간 국물이 아닌 맑은 육수에 우거지, 소뼈, 두툼한 선지가 푸짐하게 들어가 있으며, 고슬고슬한 밥과 함께 시원하고 든든한 해장국을 즐길 수 있습니다. 얼큰한 맛을 원할 경우 고추기름을 추가해 먹기도 합니다. 메뉴는 해장국(₩10,000~₩13,000)과 장아찌(₩5,000)가 있으며, 해장국은 매운맛이 있고 장아찌는 맵지 않습니다. 가게는 서울 2025 선정 맛집으로, 화요일부터 일요일까지 오전 10시부터 오후 8시까지 운영하며, 매주 월요일은 휴무입니다. 전통적인 한식 국물류를 전문으로 하며, 깔끔하고 시원한 맛을 자랑합니다.",
  "rag_text": "20년 전통의 해장국 전문점으로 맑은 육수와 우거지, 소뼈, 두툼한 선지를 사용하여 시원하고 푸짐한 한식 국물류를 제공합니다. 얼큰한 맛을 위해 고추기름을 곁들여 먹기도 하며, 서울 2025 선정 맛집으로 지역 주민과 방문객에게 사랑받는 전통적인 분위기의 한식당입니다.",
  "metadata": {
    "budget_range": "중",
    "spicy_available": "O",
    "vegetarian_options": "X",
    "main_ingredients_list": [
      "기타"
    ],
    "low_level_category": "선지해장국",
    "suitable_for": [
      "전통",
      "가족모임",
      "지역맛집"
    ],
    "food_type_list": [
      "국물류",
      "기타"
    ],
    "temperature_list": [
      "온",
      "상"
    ],
    "high_level_category": "한식"
  }
}