{
  "id": 32328,
  "store_name": "육개옥",
  "llm_summary": "육개옥은 서울 강남구 논현동에 위치한 한우 육개장 전문점으로, 피양옥에서 오픈한 가게입니다. 토란대, 고사리, 한우, 대파가 듬뿍 들어가 진하고 얼큰한 육개장이 대표 메뉴이며, 1++ 한우를 푹 삶아 부위별로 즐길 수 있는 한우수육도 매우 높은 퀄리티를 자랑합니다. 수제로 만든 동그랑땡과 모둠전 등 다양한 한식 안주 메뉴도 제공되어 풍성한 식사가 가능합니다. 메뉴는 한우육개장, 양지온반, 수제동그랑땡, 한우수육(소, 중, 대), 한우수육냉채, 모둠전, 한우육개장만두전골 등으로 구성되어 있으며, 가격대는 10,000원부터 70,000원까지 다양합니다. 매장은 연중무휴로 운영되며, 영업시간은 매일 11시부터 22시까지(마지막 주문 21시)입니다. 전반적으로 진하고 얼큰한 국물 요리와 고급 한우 고기 메뉴를 중심으로 한 전통 한식의 맛과 퀄리티를 경험할 수 있는 곳입니다.",
  "rag_text": "한우 육개장 전문 한식당으로, 토란대, 고사리, 한우, 대파가 풍부하게 들어간 진하고 얼큰한 육개장 맛이 특징입니다. 1++ 한우를 사용해 부위별로 즐기는 한우수육과 수제로 만든 동그랑땡, 모둠전 등 다양한 안주 메뉴가 풍성하며, 전통적인 한식의 깊은 맛을 제공합니다. 편안하고 정통적인 분위기에서 한우 중심의 전통 한식 경험을 원하는 이들에게 적합합니다.",
  "metadata": {
    "budget_range": "중",
    "spicy_available": "O",
    "vegetarian_options": "X",
    "main_ingredients_list": [
      "육류",
      "기타"
    ],
    "low_level_category": "육개장",
    "suitable_for": [],
    "food_type_list": [
      "국물류",
      "밥류",
      "고기류",
      "기타"
    ],
    "temperature_list": [
      "온",
      "냉",
      "상"
    ],
    "high_level_category": "한식"
  }
}