{
  "id": 32353,
  "store_name": "강민철레스토랑",
  "llm_summary": "강민철레스토랑은 서울 강남구 청담동에 위치한 고급 프렌치 파인 다이닝 레스토랑입니다. 이곳은 파리의 유명 레스토랑인 조엘 로부숑, 알랭 뒤카스, 피에르 가니에르 등에서 경력을 쌓은 강민철 셰프가 직접 운영하며, 2025년 블루리본 서베이 서울 선정 레스토랑이기도 합니다. 클래식 프렌치 코스 요리를 현대적으로 재해석해 제공하며, 메인 디시를 중심으로 다양한 서브 디시가 함께 나오고, 화려한 플레이팅과 셰프의 퍼포먼스가 큰 인기를 끕니다. 대표 메뉴로는 런치(22만원), 디너(36만원) 코스와 와인 페어링(5잔 25만원, 7잔 29만원)이 있으며, 전반적으로 가격대가 높고 특별한 날에 어울리는 분위기를 자랑합니다. 결혼기념일, 프러포즈 등 기념일에 방문하기 좋으며, 스타 셰프의 운영과 세련된 인테리어, 프라이빗한 분위기로 고급스러운 경험을 원하는 고객에게 적합합니다. 영업시간은 화~토요일 12:00~22:00(브레이크타임 14:30~18:00)이며, 매주 월요일과 일요일은 휴무입니다. 발레파킹이 제공되고, 2021년 10월 1일에 개업했습니다. 공식 인스타그램(@kangminchul_restaurant)도 운영 중입니다.",
  "rag_text": "강민철레스토랑은 파리의 세계적 거장 레스토랑에서 경력을 쌓은 스타 셰프가 운영하는 프렌치 파인 다이닝 레스토랑입니다. 클래식 프렌치를 현대적으로 재현한 코스 요리, 화려한 플레이팅과 셰프의 퍼포먼스, 세련되고 고급스러운 분위기가 특징입니다. 결혼기념일, 프러포즈 등 특별한 날에 어울리며, 프라이빗하고 품격 있는 다이닝 경험을 원하는 고객에게 적합합니다. 2025년 서울 선정 레스토랑으로, 양식 테마의 고급스러운 정체성을 갖고 있습니다.",
  "metadata": {
    "budget_range": "고",
    "spicy_available": "X",
    "vegetarian_options": "X",
    "main_ingredients_list": [
      "기타"
    ],
    "low_level_category": "프랑스식",
    "suitable_for": [
      "서울 2025 선정",
      "결혼기념일",
      "프러포즈",
      "스타 셰프",
      "파인 다이닝",
      "분위기 좋은",
      "특별한 날"
    ],
    "food_type_list": [
      "기타",
      "음료"
    ],
    "temperature_list": [
      "기타"
    ],
    "high_level_category": "양식"
  }
}