{
  "id": 32451,
  "store_name": "춘뽕",
  "llm_summary": "춘뽕은 서울 영등포구 신길동에 위치한 가성비 좋은 짬뽕 전문점입니다. 이곳의 대표 메뉴인 사천탕면인 춘뽕은 칼칼하면서도 시원한 맛이 특징이며, 점심시간에는 웨이팅이 있을 정도로 인기가 많습니다. 매장은 ㄷ자 바 테이블로 구성되어 있어 혼밥하기에도 적합합니다. 포장과 배달은 제공하지 않으나, 냄비를 직접 가져와 포장해 가는 손님도 있습니다. 메뉴는 짜장면, 짬뽕, 백짬뽕, 사천짬뽕, 매운짬뽕, 비빔짬뽕 등 다양한 중식 면류와 미니탕수육 같은 고기류가 있으며, 가격대는 5,000원에서 12,000원 사이입니다. 매운 메뉴가 다수 포함되어 있으며, 주재료로 어류와 기타 재료가 사용됩니다. 영업시간은 월~토요일 11:00~20:00 (브레이크타임 15:00~16:30), 일요일 휴무입니다. 2019년 3월 20일에 개업하였고, 보라매역 5번 출구 근처에서 접근이 용이합니다. 전반적으로 퓨전 정통 중화요리로, 혼밥족에게도 적합한 분위기입니다.",
  "rag_text": "가성비 좋은 짬뽕 전문점으로, 칼칼하면서도 시원한 사천탕면인 춘뽕이 대표 메뉴입니다. 매장은 ㄷ자 바 테이블로 혼밥하기 좋은 구성이며, 퓨전 정통중화요리 분위기를 갖추고 있습니다. 중식 테마의 다양한 면류와 고기류 메뉴를 제공하며, 매운 맛을 즐길 수 있는 메뉴가 다수 있습니다. 조용하고 실용적인 분위기로 점심시간 웨이팅이 있을 정도로 인기가 높습니다.",
  "metadata": {
    "budget_range": "저",
    "spicy_available": "O",
    "vegetarian_options": "X",
    "main_ingredients_list": [
      "기타",
      "어류",
      "육류"
    ],
    "low_level_category": "짬뽕전문점",
    "suitable_for": [
      "혼밥",
      "가성비"
    ],
    "food_type_list": [
      "면류",
      "고기류"
    ],
    "temperature_list": [
      "온"
    ],
    "high_level_category": "중식"
  }
}