{
  "id": 32502,
  "store_name": "모트32서울",
  "llm_summary": "모트32서울은 서울 서초구 센트럴시티 2층에 위치한 홍콩의 명성 높은 중식 레스토랑 모트32의 한국 지점입니다. 2021년 12월 29일에 개업했으며, 블루리본 서베이 2025년판에 선정된 레드리본 맛집으로 2개의 리본을 획득했습니다. 이곳은 광동식 전통 요리에 서양식 감각을 더한 다양한 중식 요리를 선보이며, 대표 메뉴로는 모트시그니처북경오리(₩160,000), 꿀소스이베리코차슈(₩65,000), 해삼동파육(₩170,000), 로메인돼지고기볶음(₩35,000), 활바닷가재마파두부(₩130,000) 등이 있습니다. 특히 베이징덕이 시그니처 메뉴로 유명하며, 일부 바비큐 요리는 사전 예약이 필수입니다. 가격대는 ₩35,000~₩160,000으로 고급 파인 다이닝에 속하며, 인테리어가 웅장하고 고급스러운 분위기를 자랑합니다. 매장은 해외 유명 브랜드의 품격을 느낄 수 있는 공간으로, 고속터미널역 4번 출구에서 도보 약 50미터 거리에 위치해 접근성이 뛰어납니다. 영업시간은 월~일 11:30~22:00(브레이크타임 15:00~17:30, 마지막 주문 14:30/21:00)이며 연중무휴입니다. 메뉴 구성상 대부분의 요리가 맵지 않으며(예외: 활바닷가재마파두부), 주재료는 조류, 육류, 패류 등 다양하나 채식/비건 메뉴는 확인되지 않습니다. 인스타그램(@mott32seoul) 및 공식 홈페이지, 조선호텔 계열 홈페이지에서도 정보를 확인할 수 있습니다.",
  "rag_text": "홍콩의 유명 중식당 모트32의 한국 지점으로, 광동식 전통 요리에 서양식 터치가 더해진 고급 파인 다이닝 레스토랑입니다. 시그니처인 베이징덕과 다양한 바비큐 요리가 유명하며, 일부 메뉴는 사전 예약이 필요합니다. 웅장하고 고급스러운 인테리어와 해외 유명 브랜드의 품격이 느껴지는 공간에서 정통 중식과 현대적 감각을 동시에 경험할 수 있습니다. 레드리본 선정, 서울 2025 선정 등 권위 있는 평가를 받았으며, 인테리어가 뛰어나고 특별한 모임이나 격식 있는 식사에 적합한 분위기입니다.",
  "metadata": {
    "budget_range": "고",
    "spicy_available": "O",
    "vegetarian_options": "X",
    "main_ingredients_list": [
      "조류",
      "육류",
      "패류"
    ],
    "low_level_category": "홍콩식중식",
    "suitable_for": [
      "레드리본 선정",
      "서울 2025 선정",
      "파인 다이닝",
      "격식 있는 모임",
      "특별한 식사",
      "고급스러운",
      "해외 유명 브랜드",
      "인테리어가 좋은"
    ],
    "food_type_list": [
      "고기류",
      "밥류"
    ],
    "temperature_list": [
      "온"
    ],
    "high_level_category": "중식"
  }
}