{
  "id": 32538,
  "store_name": "오르소에스프레소바후암",
  "llm_summary": "오르소에스프레소바후암은 서울 용산구 후암동에 위치한 차분한 분위기의 에스프레소바입니다. 직접 로스팅한 원두로 에스프레소를 내리며, 에스프레소 메뉴 주문 시 입안을 정리해주는 탄산수를 함께 제공합니다. 대표 메뉴인 마로키노는 초콜릿, 우유, 크림이 들어가 달고 진한 맛의 에스프레소로, 모로코인 피부색을 닮아 이름이 붙여졌습니다. 매장 내부는 10명 내외로 입장 가능하며, 에스프레소, 마키아토, 콘판나 등 다양한 커피 음료와 쿠키, 그라니타, 티라미수, 초콜라토 등 디저트류를 합리적인 가격대에 제공합니다. 영업시간은 월요일, 수~금요일, 일요일 08:00~19:00, 토요일 10:00~19:00이며, 매주 화요일은 휴무입니다. 2021년 6월 10일 개업하였고, 인스타그램(@orso_espressobar)을 통해 소식을 확인할 수 있습니다.",
  "rag_text": "차분한 분위기의 에스프레소바로, 직접 로스팅한 원두를 사용하여 에스프레소를 제공하며, 달고 진한 맛의 마로키노가 인기입니다. 조용하고 아늑한 공간으로 10명 내외가 입장 가능하며, 에스프레소와 다양한 커피 음료, 디저트류를 전문으로 합니다.",
  "metadata": {
    "budget_range": "저",
    "spicy_available": "X",
    "vegetarian_options": "X",
    "main_ingredients_list": [
      "기타"
    ],
    "low_level_category": "에스프레소바, 커피전문점",
    "suitable_for": [
      "조용한",
      "데이트",
      "소규모모임"
    ],
    "food_type_list": [
      "음료",
      "디저트류"
    ],
    "temperature_list": [
      "기타"
    ],
    "high_level_category": "기타"
  }
}