{
  "id": 32543,
  "store_name": "사브서울",
  "llm_summary": "사브서울은 서울 강남구 신사동에 위치한 어반 와이너리를 표방하는 와인 앤 다이닝 바로, 지하 1층에 지하 와인 저장고가 있어 와인 애호가들에게 매력적인 공간입니다. 음식과 와인 페어링은 전문 소믈리에의 추천을 받을 수 있으며, 메뉴는 양식과 한식을 중심으로 고기류를 주력으로 합니다. 대표 메뉴로는 330g 피레네의 양갈비와 150g 한우 1++ 채끝 스테이크가 있으며, 그 외에도 비프 타르타르, 샴피뇽 소테, 컬리플라워 튀김, 꽈리고추 등의 다양한 온·상 온도 메뉴와 디저트류인 튈르리의 정원, 프로방스의 꽃들이 준비되어 있습니다. 가격대는 17,000원에서 86,000원으로 중고가에 해당합니다. 영업시간은 월~수요일 18:00~24:00, 목~토요일 18:00~01:00이며, 일요일은 휴무입니다. 발레파킹 서비스가 제공되며, 인스타그램(@sav.seoul)으로도 소식을 확인할 수 있습니다. 술 한잔하기 좋은 분위기로, 고급 와인과 함께 다양한 요리를 즐길 수 있는 다이닝 바로 추천됩니다.",
  "rag_text": "사브서울은 어반 와이너리를 표방하는 와인 앤 다이닝 바로, 지하에 위치한 와인 저장고가 매력적이며 소믈리에가 추천하는 와인 페어링이 특징입니다. 메뉴는 한식과 양식을 기반으로 고기류와 디저트류를 다양하게 제공하며, 고급스럽고 편안한 분위기에서 술과 함께 즐기기 좋은 공간입니다.",
  "metadata": {
    "budget_range": "중",
    "spicy_available": "X",
    "vegetarian_options": "X",
    "main_ingredients_list": [
      "육류",
      "기타"
    ],
    "low_level_category": "다이닝바, 와인바",
    "suitable_for": [
      "술 한잔하기 좋은",
      "데이트",
      "고급",
      "편안한 분위기"
    ],
    "food_type_list": [
      "고기류",
      "디저트류",
      "기타"
    ],
    "temperature_list": [
      "온",
      "상",
      "생"
    ],
    "high_level_category": "양식"
  }
}