{
  "id": 32607,
  "store_name": "류경회관",
  "llm_summary": "류경회관은 서울 강남구 역삼동 신성타워 1층에 위치한 평양냉면 전문점으로, 2021년 7월에 개업하였으며, 블루리본 서베이 '서울 2025 선정'에 오른 곳입니다. 이곳의 대표 메뉴인 평양냉면은 100% 순메밀면을 멧돌 제분기로 직접 제면하여 은은한 메밀향과 슴슴하면서도 담백한 육수의 깊은 맛이 특징입니다. 평양냉면/비빔냉면(메밀 70%·11000원, 순면 100%·14000원), 들기름냉면(12000원), 명태회냉면(13000원) 등 다양한 냉면류와, 평양손만둣국(10000원), 평양손만두(11000원), 만두전골(중 45000원, 대 65000원), 어복쟁반(중 60000원, 대 80000원) 등 만두와 고기 요리도 제공합니다. 메뉴 가격대는 1만원대부터 8만원대까지 다양하며, 맵지 않은 메뉴가 주를 이루나 일부 메뉴(들기름냉면, 명태회냉면, 만두전골)는 매운 맛 옵션도 있습니다. 매장은 역삼역 1번 출구에서 도곡동 방향으로 약 800미터 거리에 위치하며, 영업시간은 월~금·일 11:00~21:30(브레이크타임 15:00~17:00, 마지막 주문 21:00), 토요일은 휴무입니다. 전통 평양냉면의 정수를 경험하고 싶은 분들께 추천할 만한 곳입니다.",
  "rag_text": "서울 2025 선정에 오른 평양냉면 전문점으로, 100% 순메밀면을 멧돌로 직접 제분해 면을 뽑아내는 정통성과 장인의 내공이 돋보입니다. 은은한 메밀향과 슴슴하고 담백한 육수, 고급스럽고 전통적인 한식의 분위기를 느낄 수 있습니다. 냉면류와 만두, 고기 요리 등 다양한 한식 메뉴를 제공하며, 전통 평양냉면의 맛과 정체성을 중시하는 곳입니다.",
  "metadata": {
    "budget_range": "중",
    "spicy_available": "O",
    "vegetarian_options": "X",
    "main_ingredients_list": [
      "기타",
      "육류"
    ],
    "low_level_category": "평양냉면",
    "suitable_for": [
      "서울 2025 선정",
      "전통적인",
      "정통 한식",
      "가족",
      "냉면 마니아",
      "평양냉면 애호가"
    ],
    "food_type_list": [
      "면류",
      "국물류",
      "고기류"
    ],
    "temperature_list": [
      "냉",
      "온"
    ],
    "high_level_category": "한식"
  }
}