{
  "id": 32611,
  "store_name": "하트카페",
  "llm_summary": "하트카페는 2016년 안암동에서 시작해 강남구 역삼동으로 확장 이전한 스페셜티 커피 전문점입니다. 커피리브레의 스페셜티 원두를 사용하여 진한 커피 맛을 제공하며, 특히 라테 메뉴에 강점이 있습니다. 대표 시그니처 메뉴로는 경북 예천 햇 검은깨를 볶아 만든 강남 최고의 흑임자 라떼인 '흑임자가배타락', 천연 생크림과 수제 카라멜을 듬뿍 넣은 '카라멜라이즈', 14시간 저온 냉침한 최상급 홍차로 만든 '하트 아이스티', 엄선한 재료로 만든 '벨지움 화이트 모카', 마다가스카르산 부르봉 바닐라빈을 사용한 진한 바닐라 시럽의 '바닐라비너' 등이 있습니다. 디저트류로는 멜팅카라멜 파운드케익, 견과류와 발로나 초콜릿이 듬뿍 들어간 르뱅쿠키 등도 제공합니다. 평일 점심시간에는 동네 단골 고객을 우선으로 하며, 멀리서 방문하는 고객은 평일 오후 2시 이후나 토요일 방문을 권장합니다. 하트카페는 엄선한 원재료와 기본 레시피를 고수하며 깊이 있고 보편적인 맛을 추구합니다. 메뉴 가격대는 3,500원에서 5,700원 사이이며, 메뉴는 에스프레소, 아메리카노, 카페라테, 플랫화이트 등 커피 음료와 흑임자국희, 낫뉴트럴쿠키, 카라멜파운드 등 디저트류로 구성되어 있습니다. 매장은 강남역 근처 역삼역 1번 출구에서 400미터 거리에 위치해 있으며, 테라스가 있어 쾌적한 분위기를 제공합니다. 영업시간은 월~금요일과 일요일 08:00~19:30, 토요일 11:00~19:00이며 공휴일은 휴무입니다.",
  "rag_text": "스페셜티 커피 전문점으로, 흑임자가배타락, 카라멜라이즈와 같은 개성있는 시그니처 메뉴를 선보이며, 커피리브레의 스페셜티 원두를 사용해 진한 커피 맛과 라테 메뉴에 강점을 가진 카페입니다. 엄선한 원재료와 기본 레시피를 고수하며, 깊이 있고 보편적인 맛을 추구합니다. 천연 생크림 수제 카라멜, 최상급 홍차 14시간 냉침 아이스티, 발로나 초콜릿과 견과류가 듬뿍 들어간 디저트류가 특징입니다. 테라스가 있는 쾌적한 공간으로, 강남역 인근 역삼동에 위치해 있으며, 평일 점심시간에는 동네 단골 고객 중심 운영을 하는 조용한 분위기의 커피전문점입니다.",
  "metadata": {
    "budget_range": "저",
    "spicy_available": "X",
    "vegetarian_options": "X",
    "main_ingredients_list": [
      "기타"
    ],
    "low_level_category": "커피전문점",
    "suitable_for": [
      "조용한",
      "데이트",
      "가족모임"
    ],
    "food_type_list": [
      "음료",
      "디저트류"
    ],
    "temperature_list": [
      "온",
      "상"
    ],
    "high_level_category": "기타"
  }
}