{
  "id": 32650,
  "store_name": "영광보쌈",
  "llm_summary": "영광보쌈은 서울 마포구 공덕동에 위치한 보쌈 전문 한식당으로, 50여 년간 보쌈 단일 메뉴만을 선보이며 보쌈에 대한 깊은 자신감을 보여줍니다. 이곳의 보쌈은 잘 삶은 돼지고기에 아삭한 보쌈김치와 부추무침, 우거지된장국이 함께 제공되어, 살코기와 기름기가 적절히 조화를 이루며 잡내 없이 부드럽고 고소한 맛을 자랑합니다. 메뉴는 보쌈 2인 세트로 26,000원에 판매하며, 한식 테마의 고기류 온메뉴입니다. 영업시간은 월요일부터 토요일까지 오전 11시 30분부터 오후 9시 30분까지이며, 2시부터 5시까지 브레이크 타임이 있고 일요일은 휴무입니다. 공덕역 4번 출구에서 공덕초교 방향으로 약 100미터 거리에 위치해 접근성이 좋습니다. 1976년에 개업한 이래로 오랜 역사를 지닌 맛집이며, 현재까지 독자 리뷰는 등록되어 있지 않습니다. 가격과 메뉴, 영업시간 등은 변동 가능성이 있으니 방문 전 확인이 필요합니다.",
  "rag_text": "보쌈 단일 메뉴에 집중하는 전통 한식당으로, 50년 이상의 역사를 자랑하며 부드럽고 고소한 돼지고기 보쌈과 아삭한 보쌈김치, 부추무침, 우거지된장국을 제공합니다. 정통 한식 테마의 고기류 온메뉴 전문점으로, 잡내 없이 깔끔한 맛과 함께 편안하고 오래된 맛집 분위기를 느낄 수 있습니다.",
  "metadata": {
    "budget_range": "중",
    "spicy_available": "X",
    "vegetarian_options": "X",
    "main_ingredients_list": [
      "육류"
    ],
    "low_level_category": "보쌈",
    "suitable_for": [],
    "food_type_list": [
      "고기류"
    ],
    "temperature_list": [
      "온"
    ],
    "high_level_category": "한식"
  }
}