{
  "id": 32685,
  "store_name": "구찌오스테리아 다 마시모보투라 서울",
  "llm_summary": "구찌오스테리아 다 마시모보투라 서울은 명품 브랜드 구찌가 운영하는 컨템포러리 이탈리안 레스토랑으로, 세계적인 셰프 마시모 보투라가 이끄는 곳입니다. 서울 강남구 청담동 구찌그룹코리아 사옥 5층에 위치해 있으며, 피렌체, LA, 도쿄에 이은 세계 네 번째 매장입니다. 2022년 3월 28일 개업했으며, 최근 이태원에서 청담동으로 이전하여 테이스팅 코스와 단품 메뉴를 모두 제공합니다. 대표 메뉴로는 런치 테이스팅 코스(130,000원), 디너 테이스팅 코스(180,000원), 토르텔리니 파르미지아노 레지아노 크림소스, 감자뇨키, 링귀니 전복과 게우, 탈리아텔레 한우&흑돼지 라구, 랍스터와 파로, 한우 안심과 채끝 등 고급스러운 이탈리아 요리가 준비되어 있습니다. 모든 메뉴는 맵지 않으며, 주요 재료로는 육류, 패류 등이 사용됩니다. 레드리본 선정 및 서울 2025 선정 레스토랑으로, 결혼기념일, 비즈니스 다이닝, 연인과의 식사 등 특별한 자리에 적합하며, 세련된 인테리어와 전망, 테라스 등 고급스러운 분위기를 자랑합니다. 영업시간은 화~토 12:00~22:00(브레이크타임 15:00~18:00, 마지막 주문 20:00), 일요일 12:00~15:00이며, 매주 월요일은 휴무입니다. 발레파킹이 제공되며, 예약 및 자세한 정보는 공식 홈페이지와 인스타그램을 통해 확인할 수 있습니다.",
  "rag_text": "명품 브랜드 구찌가 운영하는 컨템포러리 이탈리안 레스토랑으로, 세계적인 셰프 마시모 보투라의 완성도 높은 코스 요리와 이탈리아 식재료, 한국의 문화가 어우러진 메뉴가 특징입니다. 레드리본 선정, 서울 2025 선정 등 권위 있는 레이블을 보유하고 있으며, 양식 테마의 파인 다이닝 공간으로 결혼기념일, 비즈니스 다이닝, 연인과의 식사 등 특별한 자리에 어울립니다. 인테리어와 전망이 뛰어나고, 테라스가 있으며, 해외 유명 브랜드의 고급스러운 분위기를 느낄 수 있습니다.",
  "metadata": {
    "budget_range": "고",
    "spicy_available": "X",
    "vegetarian_options": "X",
    "main_ingredients_list": [
      "기타",
      "패류",
      "육류"
    ],
    "low_level_category": "이탈리아식",
    "suitable_for": [
      "레드리본 선정",
      "서울 2025 선정",
      "결혼기념일",
      "비즈니스 다이닝",
      "연인과 같이",
      "인테리어가 좋은",
      "전망이 좋은",
      "테라스가 있는",
      "해외 유명 브랜드",
      "파인 다이닝",
      "분위기가 좋은"
    ],
    "food_type_list": [
      "기타",
      "면류",
      "고기류"
    ],
    "temperature_list": [
      "기타",
      "온"
    ],
    "high_level_category": "양식"
  }
}