{
  "id": 32693,
  "store_name": "돈슐랭",
  "llm_summary": "돈슐랭은 서울 성동구 행당동에 위치한 돼지고기 숯불구이 전문점으로, 제주 프리미엄 암퇘지만을 사용하여 두툼한 뼈가 붙어있는 본삼겹살과 항정살, 뽈살이 포함된 자투리고기를 대표 메뉴로 선보입니다. 메뉴는 제주자투리, 제주오겹살, 제주목살, 제주본삼겹, 대구소막창, 흑돼지오겹, 흑돼지본스테이크 등 다양한 돼지고기 부위를 15,000원에서 30,000원 사이의 가격대로 제공합니다. 매장은 저녁 시간대에만 운영하며, 월요일과 수~금요일은 16:30부터 22:30까지, 토~일요일은 15:30부터 22:30까지 영업하며 매주 화요일은 휴무입니다. 왕십리역과 행당역에서 접근이 용이하며, 인스타그램(@donchelin__)을 통해 소식을 확인할 수 있습니다. 현재 독자 리뷰는 등록되어 있지 않으나, 블루리본 Pick으로 소개되는 프리미엄 돼지고기 전문점입니다.",
  "rag_text": "제주 프리미엄 암퇘지만을 사용하는 돼지고기 숯불구이 전문점으로, 두툼하고 뼈가 붙은 본삼겹살과 항정살, 뽈살이 포함된 자투리고기를 주력 메뉴로 하는 한식 고기류 전문점입니다. 고급 한식 돼지고기구이집으로, 조용하고 프리미엄한 분위기에서 제주산 돼지고기의 다양한 부위를 맛볼 수 있습니다.",
  "metadata": {
    "budget_range": "중",
    "spicy_available": "X",
    "vegetarian_options": "X",
    "main_ingredients_list": [
      "육류"
    ],
    "low_level_category": "돼지고기구이",
    "suitable_for": [],
    "food_type_list": [
      "고기류"
    ],
    "temperature_list": [
      "온"
    ],
    "high_level_category": "한식"
  }
}