{
  "id": 32754,
  "store_name": "카페톤",
  "llm_summary": "카페톤은 서울 마포구 성산동에 위치한 디저트전문 카페로, 독특하고 색다른 디저트를 제공하며 싱글오리진 핸드드립 커피도 함께 즐길 수 있습니다. 설향딸기, 고흥유자, 감귤, 시금치 등 다양한 식재료와 제철 과일의 풍미를 살리는 데 주력하여 시즌별로 디저트 메뉴가 자주 변경됩니다. 메뉴로는 아메리카노, 카푸치노, 에스프레소, 에스프레소마키아토, 라떼 등이 있으며, 가격대는 4,500원에서 5,000원 사이입니다. 매장은 망원역 1번 출구에서 도보 10분 거리에 위치하며, 월, 화, 금, 토, 일요일은 12시부터 20시까지 운영되고 수요일과 목요일은 휴무입니다. 주차는 1대 가능하며, 인스타그램(@kafe.tone)을 통해 소식도 확인할 수 있습니다. 2016년 6월 20일에 개업하였으며, 현재까지 별도의 독자 리뷰는 등록되어 있지 않습니다.",
  "rag_text": "독특하고 색다른 디저트를 맛볼 수 있는 디저트전문점 카페톤은 싱글오리진 핸드드립 커피를 제공하며, 설향딸기, 고흥유자, 감귤, 시금치 등 다양한 제철 과일과 식재료의 풍미를 살리는 데 집중합니다. 시즌별로 메뉴가 자주 바뀌며, 편안하고 아늑한 카페 분위기에서 특별한 디저트를 경험할 수 있습니다.",
  "metadata": {
    "budget_range": "저",
    "spicy_available": "X",
    "vegetarian_options": "X",
    "main_ingredients_list": [
      "기타"
    ],
    "low_level_category": "디저트전문점",
    "suitable_for": [],
    "food_type_list": [
      "음료"
    ],
    "temperature_list": [
      "기타"
    ],
    "high_level_category": "디저트류"
  }
}