{
  "id": 32955,
  "store_name": "보헤이커피",
  "llm_summary": "보헤이커피는 서울 중구 신당동에 위치한 커피전문점으로, 드립커피를 전문으로 하며 네 가지 종류의 원두를 매주 바꾸어 제공하는 점이 특징입니다. 스콘이나 피낭시에 같은 디저트류와 함께 즐기기 좋으며, 메뉴는 브루잉커피, 밀크카라멜라테, 생크림스콘, 패션프루트에이드, 카페라테, 딸기라테 등 다양하게 구성되어 있습니다. 가격대는 2,800원에서 6,800원 사이로 형성되어 있습니다. 매주 월요일과 화요일은 휴무이며, 수요일부터 토요일까지는 오후 12시부터 8시까지, 일요일은 오후 12시부터 6시까지 운영합니다. 약수역 10번 출구에서 약 326미터 거리에 위치해 접근성이 좋고, 다산동주민센터 공영주차장을 유료로 이용할 수 있습니다. 2022년 3월에 개업했으며, 서울 2025 맛집으로 선정되어 신뢰받는 곳입니다. 인스타그램(https://www.instagram.com/bohey_coffee/)을 통해 추가 정보를 확인할 수 있습니다. 방문객 리뷰는 아직 등록되어 있지 않습니다.",
  "rag_text": "드립커피 전문 커피전문점으로, 네 가지 원두를 매주 바꾸어 제공하며 스콘과 피낭시에 같은 디저트를 함께 즐길 수 있는 서울 2025 선정 맛집입니다. 다양한 온도의 음료와 디저트를 제공하며, 차분하고 전문적인 분위기에서 커피를 즐기기에 적합한 공간입니다.",
  "metadata": {
    "budget_range": "중",
    "spicy_available": "X",
    "vegetarian_options": "X",
    "main_ingredients_list": [
      "기타"
    ],
    "low_level_category": "커피전문점",
    "suitable_for": [
      "서울 2025 선정"
    ],
    "food_type_list": [
      "음료",
      "디저트류"
    ],
    "temperature_list": [
      "온",
      "상"
    ],
    "high_level_category": "기타"
  }
}