{
  "id": 33128,
  "store_name": "웨인스베이글스",
  "llm_summary": "웨인스베이글스는 서울 서초구 강남역 인근에 위치한 캐나다 몬트리올 출신의 베이글 전문점으로, 2022년 1월에 개업하여 '서울 2025 선정' 맛집에 이름을 올렸습니다. 이곳은 100년 전통의 유대인 방식 그대로 손반죽 후 몰트 꿀물에 삶고 화덕에 구워낸 정통 베이글을 선보입니다. 대표 메뉴로 럭스훈제연어샌드위치, 스모크터키앤아보카도, 트러플잠봉베이글샌드위치, 더클럽베이글샌드위치 등 다양한 베이글 샌드위치와 플레인, 어니언, 블루베리, 할라피뇨치즈 등 여러 종류의 베이글이 있습니다. 가격대는 2,500원에서 14,000원 사이로 형성되어 있으며, 모든 메뉴는 맵지 않고 주재료는 어류, 육류, 기타(치즈, 베이컨, 아보카도 등)로 이루어져 있습니다. 영업시간은 평일 08:30~20:00(마지막 주문 19:40), 주말 09:00~18:00(마지막 주문 17:40)이며, 명절 당일에는 휴무입니다. 내부는 캐나다 전통 베이글의 정체성을 살린 분위기와 다양한 샌드위치 메뉴로 베이글 애호가와 트렌디한 디저트, 브런치를 즐기는 고객에게 적합합니다. 강남역 5번 출구에서 도보 약 480미터 거리에 위치해 접근성이 좋으며, 인스타그램(@waynesbagels_kor)도 운영 중입니다. 블루리본 서베이 2025년판에 수록된 맛집으로 평가와 리뷰가 가능합니다.",
  "rag_text": "웨인스베이글스는 캐나다 몬트리올에서 온 전통 베이글 브랜드로, 100년 전 유대인 방식 그대로 손반죽하여 몰트 꿀물에 삶고 화덕에 구워내는 정통성을 자랑합니다. 서울 2025 선정 맛집으로, 캐나다식 화덕 베이글과 베이글 샌드위치(에그위치, 베이글위치 등)가 다양하게 제공됩니다. 트렌디하고 정통적인 분위기에서 베이글 애호가, 브런치와 디저트를 즐기는 이들에게 어울리는 공간입니다.",
  "metadata": {
    "budget_range": "중",
    "spicy_available": "X",
    "vegetarian_options": "X",
    "main_ingredients_list": [
      "어류",
      "육류",
      "기타"
    ],
    "low_level_category": "베이글",
    "suitable_for": [
      "서울 2025 선정",
      "트렌디한",
      "정통적인",
      "브런치",
      "베이글 애호가",
      "디저트",
      "캐주얼"
    ],
    "food_type_list": [
      "디저트류"
    ],
    "temperature_list": [
      "상"
    ],
    "high_level_category": "디저트류"
  }
}