{
  "id": 33201,
  "store_name": "온포식당",
  "llm_summary": "온포식당은 서울 영등포구 당산동3가 신일빌딩 108호에 위치한 다이닝펍으로, 영등포구청 인근에서 가벼운 요리와 다양한 하이볼을 즐기기에 적합한 공간입니다. 따뜻한 조명과 타일에 빔프로젝터를 이용한 독특한 벽 인테리어가 인상적이며, 강하지 않은 마라 맛의 우삼겹마라순두부전골과 백명란이 들어간 명란크림파스타가 인기 메뉴입니다. 막걸리는 매달 바뀌어 인스타그램을 통해 확인할 수 있습니다. 메뉴는 청어알버터파스타, 묵은지해장토마토파스타, 명란새우크림파스타, 청양유린기, 오리엔탈흑임자치킨, 와사비관자그라탕, 바질치즈닭갈비, 우삼겹마라순두부전골, 샐러드 등 다양한 온 메뉴로 구성되어 있습니다. 매주 일요일 휴무이며, 월~금요일은 오후 5시부터 다음날 새벽 12시까지, 토요일은 오후 4시부터 11시까지 영업합니다. 건물 주차장 2시간 무료 주차가 가능합니다. 2021년 2월 22일 개업하였으며, 가격대는 약 ₩9,900부터 ₩19,800까지입니다. 매운 메뉴도 일부 포함되어 있어 매운맛을 즐기는 고객도 만족할 수 있습니다.",
  "rag_text": "영등포구청 인근의 따뜻한 조명과 빔프로젝터 벽 인테리어가 돋보이는 다이닝펍으로, 가벼운 요리와 다양한 하이볼을 즐길 수 있는 공간입니다. 강하지 않은 마라 맛의 우삼겹마라순두부전골과 크림소스와 백명란이 들어간 명란크림파스타가 인기이며, 막걸리는 매달 바뀌어 인스타그램을 통해 확인할 수 있습니다. 다양한 한식, 중식, 양식, 일식 메뉴가 조화롭게 어우러져 있으며, 편안하고 캐주얼한 분위기에서 친구, 연인과의 모임에 적합합니다.",
  "metadata": {
    "budget_range": "중",
    "spicy_available": "O",
    "vegetarian_options": "X",
    "main_ingredients_list": [
      "어류",
      "기타",
      "육류",
      "조류"
    ],
    "low_level_category": "다이닝펍",
    "suitable_for": [
      "가벼운 모임",
      "친구와의 만남",
      "데이트",
      "캐주얼"
    ],
    "food_type_list": [
      "면류",
      "고기류",
      "기타",
      "국물류",
      "디저트류"
    ],
    "temperature_list": [
      "온",
      "상"
    ],
    "high_level_category": "기타"
  }
}