{
  "id": 33305,
  "store_name": "커피엣마켓",
  "llm_summary": "커피엣마켓은 일급 호텔&레스토랑 총괄바리스타 출신 추태진 바리스타가 서울 중구 신당동 중앙시장 내에 2022년 6월 19일에 오픈한 커피 전문점입니다. 최고급 커피빈과 머신을 사용하여 수준 높은 고객 서비스를 제공하며, 수제크림이 매력적인 크림마켓커피와 사탕수수원당이 첨가된 신당라떼, 쿠바산 럼 하바나클럽으로 만드는 카페모히토가 대표 시그니처 음료입니다. 메뉴는 아메리카노, 핸드드립커피, 장미차, 시나몬초코, 오렌지레몬주스, 아포가토 등 다양한 음료와 디저트류를 포함하며, 가격대는 3,500원에서 8,000원 사이입니다. 매장은 음악 감상이 가능하며 반려동물 동반도 허용됩니다. 영업시간은 월~목요일 08:00~20:00, 금요일 08:00~21:00, 토요일 09:00~21:00, 일요일 11:00~19:00입니다. 인스타그램 계정(https://www.instagram.com/coffee_at_market)을 통해 소식을 확인할 수 있습니다.",
  "rag_text": "일급 호텔&레스토랑 총괄바리스타 출신이 운영하는 커피 전문점으로, 수제크림이 매력적인 크림마켓커피와 사탕수수원당이 첨가된 신당라떼, 쿠바산 럼 하바나클럽을 활용한 카페모히토가 시그니처 음료입니다. 최고급 커피빈과 머신을 사용하여 수준 높은 서비스를 제공하며, 음악 감상과 반려동물 동반이 가능한 편안한 분위기의 커피전문점입니다. 테마는 기타이며, 다양한 음료와 디저트류를 제공합니다.",
  "metadata": {
    "budget_range": "중",
    "spicy_available": "X",
    "vegetarian_options": "X",
    "main_ingredients_list": [
      "기타"
    ],
    "low_level_category": "커피전문점",
    "suitable_for": [
      "음악 감상",
      "반려동물 동반"
    ],
    "food_type_list": [
      "음료",
      "디저트류"
    ],
    "temperature_list": [
      "기타",
      "냉"
    ],
    "high_level_category": "기타"
  }
}