{
  "id": 33329,
  "store_name": "서래족발",
  "llm_summary": "서래족발은 서울 서초구 방배동에 위치한 깔끔한 화이트톤 분위기의 족발 전문점입니다. 이곳은 전날 도축하여 엄격히 선별한 국내산 생족 앞발만을 사용하며, 특허받은 가마솥에 12가지 한약재와 12가지 채소를 넣어 깊고 진한 풍미와 부드러운 육질을 자랑합니다. 대표 메뉴로는 매운맛의 불족발과 일반 족발을 반반씩 주문할 수 있으며, 매콤새콤한 쟁반막국수도 인기입니다. 점심족발덮밥, 점심보쌈정식, 부추전 등 다양한 한식 메뉴도 제공하며, 연중 무휴로 운영됩니다. 내방역 6번 출구에서 292m 거리에 위치해 접근성이 좋고, 영업시간은 월~일 11:30~22:50 (브레이크타임 15:00~17:00)입니다. 가격대는 9,000원부터 48,000원까지 다양하며, 매운맛 메뉴도 준비되어 있습니다. 전통적인 한약재 조리법과 깔끔한 인테리어가 어우러진 서래족발은 가족모임이나 친구, 직장 동료들과의 식사에 적합한 한식 족발 전문점입니다.",
  "rag_text": "화이트톤의 깔끔한 분위기의 족발 전문 한식당으로, 국내산 생족 앞발에 여러 가지 한약재를 넣어 깊고 진한 풍미를 자랑합니다. 매운맛 불족발과 반반 주문이 가능하며, 매콤새콤한 쟁반막국수를 곁들여 즐길 수 있습니다. 전통적인 한약재 조리법과 깔끔한 인테리어가 조화를 이루는 곳입니다.",
  "metadata": {
    "budget_range": "중",
    "spicy_available": "O",
    "vegetarian_options": "X",
    "main_ingredients_list": [
      "육류",
      "기타"
    ],
    "low_level_category": "족발",
    "suitable_for": [
      "가족모임",
      "친구모임",
      "직장동료"
    ],
    "food_type_list": [
      "밥류",
      "고기류",
      "면류",
      "기타"
    ],
    "temperature_list": [
      "온",
      "냉",
      "상"
    ],
    "high_level_category": "한식"
  }
}