{
  "id": 33344,
  "store_name": "도원스타일(더현대서울점)",
  "llm_summary": "도원스타일(더현대서울점)은 플라자호텔의 중식당 도원에서 운영하는 모던 차이니즈 레스토랑으로, 서울특별시 영등포구 여의대로 108 더현대서울 6층에 위치해 있습니다. 이곳은 트러플스테이크블랙누들, 미트볼과 치즈를 넣은 마파두부 등 현대적으로 재해석한 중식을 제공하며, 분위기가 고급스럽고 자극적이지 않은 맛으로 가족 모임에 적합합니다. 주요 메뉴로는 레드마요 깐풍기, 미트볼마파두부, 트러플스테이크블랙누들, 광동식목살바비큐, 안심 일품가지, 전가복 등이 있으며 가격대는 20,000원에서 98,000원 사이입니다. 매일 11시부터 22시까지 영업하며, 15시부터 17시까지는 브레이크 타임이 있습니다. 여의나루역 1번 출구에서 도보 5분 거리로 접근성이 좋고, 프라이빗룸과 고급 인테리어로 비즈니스 다이닝, 상견례, 가족 외식에 적합한 공간을 제공합니다. 맵기 있는 메뉴와 코스 요리도 준비되어 있습니다. 공식 인스타그램과 홈페이지를 통해 추가 정보를 확인할 수 있습니다.",
  "rag_text": "플라자호텔 중식당 도원에서 운영하는 모던 차이니즈 레스토랑으로, 현대적으로 재해석한 중식 메뉴를 제공하며 고급스럽고 자극적이지 않은 맛과 분위기를 자랑합니다. 가족 모임, 비즈니스 다이닝, 상견례에 적합하며 프라이빗룸과 세련된 인테리어가 특징입니다. 중식 테마로 다양한 고기류, 밥류, 해산물류 메뉴가 준비되어 있습니다.",
  "metadata": {
    "budget_range": "중",
    "spicy_available": "O",
    "vegetarian_options": "X",
    "main_ingredients_list": [
      "조류",
      "육류",
      "패류",
      "기타"
    ],
    "low_level_category": "모던차이니즈",
    "suitable_for": [
      "가족모임",
      "비즈니스 다이닝",
      "상견례",
      "인테리어가 좋은",
      "프라이빗룸이 있는"
    ],
    "food_type_list": [
      "고기류",
      "밥류",
      "기타",
      "해산물류"
    ],
    "temperature_list": [
      "온",
      "기타"
    ],
    "high_level_category": "중식"
  }
}