{
  "id": 33368,
  "store_name": "핀즈",
  "llm_summary": "핀즈는 서울 성동구 성수동1가에 위치한 케이크와 파르페 전문점으로, 소나와 밍글스에서 경력을 쌓은 김범주 파티시에가 운영합니다. 이곳은 계절의 맛을 담은 시즈널 메뉴를 제공하며, 대표 메뉴로는 핀즈 시그니처 파블로바, 번트바닐라무화과쇼트케이크(대, 소), 메그노리아 케이크(대, 소) 그리고 구움과자가 있습니다. 메뉴 가격대는 3,800원부터 49,000원까지 다양하며, 모든 메뉴는 상온에서 제공됩니다. 영업시간은 월~화요일, 목~일요일 12:00~19:00이며, 매주 수요일은 휴무입니다. 서울숲역 1번 출구에서 약 477m 거리에 위치해 있고, 인스타그램(@finz.seoul)을 통해 소식을 접할 수 있습니다. 고급스러운 디저트 전문점으로, 재료 또는 제품 소진 시 조기 마감될 수 있습니다. 현재 블루리본 서베이에는 등록된 리뷰가 없으나, 프리미엄 검색 서비스와 멀티 필터 기능을 통해 보다 편리한 맛집 탐색이 가능합니다.",
  "rag_text": "케이크와 파르페 전문점으로, 김범주 파티시에가 운영하며 계절의 맛을 담은 시즈널 메뉴를 제공합니다. 고급 디저트 전문점이며, 다양한 디저트류 테마의 메뉴를 갖추고 있습니다. 조용하고 세련된 분위기로 특별한 디저트 경험을 원하는 고객에게 적합합니다.",
  "metadata": {
    "budget_range": "고",
    "spicy_available": "X",
    "vegetarian_options": "X",
    "main_ingredients_list": [
      "기타"
    ],
    "low_level_category": "케이크",
    "suitable_for": [],
    "food_type_list": [
      "디저트류"
    ],
    "temperature_list": [
      "상"
    ],
    "high_level_category": "디저트류"
  }
}