{
  "id": 33387,
  "store_name": "송돈",
  "llm_summary": "송돈은 서울 송파구 방이동에 위치한 돼지고기구이 전문점으로, 국내산 암퇘지 생고기를 사용하여 특히 목살이 추천 메뉴입니다. 도마 세트 주문 시 목살과 오겹살이 모둠야채와 함께 제공되며, 큐브 형태로 썬 목살을 살짝 익혀 먹는 방식이 일품입니다. 고기를 기다리는 동안 제공되는 냉파스타 샐러드도 인기가 많습니다. 메뉴는 치즈계란찜, 모둠야채, 목살(180g), 오겹살(180g), 통가브리(180g), 송돈작은도마(540g), 송돈큰도마(720g) 등으로 가격대는 5,000원에서 67,000원 사이입니다. 영업시간은 화요일부터 금요일까지는 오후 4시부터 10시 30분까지, 토요일과 일요일은 오후 1시부터 10시 30분까지이며, 매주 월요일은 휴무입니다. 한성백제역 3번 출구에서 방이초등학교까지 직진 후 우회전하여 150미터 직진하면 위치해 있습니다. 2022년 5월 13일 개업했으며, 인스타그램(@songpadon)도 운영 중입니다. 블루리본 Pick에 선정되어 품질과 맛이 인정받았으나, 현재 리본 개수는 없습니다. 독자 리뷰는 아직 등록되지 않았습니다.",
  "rag_text": "국내산 암퇘지 생고기를 사용하는 돼지고기구이 전문 한식당으로, 목살과 오겹살 도마 세트가 인기이며 모둠야채와 냉파스타 샐러드가 함께 제공됩니다. 차분한 분위기에서 저녁 위주로 영업하며, 가족 모임과 친구들과의 식사에 적합한 편안한 한식 고기구이 전문점입니다.",
  "metadata": {
    "budget_range": "중",
    "spicy_available": "X",
    "vegetarian_options": "O",
    "main_ingredients_list": [
      "기타",
      "육류"
    ],
    "low_level_category": "돼지고기구이",
    "suitable_for": [
      "가족모임",
      "친구모임",
      "저녁식사"
    ],
    "food_type_list": [
      "기타",
      "고기류"
    ],
    "temperature_list": [
      "온",
      "상"
    ],
    "high_level_category": "한식"
  }
}