{
  "id": 33391,
  "store_name": "이속우화",
  "llm_summary": "이속우화는 서울 용산구 한남동에 위치한 한우오마카세 전문점으로, 2020년에 개업하여 연중무휴로 저녁 시간대(17:30~21:00, 브레이크타임 19:00~19:30)에 운영된다. 한우오마카세 코스는 육회, 한우구이, 한우버거와 감자튀김, 식사, 후식 순으로 구성되며, 양이 부족한 손님을 위해 부위별 한우 추가 주문이 가능하다. 룸 코스에는 한우우대갈비가 제공된다. 메뉴는 한우맡김차림 홀(59,000원), 룸(150,000원), 한우추가(33,000원)로 구성되어 있으며, 모든 메뉴는 맵지 않고 생고기 위주이다. 매장에는 프라이빗룸과 카운터석이 있어 연인과의 데이트, 조용한 모임에 적합하며, 인테리어가 좋고 가격 대비 만족도가 높다. 한남오거리에서 도보 6분 거리이며, 유료 주차 및 발레 파킹 서비스를 제공한다. 공식 인스타그램 계정도 운영 중이다. 현재 등록된 독자 리뷰는 없으며, 블루리본 Pick에 선정된 바 있다.",
  "rag_text": "한우오마카세 전문점으로 부담 없는 가격에 다양한 한우 코스를 즐길 수 있으며, 연인과 함께하기 좋은 인테리어와 프라이빗룸이 있어 조용하고 만족도가 높은 분위기이다. 카운터석도 마련되어 있어 프라이빗한 식사가 가능하며, 연중무휴 저녁에만 운영한다. 고급스러운 한우 요리를 중심으로 한식 테마의 고기류 메뉴를 제공한다.",
  "metadata": {
    "budget_range": "중",
    "spicy_available": "X",
    "vegetarian_options": "X",
    "main_ingredients_list": [
      "육류"
    ],
    "low_level_category": "한우오마카세",
    "suitable_for": [
      "데이트",
      "조용한",
      "가성비",
      "프라이빗룸"
    ],
    "food_type_list": [
      "고기류",
      "기타"
    ],
    "temperature_list": [
      "생",
      "상"
    ],
    "high_level_category": "한식"
  }
}