{
  "id": 33407,
  "store_name": "선화의삼겹살무한리필",
  "llm_summary": "선화의삼겹살무한리필은 서울 서초구 방배동 세양빌딩에 위치한 무한리필 고깃집으로, 선화의고기에서 운영합니다. 돼지고기와 소고기 중 선택하여 다양한 부위를 2시간 동안 무제한으로 즐길 수 있으며, 점심에는 부대찌개, 된장찌개 등 식사 메뉴도 제공합니다. 대표 메뉴로는 돼지한마리무한리필(15,900원), 소와돼지무한리필(19,900원), 프리미엄소와돼지무한리필(29,900원), 냉면(6,000원), 점심부대찌개(10,000원)가 있습니다. 매장은 방배역 3번 출구에서 100미터 거리에 위치하며, 연중 무휴로 오전 10시 30분부터 오후 11시 30분까지 운영됩니다. 가격 대비 만족도가 높은 무한리필 메뉴로 강남서초 지역에서 소문난 고기 맛집입니다. 고기류를 중심으로 한식 테마의 온기 메뉴가 주를 이루며, 일부 매운 국물류 메뉴도 포함되어 있습니다. 무한리필이라는 신개념 서비스로 가성비 좋은 식사를 제공합니다.",
  "rag_text": "선화의삼겹살무한리필은 선화의고기에서 운영하는 무한리필 고깃집으로, 돼지고기와 소고기를 선택해 다양한 부위를 2시간 동안 무제한으로 즐길 수 있는 한식 전문점입니다. 가격 대비 만족도가 높은 무한리필 메뉴를 제공하며, 강남서초 지역에서 소문난 고기 맛집입니다. 점심에는 부대찌개, 된장찌개 등 전통 한식 식사 메뉴도 이용 가능하여 가족 모임이나 가성비 좋은 식사를 원하는 고객에게 적합합니다.",
  "metadata": {
    "budget_range": "중",
    "spicy_available": "O",
    "vegetarian_options": "X",
    "main_ingredients_list": [
      "육류",
      "기타"
    ],
    "low_level_category": "소고기구이, 돼지고기구이",
    "suitable_for": [
      "가성비",
      "가족모임"
    ],
    "food_type_list": [
      "고기류",
      "면류",
      "국물류"
    ],
    "temperature_list": [
      "온",
      "냉"
    ],
    "high_level_category": "한식"
  }
}