{
  "id": 33450,
  "store_name": "프로토콜(연희점)",
  "llm_summary": "프로토콜(연희점)은 서울 서대문구 연희동에 위치한 로스터리 카페로, 다양한 원두의 필터 커피를 주로 제공하며 스페셜티커피 원두 종류도 풍부하게 갖추고 있습니다. 매장은 도서관을 연상시키는 테이블과 스탠드 등으로 작업 공간으로도 인기가 많으나, 이용 시간은 방문 후 3시간까지만 허용됩니다. 메뉴는 아메리카노, 필터커피, 에스프레소, 카페라테, 바닐라빈라테 등 여러 커피 음료와 초코시나몬번, 레몬커드파운드케이크, 초콜릿칩쿠키 같은 디저트류를 포함하며, 가격대는 대체로 5,500원에서 7,000원 사이입니다. 연중무휴로 운영하며, 영업시간은 오전 10시 30분부터 오후 10시까지(마지막 주문 21:30)입니다. 카페 인스타그램과 공식 홈페이지도 운영 중입니다. 서울 2025 선정 가게로, 인테리어와 전망이 좋다는 특징이 있습니다.",
  "rag_text": "다양한 원두의 필터 커피를 위주로 하는 로스터리 카페로, 스페셜티커피 원두 종류가 풍부하며 도서관을 연상시키는 조용하고 작업하기 좋은 공간입니다. 서울 2025 선정 브랜드로 인테리어가 좋고 전망이 뛰어나며, 커피와 디저트류를 제공하는 카페입니다. 분위기는 편안하고 집중할 수 있는 작업 공간에 적합합니다.",
  "metadata": {
    "budget_range": "중",
    "spicy_available": "X",
    "vegetarian_options": "X",
    "main_ingredients_list": [
      "기타"
    ],
    "low_level_category": "커피전문점",
    "suitable_for": [
      "서울 2025 선정",
      "조용한",
      "작업 공간",
      "카페"
    ],
    "food_type_list": [
      "음료",
      "디저트류"
    ],
    "temperature_list": [
      "상",
      "온"
    ],
    "high_level_category": "기타"
  }
}