{
  "id": 33485,
  "store_name": "비스티버거",
  "llm_summary": "비스티버거는 서울 용산구 한남동 아이파크 1층에 위치한 정통 미국 스타일의 수제 햄버거 전문점입니다. 내부는 미국 서부의 햄버거 레스토랑을 연상시키는 분위기로 꾸며져 있으며, 프라임 등급의 소고기 척아이롤 패티를 그릴에 바로 구워 신선한 맛을 제공합니다. 버거 번도 매장에서 매일 직접 구워 사용합니다. 메뉴는 어니언링, 치즈프라이, 비스티버거, 바닐라쉐이크, 베이컨버거, 리얼새우버거, 비스티치킨버거, 더블비스티버거 등으로 구성되어 있으며, 가격대는 4,000원에서 12,500원 사이입니다. 모든 메뉴는 맵지 않으며, 주로 육류, 패류, 조류를 주재료로 사용합니다. 연중무휴로 운영되며, 한남역 1번 출구에서 도보 5분 거리로 접근성이 좋습니다. 2018년 6월 20일에 개업하였고, 2시간 무료 주차가 가능합니다. 공식 인스타그램 계정도 운영 중입니다. 현재 독자 리뷰는 없으나, 맛과 분위기 모두 미국식 수제 버거 전문점으로서의 정체성을 잘 살리고 있습니다.",
  "rag_text": "정통 미국 스타일 햄버거 전문점으로, 미국 서부 햄버거 레스토랑 분위기를 재현한 수제 버거집입니다. 프라임 등급의 소고기 척아이롤 패티를 그릴에 바로 구워 신선함을 강조하며, 매일 직접 구운 버거 번을 사용합니다. 양식 테마의 다양한 햄버거와 사이드 메뉴, 음료를 제공하며, 편안하고 캐주얼한 분위기에서 즐길 수 있습니다.",
  "metadata": {
    "budget_range": "중",
    "spicy_available": "X",
    "vegetarian_options": "X",
    "main_ingredients_list": [
      "기타",
      "육류",
      "패류",
      "조류"
    ],
    "low_level_category": "햄버거",
    "suitable_for": [],
    "food_type_list": [
      "기타",
      "음료"
    ],
    "temperature_list": [
      "상",
      "기타"
    ],
    "high_level_category": "양식"
  }
}