{
  "id": 33539,
  "store_name": "세이버스커피",
  "llm_summary": "세이버스커피는 서울 성북구 하월곡동에 위치한 핸드드립 전문 카페로, 직접 로스팅한 다양한 원두를 제공하며 고객이 원하는 원두를 블렌드해 주문할 수 있는 폭넓은 선택지를 갖추고 있습니다. 커피와 함께 즐길 수 있는 르뱅쿠키, 다쿠아즈 등 다양한 디저트류도 준비되어 있습니다. 주요 메뉴로는 싱글오리진, 세이버스커피, 카페오레, 아인슈페너 등이 있으며, 가격대는 2,800원에서 6,200원 사이입니다. 매장은 화요일부터 일요일까지 오전 9시부터 오후 7시까지 운영하며, 매주 월요일은 휴무입니다. 2020년 11월 19일에 개업했으며, 공식 홈페이지(https://www.savorscoffee.com)를 통해 추가 정보를 확인할 수 있습니다. 현재까지 등록된 독자 리뷰는 없으나, 블루리본 Pick으로 소개된 바 있습니다.",
  "rag_text": "핸드드립 전문 카페로 직접 로스팅한 다양한 원두를 제공하며, 고객 맞춤 블렌딩이 가능한 곳입니다. 커피와 함께 다양한 쿠키와 다쿠아즈 등 디저트를 즐길 수 있는 편안하고 전문적인 분위기의 카페입니다.",
  "metadata": {
    "budget_range": "저",
    "spicy_available": "X",
    "vegetarian_options": "X",
    "main_ingredients_list": [
      "기타"
    ],
    "low_level_category": "카페",
    "suitable_for": [],
    "food_type_list": [
      "디저트류",
      "음료"
    ],
    "temperature_list": [
      "기타"
    ],
    "high_level_category": "기타"
  }
}