{
  "id": 33581,
  "store_name": "팔팔식당",
  "llm_summary": "팔팔식당은 서울 중구 장충동2가에 위치한 일식덮밥과 이자카야를 겸하는 식당입니다. 점심에는 일본식 덮밥과 라멘을 중심으로 한 따뜻한 일식 메뉴를 제공하며, 저녁에는 간단하게 술을 즐길 수 있는 이자카야 형태로 운영됩니다. 주요 메뉴로는 가츠동, 소고기우동, 가라아게동, 오야코동, 규동, 카레우동, 김치가츠나베, 치킨가라아게, 모츠나베, 숙성연어한접시 등이 있으며, 가격은 9,000원부터 28,000원까지 다양합니다. 메뉴는 주로 육류, 조류, 어류를 주재료로 하며, 대부분 따뜻한 온도의 요리로 구성되어 있습니다. 매장은 동대입구역 2번 출구에서 도보 5분 거리에 위치해 있으며, 월요일부터 토요일까지 오전 11시부터 오후 8시 30분까지 영업하고, 매주 일요일은 휴무입니다. 점심과 저녁 모두 일본 전통의 맛을 살린 메뉴로 구성되어 있으며, 편안한 분위기에서 일식 덮밥과 라멘, 이자카야 안주를 즐길 수 있는 곳입니다.",
  "rag_text": "팔팔식당은 점심에는 일본식 덮밥과 라멘을 제공하며, 저녁에는 간단하게 술을 즐길 수 있는 이자카야로 운영되는 일식 전문점입니다. 전통적인 일본식 메뉴를 중심으로 한 편안하고 친근한 분위기의 식당으로, 다양한 일식 테마의 따뜻한 요리를 제공합니다.",
  "metadata": {
    "budget_range": "중",
    "spicy_available": "O",
    "vegetarian_options": "X",
    "main_ingredients_list": [
      "육류",
      "조류",
      "어류",
      "기타"
    ],
    "low_level_category": "일식덮밥, 이자카야",
    "suitable_for": [],
    "food_type_list": [
      "밥류",
      "면류",
      "국물류",
      "고기류",
      "해산물류"
    ],
    "temperature_list": [
      "온",
      "생"
    ],
    "high_level_category": "일식"
  }
}