{
  "id": 33597,
  "store_name": "쿠시카와",
  "llm_summary": "쿠시카와는 서울 강남구 도곡동에 위치한 일본식 꼬치 튀김(쿠시아게) 전문 오마카세 레스토랑입니다. 블루리본 서베이의 레드리본 맛집이자 '서울 2025' 선정 레스토랑으로, 2018년 개업 이래 높은 평가를 받고 있습니다. 대표 메뉴로는 '쿠시아게오마카세'(120,000원)와 '스페셜런치오마카세'(55,000원)가 있으며, 점심에는 7종, 저녁에는 14종의 다양한 꼬치 튀김 코스를 제공합니다. 꼬치에 재료를 끼운 뒤 반죽과 빵가루를 입혀 튀기는 전통 방식으로, 채소(은행, 연근 등)부터 새우살, 돼지고기, 채끝 등 다양한 재료를 사용합니다. 카운터 좌석이 마련되어 있어 셰프와 가까이에서 식사를 즐길 수 있으며, 조용하고 프라이빗한 분위기가 특징입니다. 매봉역 4번 출구에서 도보 10분 거리에 위치하며, 영업시간은 월~토 12:00~22:00(브레이크타임 14:00~18:00, 마지막 주문 13:00/20:30)이고 일요일은 휴무입니다. 공식 인스타그램(@kushikawa_omacase)에서도 정보를 확인할 수 있습니다.",
  "rag_text": "일본식 쿠시아게(꼬치 튀김) 오마카세 전문점으로, 셰프가 직접 제공하는 다양한 꼬치 튀김을 코스로 즐길 수 있습니다. 카운터 석이 마련되어 있어 오마카세의 정통성과 프라이빗함을 동시에 느낄 수 있으며, 레드리본에 선정된 고급스러운 분위기와 섬세한 일식 다이닝 경험을 제공합니다. 조용하고 집중도 높은 식사, 특별한 날 또는 미식가를 위한 장소로 적합합니다.",
  "metadata": {
    "budget_range": "고",
    "spicy_available": "X",
    "vegetarian_options": "X",
    "main_ingredients_list": [
      "기타"
    ],
    "low_level_category": "쿠시아게",
    "suitable_for": [
      "레드리본",
      "서울2025",
      "조용한",
      "프라이빗",
      "데이트",
      "미식",
      "오마카세",
      "특별한날"
    ],
    "food_type_list": [
      "기타"
    ],
    "temperature_list": [
      "기타"
    ],
    "high_level_category": "일식"
  }
}