{
  "id": 33647,
  "store_name": "종가집",
  "llm_summary": "종로구 인사동에 위치한 '종가집'은 1996년에 개업한 곱창구이와 곱창전골이 유명한 한식 소고기구이 전문점입니다. 한옥 분위기에서 한우 생등심, 양깃머리 등 다양한 고기류를 맛볼 수 있으며, 특히 두꺼운 불판 위에 염탕과 곱창을 올려 구워 먹는 곱창구이가 인기 메뉴입니다. 당일 도축한 국내산 곱창을 사용하며 천엽과 생간이 서비스로 제공됩니다. 메뉴로는 황송곱창모둠구이, 황소알곱창구이, 황소양깃머리, 한우생등심, 그리고 버섯곱창전골이 있으며, 맵기 조절이 가능한 매운 곱창구이와 맵지 않은 곱창전골을 고루 즐길 수 있습니다. 가격대는 26,000원에서 45,000원 사이로 중상급이며, 종각역 3번 출구에서 도보 5분 거리에 위치해 접근성이 좋습니다. 월요일부터 토요일까지 11시부터 22시까지 영업하며, 일요일은 휴무입니다. 블루리본 선정이나 서울 2025 선정은 되어 있지 않으나, 전통적인 한식 곱창구이 전문점으로 꾸준한 인기를 유지하고 있습니다.",
  "rag_text": "한옥 분위기에서 즐기는 전통 한식 곱창구이 전문점으로, 당일 도축한 국내산 곱창과 한우 생등심, 양깃머리 등 신선한 고기류를 제공합니다. 곱창구이와 곱창전골이 대표 메뉴이며, 맵고 순한 메뉴가 모두 있어 다양한 취향을 만족시킵니다. 조용하고 전통적인 분위기에서 가족 모임이나 친구들과의 식사에 적합한 한식 소고기구이 전문점입니다.",
  "metadata": {
    "budget_range": "중",
    "spicy_available": "O",
    "vegetarian_options": "X",
    "main_ingredients_list": [
      "육류"
    ],
    "low_level_category": "소고기구이",
    "suitable_for": [
      "가족모임",
      "친구모임",
      "전통적인",
      "조용한"
    ],
    "food_type_list": [
      "고기류",
      "국물류"
    ],
    "temperature_list": [
      "온"
    ],
    "high_level_category": "한식"
  }
}