{
  "id": 33651,
  "store_name": "만배아리랑",
  "llm_summary": "만배아리랑은 서울 강서구 화곡동에 위치한 35년 전통의 2대째 운영 중인 보쌈 전문점입니다. 블루리본 서베이 2025년판에 선정되었으며, 레드리본 맛집으로도 인증받은 곳입니다. 대표 메뉴로는 김치보쌈, 배추보쌈, 굴보쌈, 홍어삼합, 해물바지락칼국수가 있으며, 보쌈을 주문하면 꽃게와 바지락이 듬뿍 들어간 칼국수가 푸짐하게 제공되는 것이 큰 특징입니다. 반반보쌈을 주문하면 배추보쌈과 김치보쌈을 모두 맛볼 수 있고, 모둠보쌈에는 족발도 함께 나옵니다. 특수부위인 가브리살 보쌈의 원조로, 부드럽고 부담 없는 식감 덕분에 남녀노소 누구나 즐길 수 있습니다. 메뉴 가격대는 10,000원에서 68,000원 사이로, 소·중·대 등 다양한 사이즈가 준비되어 있습니다. 모든 메뉴는 맵지 않으며, 주재료는 주로 육류(돼지고기)와 패류, 어류입니다. 채식 메뉴는 제공하지 않습니다. 매장은 가족, 단체, 모임 등 다양한 상황에 적합하며, 화곡역 6번 출구에서 도보 10분 거리에 위치해 접근성도 좋습니다. 영업 시간은 월요일, 수요일~일요일 11:00~22:00이며, 매주 화요일은 휴무입니다.",
  "rag_text": "35년 전통의 2대째 운영되는 보쌈 전문 한식당으로, 레드리본 및 서울 2025 선정 맛집입니다. 부드러운 가브리살 보쌈을 비롯해 김치보쌈, 배추보쌈, 굴보쌈, 홍어삼합 등 다양한 보쌈 메뉴와 해물 바지락 칼국수를 함께 즐길 수 있습니다. 보쌈 주문 시 푸짐하게 나오는 칼국수가 유명하며, 남녀노소 부담 없이 즐길 수 있는 편안하고 가족적인 분위기가 특징입니다. 정통 한식 테마의 식당으로, 단체 모임이나 가족 식사에 적합합니다.",
  "metadata": {
    "budget_range": "중",
    "spicy_available": "X",
    "vegetarian_options": "X",
    "main_ingredients_list": [
      "육류",
      "패류",
      "어류"
    ],
    "low_level_category": "보쌈",
    "suitable_for": [
      "레드리본 선정",
      "서울 2025 선정",
      "가족모임",
      "단체",
      "편안한",
      "남녀노소",
      "정통한식"
    ],
    "food_type_list": [
      "고기류",
      "면류"
    ],
    "temperature_list": [
      "온",
      "생"
    ],
    "high_level_category": "한식"
  }
}