{
  "id": 33692,
  "store_name": "세네동커피",
  "llm_summary": "세네동커피는 서울 종로구 옥인동 도담빌딩 1층에 위치한 스페셜티 커피 전문점입니다. 상호명은 세모, 네모, 동그라미를 의미하며, 브라질, 에티오피아, 디카페인 세 가지 원두 중 선택할 수 있고, 다양한 차와 필터커피도 제공합니다. 인기 메뉴로는 크로플과 여러 가지 디저트류가 있으며, 티라미수, 세네동라테, 치즈케이크, 라즈베리생크림케이크, 솔트크림아인슈페너, 로투스생크림케이크 등이 있습니다. 음료 메뉴로는 차, 아메리카노, 콜드브루, 필터커피 등이 있습니다. 가격대는 4,000원에서 17,000원 사이이며, 월~금요일은 12:00~21:00, 토~일요일은 11:00~22:00까지 운영하고 연중 무휴입니다. 경복궁역 1번 출구에서 도보 15분 거리에 위치해 있으며, 테라스가 있는 점이 특징입니다. 인스타그램 계정(@senedong_coffee)을 운영 중입니다. 독자 리뷰는 아직 등록되지 않았으며, 전반적으로 디저트가 맛있는 스페셜티 커피 전문점으로 알려져 있습니다.",
  "rag_text": "세모, 네모, 동그라미의 뜻을 담은 스페셜티 커피 전문점으로 브라질, 에티오피아, 디카페인 원두를 선택할 수 있으며 다양한 차와 필터커피를 제공합니다. 디저트류와 크로플이 인기 메뉴인 카페로, 차분하고 디저트가 맛있는 분위기의 공간입니다.",
  "metadata": {
    "budget_range": "중",
    "spicy_available": "X",
    "vegetarian_options": "X",
    "main_ingredients_list": [
      "기타"
    ],
    "low_level_category": "크로플, 카페",
    "suitable_for": [],
    "food_type_list": [
      "음료",
      "디저트류"
    ],
    "temperature_list": [
      "기타",
      "상"
    ],
    "high_level_category": "기타"
  }
}