{
  "id": 33779,
  "store_name": "604서울",
  "llm_summary": "604서울은 서울 마포구 망원동에 위치한 샌드위치와 음료를 전문으로 하는 브런치 카페입니다. 아기자기한 실내 분위기와 우드 포인트 인테리어가 돋보이며, 친절한 스태프 서비스가 인상적입니다. 대표 메뉴로는 우유가 들어가는 나나이모와 시그니처 시모어크림커피 음료, 그리고 슈림프 번과 피타피자가 유명합니다. 메뉴는 에스프레소, 아메리카노, 카페라테, 바닐라라테 같은 커피 음료부터 크라상샌드위치, 릴드치즈토스트 등 다양한 디저트류 샌드위치까지 다양하게 구성되어 있습니다. 가격대는 4,500원에서 14,000원 사이로 합리적이며, 망원역 2번 출구에서 도보 7분 거리에 위치해 접근성도 좋습니다. 2017년에 개업했으며, 화요일부터 토요일까지 오전 8시부터 오후 6시까지 운영하고 월요일과 일요일은 휴무입니다. 커피와 샌드위치를 모두 잘하는 카페로 브런치 메뉴가 있어 데이트, 가벼운 모임, 카페 방문에 적합한 장소입니다.",
  "rag_text": "재료를 가득 채운 샌드위치와 음료를 함께 즐길 수 있는 아기자기하고 아늑한 브런치 카페. 우유가 들어가는 나나이모와 시모어크림커피가 시그니처 음료이며, 슈림프 번과 피타피자가 유명하다. 외국의 카페에 온 듯한 분위기와 우드 포인트 인테리어, 친절한 서비스가 특징인 편안한 공간으로 커피와 샌드위치를 모두 잘하는 곳이다. 망리단길 인근 한적한 위치에 자리해 조용하고 편안한 분위기를 원하는 고객에게 적합하다.",
  "metadata": {
    "budget_range": "중",
    "spicy_available": "X",
    "vegetarian_options": "X",
    "main_ingredients_list": [
      "기타"
    ],
    "low_level_category": "샌드위치, 카페, 브런치카페",
    "suitable_for": [
      "데이트",
      "가벼운 모임",
      "카페 방문",
      "조용한 분위기"
    ],
    "food_type_list": [
      "음료",
      "디저트류",
      "기타"
    ],
    "temperature_list": [
      "기타"
    ],
    "high_level_category": "기타"
  }
}