{
  "id": 33796,
  "store_name": "이국도산",
  "llm_summary": "이국도산은 서울 강남구 신사동에 위치한 생면 파스타 전문점으로, 한국적인 식재료를 활용한 독특한 파스타를 제공합니다. 전복, 갈비찜, 곱창 등 한국 고유의 재료가 들어간 파스타를 맛볼 수 있으며, 구운대파파스타가 대표 시그니처 메뉴입니다. 저녁 시간에는 주류 주문이 필수이며, 인테리어와 기물에도 세심한 신경을 쓴 고급스러운 분위기가 특징입니다. 메뉴는 카로차, 해산물차우더수프, 스페셜연어그라브락스, 곱창그라탕파스타, 더덕구이와깻잎페스토파스타, 전복&우니파스타, 트러플&한우타르타르 등 다양하고 고급 재료를 사용한 요리들로 구성되어 있습니다. 영업시간은 매일 12:00부터 23:00까지이며, 브레이크타임은 15:00~17:30입니다. 연중 무휴로 운영되며, 압구정역 3번 출구에서 도보 8분 거리입니다. 독자 리뷰에서는 재료와 음식의 정성, 독특한 맛을 강력 추천하는 평가가 있습니다.",
  "rag_text": "생면 파스타 전문점으로, 한국적인 식재료인 전복, 갈비찜, 곱창을 활용한 창의적인 파스타를 제공합니다. 구운대파파스타가 시그니처 메뉴이며, 저녁에는 주류 주문이 필수입니다. 인테리어와 기물에 세심한 신경을 쓴 고급스러운 분위기의 양식 전문점입니다. 메뉴 테마는 양식과 기타가 혼합되어 있으며, 독특하고 정성스러운 요리를 즐길 수 있습니다. 연중무휴로 운영되며, 편안한 분위기에서 고급 식재료로 만든 파스타를 맛볼 수 있는 곳입니다.",
  "metadata": {
    "budget_range": "고",
    "spicy_available": "X",
    "vegetarian_options": "X",
    "main_ingredients_list": [
      "기타",
      "어류",
      "육류"
    ],
    "low_level_category": "파스타",
    "suitable_for": [
      "고급스러운",
      "창의적",
      "연중무휴",
      "주류필수",
      "인테리어좋음"
    ],
    "food_type_list": [
      "기타",
      "국물류",
      "해산물류",
      "면류",
      "고기류"
    ],
    "temperature_list": [
      "온",
      "냉",
      "생"
    ],
    "high_level_category": "양식"
  }
}