{
  "id": 338,
  "store_name": "무등산",
  "llm_summary": "무등산은 1989년에 개업한 서울 강남구 청담동에 위치한 소고기구이 전문점으로, 오랜 세월 동안 강남 일대에서 명성을 이어온 고깃집입니다. 블루리본 서베이에서 레드리본을 2개 획득하였고, 2025년 서울 맛집으로도 선정되었습니다. 대표 메뉴는 꽃등심(130g, 76,000원)으로 특히 인기가 높으며, 생등심, 안창살, 갈빗살 등 다양한 고급 소고기 부위를 제공합니다. 육회와 육회비빔밥, 함흥냉면 등 식사 메뉴도 갖추고 있어 고기와 한식 식사를 모두 즐길 수 있습니다. 가격대는 14,000원부터 107,000원까지 다양하며, 고기류 외에도 육회, 육회비빔밥과 된장찌개, 함흥냉면 등도 인기가 있습니다. 맵기 있는 메뉴(육회비빔밥, 함흥냉면)도 일부 제공됩니다. 매장은 가족 외식, 비즈니스 다이닝, 외국인 접대에 적합하며 발레파킹 서비스를 제공합니다. 영업시간은 매일 10:00~24:00(마지막 주문 23:30)이고, 명절 연휴에는 휴무입니다. 위치는 학동사거리에서 강남구청역 방향으로 직진 후 좌측 첫 번째 골목에 있습니다. 전통적인 한식 고깃집 분위기와 함께, 코카-콜라 레드리본 맛집, 켈리 더블 임팩트 맛집 등으로도 추천되고 있습니다.",
  "rag_text": "강남 일대에서 오랜 전통과 명성을 자랑하는 소고기구이 전문 한식당입니다. 레드리본 선정 및 서울 2025 맛집으로 꼽혔으며, 대표 메뉴인 꽃등심을 비롯해 다양한 고급 소고기 부위를 제공합니다. 고기와 함께 오장동 스타일 냉면, 육회비빔밥 등 한식 식사도 즐길 수 있습니다. 가족 외식, 비즈니스 다이닝, 외국인 접대에 모두 적합한 프리미엄 고깃집 분위기로, 전통적인 한식 고기집의 정체성을 유지하고 있습니다.",
  "metadata": {
    "budget_range": "고",
    "spicy_available": "O",
    "vegetarian_options": "X",
    "main_ingredients_list": [
      "육류",
      "기타"
    ],
    "low_level_category": "소고기구이",
    "suitable_for": [
      "레드리본",
      "서울 2025 선정",
      "가족모임",
      "비즈니스",
      "외국인 접대",
      "프리미엄",
      "전통",
      "고급"
    ],
    "food_type_list": [
      "고기류",
      "밥류",
      "면류"
    ],
    "temperature_list": [
      "온",
      "생",
      "냉"
    ],
    "high_level_category": "한식"
  }
}