{
  "id": 33846,
  "store_name": "초이다이닝",
  "llm_summary": "초이다이닝은 서울 마포구 연남동에 위치한 후토마키 전문 모던 일본 음식점입니다. 대표 메뉴인 속을 꽉 채운 후토마키를 비롯해 뼈돈카츠, 부타동, 마제소바, 가츠산도, 다양한 파스타 메뉴 등을 제공합니다. 일식과 한식, 양식을 퓨전하여 독특한 맛과 비주얼을 선보이며, 특히 육회후토마키는 한식과 접목한 신선한 비주얼과 맛이 특징입니다. 메뉴 가격대는 9,000원에서 26,000원 사이이며, 가츠산도, 부타동, 마제소바, 항정살명이오일파스타, 통베이컨매콤크림파스타, 초이뼈돈카츠 등이 준비되어 있습니다. 통베이컨매콤크림파스타는 매운 메뉴로, 그 외 메뉴는 맵지 않습니다. 영업시간은 매일 11:30부터 21:00까지이며, 15:00부터 17:00까지 브레이크타임이 있습니다. 연중무휴로 운영되며, 웨이팅이 많아 방문 시 참고가 필요합니다. 인스타그램(@choi_dining)으로도 소통이 가능합니다. 2021년 4월에 개업한 이래로 퓨전 일식의 새로운 맛을 추구하고 있습니다.",
  "rag_text": "후토마키를 전문으로 하는 모던 일본 음식점으로, 속을 꽉 채운 후토마키가 대표 메뉴입니다. 일식, 한식, 양식을 섞은 퓨전 요리를 선보이며, 신선한 비주얼과 맛을 자랑합니다. 다양한 메뉴가 준비되어 있고, 편안한 분위기에서 즐길 수 있는 모던한 식당입니다. 창의적인 퓨전 일식으로 대중의 입맛을 잡으며, 웨이팅이 많은 인기 맛집입니다.",
  "metadata": {
    "budget_range": "중",
    "spicy_available": "O",
    "vegetarian_options": "X",
    "main_ingredients_list": [
      "육류",
      "기타"
    ],
    "low_level_category": "후토마키",
    "suitable_for": [],
    "food_type_list": [
      "기타",
      "밥류",
      "면류",
      "고기류"
    ],
    "temperature_list": [
      "온",
      "상"
    ],
    "high_level_category": "일식"
  }
}