{
  "id": 33850,
  "store_name": "영오이칠",
  "llm_summary": "영오이칠은 서울 송파구 잠실동에 위치한 초콜릿 전문점으로, 파베 초콜릿 전문가 신주희 쇼콜라티에가 직접 만든 수제 초콜릿을 제공합니다. 4구, 9구, 16구의 보석 같은 모양의 초콜릿 선물세트가 특히 유명하며, 유기농과 최고급 재료를 사용해 맛과 품질을 높였습니다. 또한, 병에 담아 판매하는 직접 만든 초콜릿 드링크도 인기 메뉴입니다. 메뉴는 초콜릿과 다양한 커피 음료(에스프레소, 아메리카노, 카페라테, 수제토피크런치크림라테), 티, 다크쇼콜라, 다크라테, 초콜릿드링크 등으로 구성되어 있으며 가격대는 3,200원부터 7,500원까지 다양합니다. 매장은 잠실새내역 4번 출구에서 도보 5분 거리에 위치하며, 화요일부터 금요일은 오후 1시부터 8시까지, 토요일은 오후 12시부터 7시까지 운영하고 월요일과 일요일은 휴무입니다. 신주희 쇼콜라티에가 국내 대기업에 단독으로 초콜릿을 개발·납품해온 경력을 바탕으로 한 전문점으로, 눈과 입을 모두 즐겁게 하는 고급 수제 초콜릿을 경험할 수 있습니다.",
  "rag_text": "파베 초콜릿 전문가 신주희 쇼콜라티에가 만든 수제 초콜릿 전문점으로, 보석 같은 모양의 고급 파베 초콜릿과 직접 만든 초콜릿 드링크를 제공합니다. 유기농과 최고급 재료를 기반으로 하여 맛과 품질이 뛰어나며, 디저트류와 다양한 음료를 포함한 메뉴를 갖춘 고급 초콜릿 카페입니다. 아늑하고 전문적인 분위기에서 고급 초콜릿과 음료를 즐길 수 있는 장소입니다.",
  "metadata": {
    "budget_range": "중",
    "spicy_available": "X",
    "vegetarian_options": "X",
    "main_ingredients_list": [
      "기타"
    ],
    "low_level_category": "초콜릿",
    "suitable_for": [],
    "food_type_list": [
      "디저트류",
      "음료"
    ],
    "temperature_list": [
      "상",
      "온"
    ],
    "high_level_category": "기타"
  }
}