{
  "id": 33885,
  "store_name": "알레아파리",
  "llm_summary": "알레아파리는 서울 송파구 가락동에 위치한 로컬 베이커리 겸 카페로, 직접 구운 다양한 베이커리와 케이크를 제공합니다. 대표 메뉴로는 생크림앙금빵, 치즈누아르, 앙버터, 키리시케이크 등이 있으며, 홀케이크는 원하는 모양으로 주문 제작이 가능합니다. 1층에서 주문 후 2층에서 식사가 가능하고, 남은 빵은 셀프로 포장할 수 있습니다. 메뉴는 디저트류와 음료로 구성되어 있으며, 아메리카노, 에스프레소, 카페라테, 자몽에이드 등 다양한 음료도 함께 즐길 수 있습니다. 매장은 깔끔하고 예쁜 인테리어로, 좋은 재료를 사용해 빵을 당일 판매하며 따끈한 상태로 제공하는 점이 특징입니다. 개롱역 3번 출구에서 도보 5분 거리이며, 2015년 4월에 개업했습니다. 영업시간은 매일 08:00부터 22:00까지이며, 주차는 2대 가능하고 인스타그램을 통해 소식을 확인할 수 있습니다.",
  "rag_text": "직접 구운 다양한 베이커리와 케이크를 제공하는 로컬 베이커리 카페로, 생크림앙금빵과 치즈누아르가 인기 메뉴입니다. 홀케이크는 주문 제작이 가능하며, 1층 주문 후 2층에서 식사가 가능합니다. 깔끔하고 예쁜 매장 분위기에서 좋은 재료를 사용해 당일 판매하는 따끈한 빵을 즐길 수 있는 곳입니다. 디저트류와 다양한 음료를 함께 제공하는 편안한 카페 분위기입니다.",
  "metadata": {
    "budget_range": "중",
    "spicy_available": "X",
    "vegetarian_options": "X",
    "main_ingredients_list": [
      "기타"
    ],
    "low_level_category": "카페, 베이커리",
    "suitable_for": [
      "편안한",
      "깔끔한",
      "로컬 베이커리",
      "카페"
    ],
    "food_type_list": [
      "디저트류",
      "음료",
      "기타"
    ],
    "temperature_list": [
      "상",
      "온"
    ],
    "high_level_category": "디저트류"
  }
}