{
  "id": 33903,
  "store_name": "다케오호르몬데판야끼",
  "llm_summary": "다케오호르몬데판야끼는 서울 중구 을지로3가에 위치한 호루몬과 데판야키 전문점입니다. 소고기 또는 호루몬이라 불리는 대창과 곱창을 일본식 철판에 구워 제공하며, 특히 대창, 와규 안심살, 살치살이 추천 메뉴입니다. 카운터석에 앉으면 셰프가 직접 요리하는 과정을 볼 수 있어 데판야키의 매력을 더욱 느낄 수 있습니다. 메뉴는 가스오철판볶음밥, 야채모둠구이, 부채살, 곱창, 믹스호르몬, 대창, 갈빗살, 안심살 등 다양하며, 가격대는 8,000원에서 23,000원 사이로 형성되어 있습니다. 연중무휴로 운영하며, 평일과 일요일은 11시부터 22시까지, 금요일과 토요일은 23시까지 영업합니다. 분위기는 캐주얼하며 카운터석이 있어 셰프와의 소통이 가능한 점이 특징입니다. 현재까지 독자 리뷰는 등록되어 있지 않으며, 블루리본 레드리본이나 서울 2025 선정은 되어 있지 않습니다.",
  "rag_text": "소고기와 호루몬을 일본식 데판야키 스타일로 즐길 수 있는 캐주얼한 일식 전문점입니다. 대창, 와규 안심살, 살치살 등 고급 재료를 철판에서 직접 셰프가 조리하는 모습을 볼 수 있어 데판야키의 진수를 경험할 수 있습니다. 연중무휴이며 카운터석 중심의 분위기로, 편안하고 활기찬 식사 공간을 제공합니다.",
  "metadata": {
    "budget_range": "중",
    "spicy_available": "X",
    "vegetarian_options": "O",
    "main_ingredients_list": [
      "어류",
      "기타",
      "육류"
    ],
    "low_level_category": "호루몬, 데판야키",
    "suitable_for": [],
    "food_type_list": [
      "밥류",
      "기타",
      "고기류"
    ],
    "temperature_list": [
      "온"
    ],
    "high_level_category": "일식"
  }
}