{
  "id": 33939,
  "store_name": "용산마루",
  "llm_summary": "용산마루는 서울 용산구 한강로3가에 위치한 퓨전일식 레스토랑으로, 다양한 퓨전일식을 제공합니다. 대표 메뉴로는 제주숙성카츠산도와 메밀김밥이 있으며, 한우대창과 닭고기가 들어가는 매콤한 곱도리탕과 후쿠오카식 호르몬 전골인 한우모츠나베도 추천 메뉴입니다. 이외에도 한우호르몬동, 부추마제소바, 수비드차슈동, 내슈빌가라아게, 참깨가라아게 등 다양한 일식 및 한식 메뉴가 준비되어 있습니다. 곱도리탕과 내슈빌가라아게는 매운맛이 있으며, 하이볼과 함께 즐기기 좋습니다. 영업시간은 월요일부터 일요일까지 11:30부터 21:00까지이며, 15:00부터 17:00까지는 브레이크 타임입니다. 2020년 11월에 개업하였고, 별도의 블루리본 선정이나 리본은 없으나, 다양한 퓨전일식을 맛볼 수 있는 곳으로 소개되고 있습니다. 주소는 서울특별시 용산구 한강대로15길 19-28 태승빌딩 1층입니다. 공식 인스타그램 계정도 운영 중입니다.",
  "rag_text": "다양한 퓨전일식을 제공하는 퓨전일식 전문점으로, 대표 메뉴로는 가츠산도와 메밀김밥이 있으며, 매콤한 국물 요리인 곱도리탕과 후쿠오카식 호르몬 전골인 한우모츠나베가 추천됩니다. 하이볼과 함께 즐기기 좋은 분위기의 일식 및 한식 퓨전 레스토랑입니다.",
  "metadata": {
    "budget_range": "중",
    "spicy_available": "O",
    "vegetarian_options": "X",
    "main_ingredients_list": [
      "기타",
      "육류",
      "조류"
    ],
    "low_level_category": "퓨전일식",
    "suitable_for": [],
    "food_type_list": [
      "밥류",
      "국물류",
      "기타",
      "면류",
      "고기류"
    ],
    "temperature_list": [
      "상",
      "온"
    ],
    "high_level_category": "일식"
  }
}