{
  "id": 33997,
  "store_name": "엘티커피바",
  "llm_summary": "엘티커피바는 서울 금천구 가산동에 위치한 스페셜티 커피를 전문으로 하는 로스터리 카페 겸 바입니다. 아로마틱 로스팅 기법을 활용해 와인에 버금가는 풍미를 자랑하는 파나마 에스메랄다 게이샤 콜드브루가 시그니처 메뉴이며, 원두 선택 후 콜드브루, 핸드드립, 에어로프레스 등 다양한 추출 방식을 선택할 수 있습니다. 커피뿐만 아니라 세계 3대 홍차, 칵테일, 와인, 위스키, 코냑 등 다양한 주류와 주류와 어울리는 안주도 제공합니다. 메뉴 가격대는 ₩4,800부터 ₩997,000까지 다양하며, 대표 메뉴로는 파나마 에스메랄다 게이샤(₩12,000), 아쌈홍차(₩12,400), 멜론소다(₩5,400), 벚꽃차(₩11,400), 브라우니(₩7,000) 등이 있습니다. 가게는 가산디지털단지역 4번 출구에서 도보 8분 거리이며, 월~토요일은 11:00부터 23:00까지, 일요일은 14:00부터 21:00까지 영업합니다. 또한, 무료 전시와 공연이 함께 제공되어 음료계의 파인다이닝과 스페셜티 로스터리의 결합을 경험할 수 있는 공간입니다. 카운터석이 있어 술 한잔하기에도 적합한 분위기를 갖추고 있습니다. 2020년 9월 21일 개업한 이래로 다양한 음료와 주류를 통해 특별한 경험을 제공하고자 합니다.",
  "rag_text": "엘티커피바는 스페셜티 커피를 전문으로 하는 로스터리 카페 겸 바로, 아로마틱 로스팅을 통해 와인에 버금가는 풍미를 가진 파나마 에스메랄다 게이샤 콜드브루가 시그니처 음료입니다. 원두 선택과 콜드브루, 핸드드립, 에어로프레스 등 다양한 추출 방법을 제공하며, 세계 3대 홍차와 칵테일, 와인, 위스키, 코냑 등 다양한 주류와 주류에 어울리는 안주도 준비되어 있습니다. 음료계의 파인다이닝과 스페셜티 로스터리의 결합으로, 무료 전시와 공연이 함께하는 문화 공간이며, 술 한잔하기 좋은 카운터석이 있어 편안하고 고급스러운 분위기를 자아냅니다.",
  "metadata": {
    "budget_range": "중",
    "spicy_available": "X",
    "vegetarian_options": "X",
    "main_ingredients_list": [
      "기타"
    ],
    "low_level_category": "바, 커피전문점",
    "suitable_for": [
      "고급",
      "문화공간",
      "술자리",
      "편안함"
    ],
    "food_type_list": [
      "음료",
      "디저트류"
    ],
    "temperature_list": [
      "온",
      "기타",
      "상"
    ],
    "high_level_category": "기타"
  }
}