{
  "id": 34004,
  "store_name": "웅장",
  "llm_summary": "웅장은 서울 마포구 망원동에 위치한 중식주점으로, 소수의 주력 메뉴를 중심으로 운영됩니다. 대표 메뉴로는 마라마파두부, 동파육, 어향가지새우가 있으며, 마라마파두부에는 면 추가를 추천합니다. 이외에도 고추잡채, 해물짬뽕탕, 유린기, 소안심흑후추볶음 등의 다양한 중식 요리를 제공합니다. 주류로는 바이주, 전통 소주, 하이볼 등이 잘 어울리며, 식사 메뉴로는 야채볶음밥이 준비되어 있습니다. 영업시간은 월요일부터 토요일까지 오후 5시부터 다음날 새벽 1시까지이며, 일요일은 휴무입니다. 망원역 2번 출구에서 도보 7분 거리 위치해 있어 접근성이 좋고, 저녁 시간대에 술 한잔하며 식사하기 적합한 분위기입니다. 가격대는 18,000원에서 36,000원 사이로 중간 수준이며, 매운 메뉴도 일부 포함되어 있습니다. 전반적으로 중식 전문점으로서 전통적인 맛과 현대적인 주점 분위기를 조화롭게 갖추고 있습니다.",
  "rag_text": "웅장은 소수의 주력 메뉴를 내세우는 중식주점으로, 마라마파두부, 동파육, 어향가지새우 등이 대표 메뉴입니다. 마라마파두부에는 면 추가를 권장하며, 바이주, 전통 소주, 하이볼 등 다양한 주류와 잘 어울립니다. 저녁에만 영업하며 새벽까지 운영되어 술 한잔하기 좋은 분위기를 제공합니다. 망원역 인근에 위치해 접근성이 좋고, 편안한 중식주점의 정체성을 지닙니다.",
  "metadata": {
    "budget_range": "중",
    "spicy_available": "O",
    "vegetarian_options": "O",
    "main_ingredients_list": [
      "기타",
      "패류",
      "육류",
      "조류"
    ],
    "low_level_category": "중식주점, 일반중식",
    "suitable_for": [
      "술 한잔하기 좋은",
      "저녁에만 영업하는",
      "새벽까지 영업하는"
    ],
    "food_type_list": [
      "기타",
      "해산물류",
      "국물류",
      "고기류"
    ],
    "temperature_list": [
      "온"
    ],
    "high_level_category": "중식"
  }
}