{
  "id": 34012,
  "store_name": "가락김밥",
  "llm_summary": "가락김밥은 서울 송파구 가락동에 위치한 김밥 전문 분식점으로, 직접 짠 참기름과 들기름을 사용하여 고소한 맛을 자랑합니다. 김밥뿐만 아니라 라면, 떡볶이, 라볶이 등 다양한 분식류도 함께 즐길 수 있습니다. 특히 들기름김치볶음밥이 인기 메뉴로, 고소한 들깨와 참기름 향이 돋보이며, 주방 내에 참기름과 들기름 착유실이 별도로 마련되어 있어 신선한 기름을 사용합니다. 메뉴는 참깨김밥, 가락김밥, 치즈김밥, 참치김밥 등 다양한 김밥류와 라면, 고추라면, 들기름김치볶음밥 등이 있으며, 가격대는 3,500원에서 9,000원 사이입니다. 영업시간은 월~금요일 10:30부터 20:00까지이며, 15:00~17:00는 브레이크 타임이고, 매주 토요일과 일요일은 휴무입니다. 가락시장역 3번 출구에서 중대초교 방향으로 도보 5분 거리에 위치해 접근성이 좋습니다. 아침 식사도 가능한 위치에 있으며, 고객에게 작은 캡슐에 담긴 직접 짠 참기름을 제공하여 김밥 맛을 더욱 풍부하게 합니다. 전반적으로 전통적인 한식 분식점으로서 참기름과 들기름의 신선함과 고소함을 강조하는 가게입니다.",
  "rag_text": "직접 짠 참기름과 들기름을 사용하는 김밥 전문 분식점으로, 고소한 들깨와 참기름 향이 특징인 들기름김치볶음밥이 인기 메뉴입니다. 한식 테마의 다양한 김밥류와 라면, 떡볶이 등 분식류를 제공하며, 전통적인 한식 분식의 맛을 강조합니다. 주방에 참기름과 들기름 착유실이 별도로 있어 신선한 기름 사용이 돋보입니다.",
  "metadata": {
    "budget_range": "중",
    "spicy_available": "O",
    "vegetarian_options": "X",
    "main_ingredients_list": [
      "기타",
      "어류"
    ],
    "low_level_category": "분식, 김밥",
    "suitable_for": [],
    "food_type_list": [
      "밥류",
      "면류"
    ],
    "temperature_list": [
      "상",
      "온"
    ],
    "high_level_category": "한식"
  }
}