{
  "id": 34100,
  "store_name": "설계도",
  "llm_summary": "설계도는 서울 영등포구 여의도동에 위치한 닭갈비 전문 퓨전 한식 레스토랑입니다. 철판닭갈비, 닭갈비덮밥, 닭대창볶음, 닭갈비케사디야 등 다양한 닭을 주재료로 한 메뉴를 선보이며, 여의도 직장인들이 낮에는 점심 식사로, 저녁에는 하이볼이나 맥주와 함께 안주로 즐기기 좋은 곳입니다. 메뉴는 닭갈비케사디야(₩12,000), 춘천닭갈비(₩14,000), 카레닭갈비(₩15,000), 로제닭갈비(₩15,000), 닭소금구이(₩22,000), 닭냉채(₩23,000), 닭대창볶음(₩25,000)으로 구성되어 있으며, 매운 메뉴와 비매운 메뉴가 혼재되어 있습니다. 영업시간은 월~금요일 11:00~22:00(브레이크타임 14:00~17:30), 토~일요일 17:00~22:00이며, 여의도역 5번 출구에서 도보 5분 거리에 위치해 있습니다. 2022년 6월 30일 개업한 신생 맛집으로, 독자 리뷰는 아직 등록되지 않았습니다. 다양한 퓨전 닭 요리를 통해 전통 한식과 창의적인 맛을 동시에 경험할 수 있는 곳입니다.",
  "rag_text": "설계도는 철판닭갈비, 닭갈비덮밥, 닭대창볶음, 닭갈비케사디야 등 닭을 메인으로 하는 여러 종류의 퓨전 한식 요리를 선보이는 곳입니다. 여의도 직장인들이 낮에는 점심 식사로, 저녁에는 하이볼이나 맥주와 함께 즐기기 좋은 캐주얼한 분위기의 닭갈비 전문점입니다.",
  "metadata": {
    "budget_range": "중",
    "spicy_available": "O",
    "vegetarian_options": "X",
    "main_ingredients_list": [
      "조류",
      "육류"
    ],
    "low_level_category": "닭갈비",
    "suitable_for": [
      "직장인",
      "캐주얼",
      "점심식사",
      "저녁안주"
    ],
    "food_type_list": [
      "고기류"
    ],
    "temperature_list": [
      "온",
      "냉"
    ],
    "high_level_category": "한식"
  }
}