{
  "id": 34141,
  "store_name": "디핀옥수",
  "llm_summary": "디핀옥수는 서울 성동구 옥수동에 위치한 지하 1층 와인바 겸 브런치카페로, 신당동 와인바 디핀에서 오픈한 곳입니다. 생면파스타와 내추럴 와인을 주력으로 하며, 대표 메뉴로는 페투치니 생면에 토마토 베이스 라구소스가 어우러진 머시룸수고파스타와 산마르자노 토마토소스의 아마트리치아나파스타가 있습니다. 입구는 지하에 있지만 내부는 통창으로 외부 전경이 보이며, 우드톤 인테리어가 안정감을 줍니다. 메뉴는 머슬치타라, 사워도우와트러플버터, 부라타치즈, 콘크림뇨키, 립아이스테이크 등 다양한 양식 요리를 포함하며, 가격대는 11,000원에서 55,000원 사이입니다. 아마트리치아나파스타는 매운맛이 있으며, 전체적으로 내추럴 와인과 잘 어울리는 메뉴 구성이 특징입니다. 영업시간은 화요일부터 일요일까지 12시부터 22시까지이며, 매주 월요일은 휴무입니다. 레드리본 맛집으로 선정되어 있으며, 술 한잔하기 좋은 분위기와 브런치 메뉴가 마련되어 있어 데이트나 편안한 모임에 적합합니다.",
  "rag_text": "신당동 와인바 디핀에서 오픈한 생면파스타와 내추럴 와인을 메인으로 하는 레드리본 선정 와인바 겸 브런치카페입니다. 우드톤 인테리어와 통창으로 외부 전경이 보이는 안정감 있는 공간에서 머시룸수고파스타, 아마트리치아나파스타 등 양식 메뉴를 제공합니다. 술 한잔하기 좋은 분위기와 브런치 메뉴가 있어 편안한 모임과 데이트에 적합한 장소입니다.",
  "metadata": {
    "budget_range": "중",
    "spicy_available": "O",
    "vegetarian_options": "X",
    "main_ingredients_list": [
      "기타",
      "육류"
    ],
    "low_level_category": "파스타, 와인바, 브런치카페",
    "suitable_for": [
      "데이트",
      "편안한 모임",
      "술자리",
      "브런치"
    ],
    "food_type_list": [
      "기타",
      "면류",
      "고기류"
    ],
    "temperature_list": [
      "상",
      "온"
    ],
    "high_level_category": "양식"
  }
}