{
  "id": 34157,
  "store_name": "한우육회마을2호점",
  "llm_summary": "한우육회마을2호점은 서울 관악구 봉천동에 위치한 육회와 육사시미, 산낙지를 전문으로 하는 한식당입니다. 신선한 육류를 사용한 다양한 메뉴를 제공하며, 스페셜 메뉴는 육회, 육사시미, 산낙지를 모두 조합하여 맛볼 수 있습니다. 기본으로 제공되는 소고기뭇국은 뜨끈하게 끓여 안주로 즐기기에 좋습니다. 특히 육회 위에 산낙지가 올려져 나오는 산낙육회가 별미로 꼽힙니다. 메뉴는 육회비빔밥, 육회, 산낙육회, 육사시미, 육회모둠, 스페셜 등으로 구성되어 있으며, 가격대는 9,000원에서 58,000원 사이입니다. 매장은 서울대입구역 1번 출구 인근에 위치하며, 저녁 5시부터 새벽 4시 30분까지 연중무휴로 운영됩니다. 매장은 새벽까지 영업하며, 저녁에만 영업하는 특징이 있습니다. 육회비빔밥은 매콤한 맛이 가미되어 있고, 나머지 육류 메뉴는 생고기 상태로 제공됩니다. 전반적으로 신선한 한우 육류를 중심으로 한 전통 한식 육회 요리를 경험할 수 있는 곳입니다.",
  "rag_text": "한우육회마을2호점은 신선한 육회와 육사시미, 산낙지를 제공하는 한식 전문점으로, 스페셜 메뉴로 세 가지를 모두 조합하여 즐길 수 있습니다. 전통적인 한식 육류 요리를 중심으로 하며, 산낙지가 올려진 산낙육회가 별미입니다. 저녁부터 새벽까지 영업하며 서울대입구역 인근에 위치해 있습니다. 전통적인 맛과 신선한 재료를 중시하는 분위기로, 가족 모임이나 친구들과의 저녁 식사에 적합한 곳입니다.",
  "metadata": {
    "budget_range": "중",
    "spicy_available": "O",
    "vegetarian_options": "X",
    "main_ingredients_list": [
      "육류"
    ],
    "low_level_category": "육회, 육사시미",
    "suitable_for": [
      "저녁식사",
      "가족모임",
      "친구모임",
      "전통한식",
      "새벽영업"
    ],
    "food_type_list": [
      "밥류",
      "고기류"
    ],
    "temperature_list": [
      "온",
      "생"
    ],
    "high_level_category": "한식"
  }
}