{
  "id": 34194,
  "store_name": "목돈72(본점)",
  "llm_summary": "목돈72(본점)은 서울 양천구 신정동에 위치한 프리미엄 돼지고깃집으로, 14일 동안 웻에이징 방식으로 숙성한 고기를 사용하여 육즙목살과 등심덧살이 대표 메뉴입니다. 숯불에 버섯, 꽈리고추, 토마토 등을 함께 구워내는 독특한 조리법을 자랑하며, 마무리로 매콤한 비빔국수를 추천합니다. 메뉴는 통삼겹살, 육즙목살, 등심덧살, 쫄깃갈매기살 등 다양한 돼지고기 구이와 함께 된장찌개, 김치말이국수, 비빔국수 등 한식 국물류와 면류가 제공됩니다. 가격대는 5,000원에서 16,000원 사이로 합리적이며, 연중무휴로 운영되어 언제든 방문이 가능합니다. 목동역 1번 출구에서 100m 거리에 있으며, 매장 앞에 3대 주차가 가능합니다. 2020년 11월 23일 개업하였고, 인스타그램 계정도 운영 중입니다. 전체적으로 전통 한식을 기반으로 한 프리미엄 돼지고기 전문점으로, 가족 모임이나 친구들과의 식사에 적합한 곳입니다.",
  "rag_text": "프리미엄 돼지고깃집으로 14일 웻에이징 숙성 고기를 사용하며, 육즙목살과 등심덧살이 대표 메뉴입니다. 숯불에 버섯, 꽈리고추, 토마토를 올려 고기와 함께 구워내는 조리법이 특징이며, 매콤한 비빔국수로 마무리하는 한식 전문점입니다. 고기류와 국물류, 면류를 포함한 한식 테마의 다양한 메뉴를 제공합니다. 전통적인 한식 돼지고기구이 전문점으로 가족 모임, 친구 모임에 적합한 분위기이며 연중무휴로 운영됩니다.",
  "metadata": {
    "budget_range": "중",
    "spicy_available": "O",
    "vegetarian_options": "X",
    "main_ingredients_list": [
      "기타",
      "육류"
    ],
    "low_level_category": "삼겹살, 돼지고기구이",
    "suitable_for": [
      "가족모임",
      "친구모임"
    ],
    "food_type_list": [
      "국물류",
      "면류",
      "고기류"
    ],
    "temperature_list": [
      "온",
      "냉"
    ],
    "high_level_category": "한식"
  }
}