{
  "id": 34229,
  "store_name": "멘야하나비(신사점)",
  "llm_summary": "멘야하나비(신사점)은 나고야에서 시작한 마제소바 전문점으로, 서울 서초구 잠원동에 위치해 있습니다. 이곳은 갈은 고기, 마늘, 파, 계란 등을 면에 비벼 먹는 나고야식 마제소바를 제공합니다. 식사 후에는 남은 양념에 밥을 비벼 마무리하는 독특한 방식이 특징입니다. 일일 한정 메뉴인 도니쿠 마제소바는 두툼한 돼지고기가 올라가며, 기본 마제소바 외에도 카레마제소바, 네기시오마제소바 등 다양한 메뉴가 있습니다. 메뉴는 모두 온면류로 구성되어 있으며, 매운맛이 있는 메뉴도 포함되어 있습니다. 신사역 4번 출구 인근에 위치하고 있으며, 매주 월요일 휴무, 2018년 4월 9일 개업했습니다. 가격대는 11,000원에서 14,000원 사이로 중간 수준이며, 해외 유명 브랜드로서 일본 나고야식 마제소바의 전통과 맛을 경험할 수 있습니다. 현재 독자 리뷰는 없으나, 조용한 분위기에서 일본식 면 요리를 즐기기에 적합한 곳입니다.",
  "rag_text": "나고야에서 시작한 마제소바 전문점으로, 갈은 고기와 마늘, 파, 계란 등을 면에 비벼 먹는 나고야식 마제소바를 제공하며, 일일 한정 도니쿠 마제소바는 두툼한 돼지고기가 올라간다. 일본식 일식 테마의 온면류 전문점으로, 해외 유명 브랜드이며 조용하고 정통 일본식 면 요리를 즐길 수 있는 분위기이다.",
  "metadata": {
    "budget_range": "중",
    "spicy_available": "O",
    "vegetarian_options": "X",
    "main_ingredients_list": [
      "기타",
      "육류"
    ],
    "low_level_category": "마제소바",
    "suitable_for": [],
    "food_type_list": [
      "면류"
    ],
    "temperature_list": [
      "온"
    ],
    "high_level_category": "일식"
  }
}