{
  "id": 3424,
  "store_name": "커피와쟁이",
  "llm_summary": "커피와쟁이는 서울 서초구 양재동에 위치한 커피전문점으로, 브라질, 콜롬비아, 코스타리카, 탄자니아, 케냐, 인도네시아 등 다양한 원두를 사용해 수준급의 핸드드립 커피를 저렴한 가격에 제공하는 곳입니다. 메뉴로는 베리에이션커피와 핸드드립커피가 있으며, 가격대는 4,000원에서 6,000원 사이로 매우 합리적입니다. 월요일부터 일요일까지 오전 10시부터 오후 10시까지 운영하며, 명절 연휴에는 휴무입니다. 2007년에 개업한 이래로 꾸준히 사랑받고 있으며, 독자 리뷰는 아직 등록되지 않았으나 방문객들에게 좋은 평판을 기대할 수 있습니다. 가게의 분위기는 전문적인 핸드드립 솜씨와 합리적인 가격으로 커피 애호가들에게 적합한 편안한 커피전문점입니다.",
  "rag_text": "브라질, 콜롬비아, 코스타리카, 탄자니아, 케냐, 인도네시아 원두를 사용하는 핸드드립 커피 전문점으로, 수준급 핸드드립 솜씨와 합리적 가격이 특징인 커피전문점입니다. 다양한 원두의 풍미를 즐길 수 있으며, 편안하고 전문적인 분위기를 갖추고 있습니다.",
  "metadata": {
    "budget_range": "저",
    "spicy_available": "X",
    "vegetarian_options": "X",
    "main_ingredients_list": [
      "기타"
    ],
    "low_level_category": "커피전문점",
    "suitable_for": [],
    "food_type_list": [
      "음료"
    ],
    "temperature_list": [
      "온"
    ],
    "high_level_category": "기타"
  }
}