{
  "id": 34287,
  "store_name": "퍼넬스페셜티커피하우스",
  "llm_summary": "퍼넬스페셜티커피하우스는 서울 마포구 염리동에 위치한 스페셜티커피 전문점으로, 이진호 바리스타가 직접 운영하고 있습니다. 바에 앉아 바리스타가 직접 내려주는 수준 높은 커피를 즐길 수 있으며, 특히 우유나 크림이 들어간 콘판나, 마키아토, 피콜로 메뉴가 밸런스가 뛰어납니다. 또한 알제리식 레몬 아이스 커피인 마자그란도 색다른 경험을 제공합니다. 메뉴는 에스프레소, 아메리카노, 롱블랙, 콘판나, 마키아토, 코타도, 피콜로, 카페라테, 마자그란, 아인슈페너 등으로 가격대는 4,500원에서 6,000원 사이입니다. 공인 스페셜티커피협회 트레이너(AST)가 직접 준비하는 커피를 제공하며, 카운터 석에서 바리스타의 커피 내리는 모습을 바로 볼 수 있습니다. 영업시간은 월~토 09:00~20:00, 일요일 휴무이며, SNS로 인스타그램과 페이스북 계정을 운영 중입니다. 2015년 3월 16일 개업하였고, 블루리본 Pick에도 선정된 바 있습니다. 등록된 독자 리뷰는 아직 없으나, 전문성과 메뉴의 다양성으로 커피 애호가들에게 추천할 만한 곳입니다.",
  "rag_text": "스페셜티커피 전문점으로, 공인 스페셜티커피협회 트레이너(AST)가 직접 준비하는 수준 높은 커피를 제공하며, 바에 앉아 바리스타가 직접 커피를 내려주는 경험이 특징입니다. 우유나 크림이 들어간 콘판나, 마키아토, 피콜로 메뉴가 밸런스가 좋고, 알제리식 레몬 아이스 커피인 마자그란도 색다른 메뉴로 돋보입니다. 전문성과 차별화된 커피 맛을 추구하는 카페입니다.",
  "metadata": {
    "budget_range": "중",
    "spicy_available": "X",
    "vegetarian_options": "X",
    "main_ingredients_list": [
      "기타"
    ],
    "low_level_category": "커피전문점",
    "suitable_for": [],
    "food_type_list": [
      "음료"
    ],
    "temperature_list": [
      "기타"
    ],
    "high_level_category": "기타"
  }
}