{
  "id": 34291,
  "store_name": "너섬칼국수",
  "llm_summary": "너섬칼국수는 서울 영등포구 여의도동 맨하튼빌딩 지하1층에 위치한 한식 전문점으로, 칼국수와 만두가 특히 인기 있는 곳입니다. 사골과 잡뼈로 우려낸 국물에 양지 고명이 올라가며, 손만둣국도 많은 사랑을 받고 있습니다. 메뉴는 칼국수, 손만둣국, 보쌈, 해장칼국수, 왕새우전, 문어보쌈 등으로 구성되어 있으며, 저녁 시간에는 양지수육이나 문어를 안주 삼아 술 한잔하기 좋은 분위기를 제공합니다. 가격대는 12,000원에서 45,000원 사이로 중간 수준이며, 매주 토요일과 일요일은 휴무입니다. 온 메뉴가 따뜻한 음식이며, 맵기는 해장칼국수만 매운 편입니다. 전통적인 한식 스타일을 유지하면서 푸짐한 양과 합리적인 가격으로 만족도를 높이고 있습니다. 가게는 2013년 6월에 개업했으며, 방문객들이 평가할 수 있는 리뷰는 아직 등록되어 있지 않습니다.",
  "rag_text": "칼국수와 만두가 인기 있는 한식 전문점으로, 사골과 잡뼈로 우려낸 국물에 양지 고명이 올라가 전통적인 맛을 자랑합니다. 만둣국과 보쌈, 해장칼국수, 해산물류인 왕새우전, 문어보쌈 등 다양한 메뉴를 제공하며, 저녁에는 양지수육이나 문어 안주와 함께 술 한잔하기 좋은 분위기입니다. 푸짐한 양과 전통성을 갖춘 한식당으로, 편안하고 소박한 분위기에서 식사와 술자리를 즐기기에 적합합니다.",
  "metadata": {
    "budget_range": "중",
    "spicy_available": "O",
    "vegetarian_options": "X",
    "main_ingredients_list": [
      "기타",
      "육류",
      "패류",
      "어류"
    ],
    "low_level_category": "칼국수, 수육",
    "suitable_for": [
      "술자리",
      "저녁식사",
      "편안한",
      "전통적"
    ],
    "food_type_list": [
      "면류",
      "국물류",
      "고기류",
      "해산물류"
    ],
    "temperature_list": [
      "온"
    ],
    "high_level_category": "한식"
  }
}