{
  "id": 343,
  "store_name": "미피아체",
  "llm_summary": "미피아체는 서울 강남구 청담동에 위치한 20년 전통의 이탈리안 레스토랑으로, 청담동에서 가장 오래된 레스토랑 중 하나입니다. 2023년 8월 현재 위치로 이전하여 더욱 쾌적한 분위기를 자랑하며, 테라스 좌석을 추천합니다. 전채, 메인, 디저트 모두 높은 완성도를 자랑하고, 계절과 트렌드에 따라 자주 바뀌는 메뉴로 다양한 미식 경험을 제공합니다. 특히 미리 주문 시 즐길 수 있는 피오렌티나 스테이크가 명성이 높습니다. 런치세트(60,000원)와 디너코스(120,000원) 등 코스 메뉴가 대표적이며, 가격대는 6만~12만원 수준입니다. 레드리본과 서울 2025 선정 등 미식 평가에서 높은 인정을 받았고, 가족 외식, 연인 데이트, 비즈니스 다이닝, 결혼기념일 등 다양한 모임에 적합합니다. 고급스러운 인테리어와 프라이빗룸, 테라스, 와인 리스트가 특징이며, 파인 다이닝으로서 가격 대비 만족도가 높다는 평을 받고 있습니다. 영업시간은 매일 12:00~21:30(브레이크타임 15:00~18:00, 라스트 오더 19:30)이며, 명절 연휴에는 휴무입니다. 발레파킹과 인스타그램(@restaurant_mipiace)도 운영 중입니다. 2003년 8월 20일 개업 이후 변함없는 맛과 서비스로 꾸준한 사랑을 받고 있습니다.",
  "rag_text": "청담동에서 가장 오래된 이탈리아식 파스타 전문 파인 다이닝 레스토랑으로, 20년간 변함없는 맛과 계절별로 바뀌는 트렌디한 메뉴가 특징입니다. 전채, 메인, 디저트 모두 완성도가 높고, 미리 주문 시 피오렌티나 스테이크로도 유명합니다. 2023년 8월 이전 후 더욱 고급스러운 분위기와 테라스 좌석, 프라이빗룸, 우수한 와인 리스트, 세련된 인테리어를 갖추었으며, 가족 외식, 연인 데이트, 결혼기념일, 비즈니스 미팅, 프러포즈 등 다양한 모임에 적합합니다. 레드리본 및 서울 2025 선정 레스토랑으로, 가격 대비 만족도와 파인 다이닝 경험을 중시하는 이들에게 추천됩니다. 테마는 양식입니다.",
  "metadata": {
    "budget_range": "고",
    "spicy_available": "X",
    "vegetarian_options": "X",
    "main_ingredients_list": [
      "기타"
    ],
    "low_level_category": "이탈리아식, 파스타",
    "suitable_for": [
      "레드리본 선정",
      "서울 2025 선정",
      "가족외식",
      "결혼기념일",
      "비즈니스",
      "연인",
      "프러포즈",
      "와인",
      "인테리어",
      "테라스",
      "파인 다이닝",
      "가성비",
      "분위기",
      "프라이빗룸"
    ],
    "food_type_list": [
      "기타"
    ],
    "temperature_list": [
      "기타"
    ],
    "high_level_category": "양식"
  }
}