{
  "id": 34317,
  "store_name": "플렌티카페",
  "llm_summary": "플렌티카페는 서울 서초구 반포동 옴니버스파크 로비층에 위치한 산뜻한 분위기의 플랜테리어 카페입니다. 다양한 시그니처 크림라테 메뉴를 제공하며, 베이커리도 함께 운영하고 있습니다. 오전 11시부터 오후 3시까지 주문 가능한 브런치 메뉴가 특히 인기가 많습니다. 메뉴로는 아메리카노, 카페라테, 티, 크림라테, 샌드위치, 샐러드 등이 있으며, 가격대는 4,800원에서 18,000원 사이입니다. 영업시간은 매일 오전 7시부터 오후 6시까지이며, 공휴일은 휴무입니다. 맛, 분위기, 서비스 등 전반적으로 보통 수준의 평가를 받고 있으나, 깔끔하고 편안한 공간에서 다양한 음료와 식사를 즐길 수 있는 카페입니다. 주재료는 기타로 분류된 메뉴들이 주를 이루고 있으며, 맵지 않은 메뉴들로 구성되어 있습니다. 2022년 7월 6일에 개업하였으며, 30분 무료 주차가 가능합니다. 자세한 정보는 공식 웹사이트에서 확인할 수 있습니다.",
  "rag_text": "산뜻한 분위기의 플랜테리어 카페로, 다양한 크림라테 시그니처 메뉴와 베이커리, 인기 있는 브런치 메뉴를 제공합니다. 편안하고 깔끔한 공간에서 음료와 식사를 즐길 수 있는 카페입니다. 카페, 베이커리, 브런치카페의 특성을 가진 곳으로, 온음료와 생음료가 조화를 이루며, 다양한 테마의 메뉴를 갖추고 있습니다.",
  "metadata": {
    "budget_range": "중",
    "spicy_available": "X",
    "vegetarian_options": "X",
    "main_ingredients_list": [
      "기타"
    ],
    "low_level_category": "카페, 베이커리, 브런치카페",
    "suitable_for": [],
    "food_type_list": [
      "음료",
      "디저트류",
      "기타"
    ],
    "temperature_list": [
      "상",
      "온",
      "생"
    ],
    "high_level_category": "기타"
  }
}