{
  "id": 34340,
  "store_name": "파르코무수막",
  "llm_summary": "파르코무수막은 서울 성동구 금호동에 위치한 80년이 넘은 구옥을 개조한 와인 비스트로입니다. 한식 조리법을 활용한 이탈리안 요리를 선보이며, 대표 메뉴로는 매콤한 라구고추장그라탕이 있습니다. 기본 안주로 전자레인지 팝콘이 제공되어 독특한 경험을 선사합니다. 메뉴는 안초비오일파스타, 부라타치즈와계절과일, 라구고추장그라탕, 햄치즈플래터 등 양식 테마의 다양한 요리를 포함하고 있습니다. 반려동물 동반이 가능하며, 분위기는 OLD&NEW, WESTERN&EASTERN의 조화로움을 지향합니다. 영업시간은 화요일부터 토요일까지 10:30부터 22:30까지이며, 매주 월요일과 일요일은 휴무입니다. 금호동의 옛 지명인 무수막에서 영감을 받아 만들어진 공간으로, 어른들이 편하게 즐길 수 있는 놀이터 같은 와인 바입니다.",
  "rag_text": "80년 넘은 구옥을 개조한 와인 비스트로로, 한식 조리법을 활용한 이탈리안 요리와 와인을 곁들여 먹기 좋은 분위기다. OLD&NEW, WESTERN&EASTERN의 조화로운 컨셉이며, 반려동물 동반이 가능하다. 금호동 무수막 지역의 역사적 배경을 반영한 편안하고 어른들이 즐기기 좋은 공간이다.",
  "metadata": {
    "budget_range": "중",
    "spicy_available": "O",
    "vegetarian_options": "X",
    "main_ingredients_list": [
      "어류",
      "기타",
      "육류"
    ],
    "low_level_category": "와인바",
    "suitable_for": [
      "반려동물 동반",
      "어른들",
      "편안한",
      "와인 바"
    ],
    "food_type_list": [
      "면류",
      "디저트류",
      "기타"
    ],
    "temperature_list": [
      "온",
      "상"
    ],
    "high_level_category": "양식"
  }
}