{
  "id": 34403,
  "store_name": "사유의서재(남산점)",
  "llm_summary": "사유의서재(남산점)은 서울 중구 남산동에 위치한 감성적인 이탈리아식 파스타 전문 레스토랑입니다. 파리의 감성이 느껴지는 인테리어와 통창으로 채광이 뛰어난 공간에서 식사를 즐길 수 있으며, 눈앞에서 치즈휠에 직접 비벼주는 파스타가 대표 메뉴로 깊은 치즈 풍미를 자랑합니다. 이곳은 치즈, 트러플, 허브 등 고급 재료를 아낌없이 사용하여 풍미 가득한 이탈리안 다이닝을 제공합니다. 메뉴는 샐러드, 트러플감자뇨키, 치즈휠라구파스타, 치즈휠바질크림 파스타, 로제오징어리조토, 이베리코스테이크, 우대갈비스테이크 등 다양하며, 가격대는 19,000원부터 59,000원까지입니다. 특히 로제오징어리조토는 매운맛이 있어 매운 음식을 좋아하는 고객에게도 적합합니다. 매장에는 영화를 보며 식사할 수 있는 무비룸이 마련되어 있어 특별한 경험을 제공하며, 연중 무휴로 운영됩니다. 주차는 플라스크빌딩 지하주차장을 이용할 수 있고, 5만원 이상 이용 시 한 시간 무료 주차가 가능합니다. 이곳은 술 한잔하기 좋고 공연이 있는 전망 좋은 공간으로 프라이빗룸도 갖추고 있습니다. 영업시간은 11:30부터 24:00까지이며, 브레이크타임은 15:30~17:00, 마지막 주문은 22:00입니다. 2022년 5월에 개업한 비교적 신생 매장입니다.",
  "rag_text": "사유의서재(남산점)은 파리 라이브러리에서 영감을 받은 감성 공간으로, 치즈, 트러플, 허브 등 고급 재료를 아낌없이 사용한 이탈리아식 다이닝입니다. 깊은 치즈 풍미의 파스타와 풍미 가득한 음식들을 와인과 페어링할 수 있으며, 통창으로 채광이 좋고 무비룸이 있어 영화 감상과 식사가 가능한 프라이빗하고 분위기 좋은 공간입니다. 술 한잔하기 좋고 공연이 있는 전망 좋은 장소로 연중무휴 운영됩니다.",
  "metadata": {
    "budget_range": "중",
    "spicy_available": "O",
    "vegetarian_options": "X",
    "main_ingredients_list": [
      "기타",
      "어류",
      "육류"
    ],
    "low_level_category": "파스타, 이탈리아식",
    "suitable_for": [
      "감성적인",
      "데이트",
      "프라이빗룸",
      "술 한잔하기 좋은",
      "공연이 있는",
      "전망이 좋은",
      "연중무휴"
    ],
    "food_type_list": [
      "기타",
      "면류",
      "밥류",
      "고기류"
    ],
    "temperature_list": [
      "상",
      "온"
    ],
    "high_level_category": "양식"
  }
}