{
  "id": 34478,
  "store_name": "해탄",
  "llm_summary": "해탄은 서울 강서구 마곡동 마곡사이언스파크뷰에 위치한 오징어 요리 전문점입니다. 큼지막하고 바삭하게 튀겨진 오징어튀김과 매콤한 돌판 오징어볶음, 그리고 겉절이 보쌈을 함께 즐길 수 있는 한상 메뉴가 대표적이며, 원하는 쌈 야채와 반찬은 셀프바에서 직접 선택할 수 있습니다. 메뉴는 오징어튀김, 돌판제육, 돌판오징어, 오징어묵은지전, 오징어초무침, 오징어숙회, 골뱅이비빔칼국수, 꽃삼겹수육, 해탄한상, 해탄두상 등 다양하며, 맵기 여부와 온도(온, 냉, 생)도 다양하게 제공됩니다. 가격대는 9,000원부터 97,000원까지 폭넓으며, 연중무휴로 오전 11시부터 오후 11시까지 운영됩니다. 2022년 7월에 개업한 신생 맛집으로, 블루리본 서베이에서도 소개되었으나 레드리본이나 서울 2025 선정에는 포함되어 있지 않습니다. 셀프바를 통한 쌈 야채와 반찬 제공, 다양한 오징어 요리와 한식 스타일의 메뉴 구성이 특징입니다.",
  "rag_text": "오징어 요리를 전문으로 하는 한식당으로, 바삭한 오징어튀김과 매콤한 돌판 오징어볶음, 겉절이 보쌈을 포함한 한상 메뉴를 추천합니다. 셀프바에서 쌈 야채와 반찬을 직접 선택할 수 있으며, 다양한 온도와 맵기 옵션의 메뉴를 제공합니다. 한식 테마의 해산물과 고기류 메뉴가 조화를 이루며, 편안하고 실용적인 분위기에서 즐길 수 있는 식당입니다.",
  "metadata": {
    "budget_range": "중",
    "spicy_available": "O",
    "vegetarian_options": "X",
    "main_ingredients_list": [
      "어류",
      "육류",
      "기타"
    ],
    "low_level_category": "오징어",
    "suitable_for": [],
    "food_type_list": [
      "해산물류",
      "고기류",
      "면류",
      "밥류",
      "국물류"
    ],
    "temperature_list": [
      "온",
      "냉",
      "생"
    ],
    "high_level_category": "한식"
  }
}