{
  "id": 34507,
  "store_name": "끌레르끌레",
  "llm_summary": "끌레르끌레는 서울 송파구 방이동에 위치한 아담한 디저트 카페로, 케이크와 커피를 즐길 수 있는 공간입니다. 구움과자, 케이크, 에그타르트가 인기 메뉴이며, 마들렌, 피낭시에, 딸기케이크 등 다양한 디저트류와 에스프레소마키아토, 카페라테 같은 커피 음료를 제공합니다. 내부는 레드와 화이트 톤으로 깔끔한 분위기를 자아내며, 반려동물 동반이 가능합니다. 오너 바리스타 겸 파티셰가 최고급 스페셜티 커피와 고급 버터, 좋은 재료를 사용해 수제로 만드는 디저트가 특징입니다. 특히 커피 메뉴의 맛과 라떼 아트가 뛰어나며, 바스크치즈케이크와 라떼의 조합이 추천됩니다. 영업시간은 월요일부터 토요일까지 오전 11시부터 오후 7시까지이며, 일요일은 휴무입니다. 2022년 9월 30일 개업하였고, SNS 인스타그램과 네이버 블로그를 통해 소식을 확인할 수 있습니다.",
  "rag_text": "케이크와 커피를 즐길 수 있는 아담한 디저트 카페로, 구움과자와 케이크, 에그타르트가 인기 메뉴입니다. 레드와 화이트 톤의 깔끔한 실내 분위기이며, 반려동물 동반이 가능합니다. 최고급 스페셜티 커피와 고급 버터, 좋은 재료로 오너 바리스타 겸 파티셰가 수제로 만드는 디저트가 특징입니다. 커피 메뉴가 맛있고 라떼 아트가 예술적이며, 디저트와 커피의 조화가 뛰어납니다.",
  "metadata": {
    "budget_range": "저",
    "spicy_available": "X",
    "vegetarian_options": "X",
    "main_ingredients_list": [
      "기타"
    ],
    "low_level_category": "카페, 케이크",
    "suitable_for": [
      "반려동물 동반"
    ],
    "food_type_list": [
      "디저트류",
      "음료"
    ],
    "temperature_list": [
      "상",
      "온"
    ],
    "high_level_category": "디저트류"
  }
}