{
  "id": 34643,
  "store_name": "청기와타운(교대점)",
  "llm_summary": "청기와타운(교대점)은 LA한인타운을 모티브로 한 이국적이면서도 한국의 레트로 감성을 느낄 수 있는 LA갈비 전문 한식당입니다. 서울 서초구 서초대로48길 33 (서초동) 허브 원 1층에 위치해 있으며, 연중무휴로 운영됩니다. 대표 메뉴로는 양념이 강하지 않은 LA양념갈비와 수원양념갈비, 고명으로 아보카도와 트러플을 사용한 육회가 별미입니다. 메뉴는 LA순두부찌개, 후식냉면, 육회비빔밥, 양곰탕, 안창살, 빗살로스한우, 수원왕갈비 등 다양한 고기류와 국물류, 밥류, 면류로 구성되어 있습니다. 일부 메뉴는 매콤한 맛을 제공하며, 가성비 좋은 와인도 갖추고 있어 고기와 함께 즐기기 좋습니다. 영업시간은 평일과 주말 모두 11:30부터 22:00까지이며, 평일에는 15:00~17:00 브레이크타임이 있습니다. 청기와타운(교대점)은 가족 모임, 데이트, 가성비 좋은 식사 장소로 적합하며, 한국 전통과 이국적 분위기가 조화를 이루는 곳입니다.",
  "rag_text": "LA한인타운을 모티브로 한 이국적이고 한국의 레트로 감성이 어우러진 LA갈비 전문 한식당입니다. 양념 갈비는 강하지 않은 양념과 깻잎페스토 조합이 특징이며, 아보카도와 트러플 고명이 올라간 육회가 별미입니다. 가성비 좋은 와인을 다양하게 갖추고 있어 고기류와 함께 즐기기 좋습니다. 전반적으로 편안하고 가족적이며 데이트와 가성비를 중시하는 고객에게 적합한 분위기입니다.",
  "metadata": {
    "budget_range": "중",
    "spicy_available": "O",
    "vegetarian_options": "O",
    "main_ingredients_list": [
      "기타",
      "육류"
    ],
    "low_level_category": "소고기구이, 소갈비",
    "suitable_for": [
      "데이트",
      "가족모임",
      "가성비"
    ],
    "food_type_list": [
      "국물류",
      "면류",
      "밥류",
      "고기류"
    ],
    "temperature_list": [
      "온",
      "냉",
      "생"
    ],
    "high_level_category": "한식"
  }
}