{
  "id": 3465,
  "store_name": "등나무집",
  "llm_summary": "등나무집은 서울 동작구 신대방동에 위치한 1975년 개업의 50년 전통 꼬리찜 전문 한식당입니다. 블루리본 서베이 '서울 2025 선정'에 포함되었으며, 가족 외식에 적합한 오랜 역사의 맛집으로 꼬리찜, 도가니찜, 꼬리곰탕, 알도가니탕, 소머리수육, 양지수육, 도가니무침, 한우꽃등심 등 다양한 고기 및 국물 요리를 제공합니다. 대표 메뉴인 꼬리찜은 고소한 맛과 함께 스지, 도가니가 곁들여져 술안주로도 인기가 높으며, 깔끔하게 끓여낸 꼬리탕, 도가니탕, 족탕 등도 추천받고 있습니다. 모든 메뉴는 온기로 제공되며, 일부 메뉴(꼬리찜, 도가니무침)는 매콤한 맛도 선택할 수 있습니다. 가격대는 ₩10,000~₩150,000로 중~고가에 해당하며, 신대방역 3번 출구에서 대림사거리 방향으로 직진하면 우측에 위치해 접근성이 좋습니다. 영업시간은 매일 11:00~22:00(명절 연휴 휴무)이고, 전통성과 가족 친화적 분위기가 강조되는 곳입니다.",
  "rag_text": "50년 전통의 꼬리찜 전문 한식당으로, 가족과 외식하기 좋은 오래된 역사의 매장입니다. 대표 메뉴인 꼬리찜과 도가니찜, 다양한 고기와 국물 요리를 제공하며, 술안주로도 적합한 분위기입니다. 전통 한식의 맛과 정체성을 살린 곳으로, 따뜻하고 푸근한 분위기에서 정갈한 한식을 즐길 수 있습니다. 서울 2025 선정 맛집으로, 가족 모임이나 오랜 친구들과의 식사에 잘 어울립니다.",
  "metadata": {
    "budget_range": "중~고",
    "spicy_available": "O",
    "vegetarian_options": "X",
    "main_ingredients_list": [
      "육류",
      "어류"
    ],
    "low_level_category": "소꼬리찜, 꼬리곰탕, 수육",
    "suitable_for": [
      "가족모임",
      "외식",
      "전통",
      "서울 2025 선정",
      "오래된",
      "술안주"
    ],
    "food_type_list": [
      "고기류",
      "국물류"
    ],
    "temperature_list": [
      "온"
    ],
    "high_level_category": "한식"
  }
}