{
  "id": 34655,
  "store_name": "애즈라이크",
  "llm_summary": "애즈라이크는 서울 종로구 통의동에 위치한 브런치카페로, 올데이 브런치를 즐길 수 있는 곳입니다. 다양한 샐러드와 후무스가 들어간 요리가 인기 메뉴이며, 샐러드부터 수프, 스테이크 등 다양한 브런치 메뉴를 제공합니다. 메뉴로는 아메리카노, 고구마수프, 후무스샐러드, 두부머시룸샐러드, 수비드닭가슴살샐러드, 리코타베이컨샌드위치, 왕새우아보샌드위치, 생연어샐러드, 생연어아보샌드위치 등이 있으며, 가격대는 4,500원부터 15,500원 사이입니다. 영업시간은 월~금요일 08:00~18:00, 토~일요일 09:00~18:00이며 연중 무휴입니다. 2016년 10월 1일 개업하였고, 인스타그램(@aslike_)을 통해서도 소식을 접할 수 있습니다. 전반적으로 다양한 브런치 메뉴와 건강한 샐러드, 후무스 요리를 제공하는 곳으로, 조용하고 편안한 분위기에서 아침부터 저녁까지 브런치를 즐기기에 적합합니다.",
  "rag_text": "애즈라이크는 올데이 브런치를 즐길 수 있는 브런치카페로, 다양한 샐러드와 후무스가 들어간 건강한 요리가 인기입니다. 양식 테마의 메뉴들이 주를 이루며, 신선한 재료와 다양한 브런치 메뉴를 제공하는 편안하고 아늑한 공간입니다.",
  "metadata": {
    "budget_range": "중",
    "spicy_available": "X",
    "vegetarian_options": "O",
    "main_ingredients_list": [
      "기타",
      "조류",
      "육류",
      "패류",
      "어류"
    ],
    "low_level_category": "브런치카페",
    "suitable_for": [],
    "food_type_list": [
      "음료",
      "국물류",
      "기타",
      "해산물류"
    ],
    "temperature_list": [
      "기타",
      "온",
      "상"
    ],
    "high_level_category": "양식"
  }
}