{
  "id": 34680,
  "store_name": "청기와타운(강남점)",
  "llm_summary": "청기와타운 강남점은 LA한인타운을 모티브로 한 인테리어와 한국의 레트로 감성이 어우러진 LA갈비 전문 한식당입니다. 이국적인 분위기 속에서 양념 갈비는 강한 양념 없이 깻잎페스토와 함께 즐길 수 있으며, 고명으로 아보카도와 트러플을 사용한 육회가 별미로 손꼽힙니다. 메뉴는 LA순두부찌개, 후식냉면, 육회비빔밥, 양곰탕, 안창살, LA양념갈비, 수원양념갈비, 빗살로스한우, 육회, 수원왕갈비 등 다양한 한식 메뉴를 제공하며, 맵기 옵션이 있는 메뉴도 일부 포함되어 있습니다. 가성비 좋은 와인 구비도 장점이며, 서울 강남구 역삼동에 위치해 연중무휴로 운영되며, 영업시간은 오전 11시 30분부터 오후 10시까지입니다. 가격대는 9,000원에서 29,000원 사이로 중간 수준입니다. 청기와타운 강남점은 가족모임, 데이트, 가성비 좋은 식사 장소로 적합하며, 정통 한식과 창의적인 음식이 조화를 이루는 곳입니다.",
  "rag_text": "LA한인타운을 모티브로 한 이국적이고 한국의 레트로 감성을 느낄 수 있는 한식당입니다. LA갈비 전문점으로, 양념 갈비는 강하지 않은 양념과 깻잎페스토 조합이 특징이며, 아보카도와 트러플을 올린 육회가 별미입니다. 가성비 좋은 와인을 다수 갖추고 있어 편안하고 트렌디한 분위기에서 한식을 즐길 수 있습니다.",
  "metadata": {
    "budget_range": "중",
    "spicy_available": "O",
    "vegetarian_options": "O",
    "main_ingredients_list": [
      "기타",
      "육류"
    ],
    "low_level_category": "소고기구이, 소갈비",
    "suitable_for": [
      "가성비",
      "가족모임",
      "데이트"
    ],
    "food_type_list": [
      "국물류",
      "면류",
      "밥류",
      "고기류"
    ],
    "temperature_list": [
      "온",
      "냉",
      "상",
      "생"
    ],
    "high_level_category": "한식"
  }
}