{
  "id": 34842,
  "store_name": "으뜸명가",
  "llm_summary": "으뜸명가는 서울 금천구 가산디지털단지역 인근에 위치한 닭갈비 전문점으로, 참숯으로 구운 숯불 닭갈비를 주력으로 제공합니다. 특히 강원도 횡성에서 가져온 더덕을 함께 구워 먹는 숯불더덕갈비가 시그니처 메뉴입니다. 닭갈비는 자극적이지 않은 양념으로 건강을 고려한 맛을 자랑하며, 국내산 참나무로 만든 고열의 백탄 참숯을 사용해 발암물질 걱정 없이 직화구이의 풍미를 살립니다. HACCP 인증 국내산 생닭을 사용하며, 모든 소스와 반찬류는 메인 셰프가 직접 만듭니다. 메뉴는 양념닭갈비, 한방간장닭갈비, 횡성더덕구이, 통삼겹, 명품닭모래집구이 등 다양한 고기류가 있으며, 2인 세트 메뉴도 준비되어 있습니다. 가족 외식에 적합하며 어린 자녀부터 연로한 부모님, 입맛 까다로운 어른들까지 모두 만족할 수 있는 인생 맛집으로 평가받고 있습니다. 2014년부터 2016년까지 KBS, SBS 등 지상파 TV에 여러 차례 소개되었으며, 예약 할인과 주차 지원 이벤트도 운영 중입니다. 영업시간은 평일 11:30~23:00, 주말 및 공휴일 16:00~22:00이며, 일요일은 휴무입니다. 위치는 가산디지털단지역 6번 출구 맞은편 SK V1 빌딩 뒤 먹자골목 내에 있습니다.",
  "rag_text": "참숯으로 구운 숯불 닭갈비 전문 한식당으로, 건강한 국내산 참숯과 HACCP 인증 국내산 생닭을 사용하여 가족 단위 외식에 적합합니다. 숯불더덕갈비가 시그니처 메뉴이며, 자극적이지 않은 양념과 정성 어린 손맛이 특징입니다. 어린 자녀부터 연로한 부모님, 입맛 까다로운 어른들까지 모두 만족시키는 인생 맛집으로, 프랜차이즈가 아닌 가산본점입니다. 건강과 맛을 모두 고려한 전통방식 숯불구이로 신뢰받으며, 가족모임과 직장동료 모임에 적합한 분위기를 제공합니다.",
  "metadata": {
    "budget_range": "중",
    "spicy_available": "O",
    "vegetarian_options": "X",
    "main_ingredients_list": [
      "조류",
      "육류",
      "기타"
    ],
    "low_level_category": "닭갈비",
    "suitable_for": [
      "가족모임",
      "어린이",
      "연로한어른",
      "입맛까다로운어른",
      "직장동료",
      "모임"
    ],
    "food_type_list": [
      "고기류"
    ],
    "temperature_list": [
      "온"
    ],
    "high_level_category": "한식"
  }
}