{
  "id": 34878,
  "store_name": "보들이족발",
  "llm_summary": "보들이족발은 서울 은평구 대조동에 위치한 족발과 보쌈 전문 한식당입니다. 껍질이 쫀득하고 살은 부드러운 족발을 양껏 즐길 수 있으며, 족발 주문 시 순대와 내장도 함께 제공되는 점이 특징입니다. 메뉴로는 불족발, 족발(소, 중, 대), 보쌈(중, 대), 족발+보쌈 세트(소, 중, 대)가 있으며, 가격대는 20,000원부터 70,000원까지 다양합니다. 불족발은 매운맛이 있어 매운 음식을 선호하는 고객도 만족할 수 있습니다. 연중무휴로 아침부터 다음날 새벽까지 영업하며, 연신내역 4번 출구 인근에 위치해 접근성이 좋습니다. 전통적인 한식 족발과 보쌈을 편안하게 즐길 수 있는 곳으로, 가족 모임이나 친구들과의 식사에 적합합니다. 인스타그램 계정도 운영 중입니다.",
  "rag_text": "껍질이 쫀득하고 살은 부드러운 족발과 보쌈을 전문으로 하는 한식당으로, 전통적인 맛을 살리면서도 불족발과 같은 매콤한 메뉴도 제공합니다. 족발 주문 시 순대와 내장이 함께 나오는 독특한 서비스가 있으며, 편안하고 캐주얼한 분위기에서 가족 모임, 친구 모임에 적합합니다. 연중무휴로 아침부터 늦은 시간까지 영업하여 언제든 방문하기 좋습니다.",
  "metadata": {
    "budget_range": "중",
    "spicy_available": "O",
    "vegetarian_options": "X",
    "main_ingredients_list": [
      "육류"
    ],
    "low_level_category": "족발, 보쌈",
    "suitable_for": [
      "가족모임",
      "친구모임",
      "편안한"
    ],
    "food_type_list": [
      "고기류",
      "기타"
    ],
    "temperature_list": [
      "온",
      "상"
    ],
    "high_level_category": "한식"
  }
}