{
  "id": 34881,
  "store_name": "산중다원",
  "llm_summary": "산중다원은 서울 은평구 진관동에 위치한 전통차 전문 다원으로, 조용한 분위기에서 다양한 전통차를 즐길 수 있는 공간입니다. 대표 메뉴로는 대추차, 유자차, 모과차, 쌍화차, 냉오미자차, 냉송유차 등 다양한 온·냉 음료가 있으며, 모두 한식 테마의 전통차입니다. 전통차 주문 시 유과와 생강편강이 함께 제공되어 전통의 맛을 더합니다. 또한, 건강한 재료인 콩, 견과류, 흑미, 잡곡 등으로 지은 연잎밥이 인기 메뉴로, 여러 가지 나물 반찬과 함께 제공되어 균형 잡힌 한식 식사를 경험할 수 있습니다. 매장은 연중무휴로 오전 10시부터 오후 9시까지 운영되며, 조용하고 편안한 공간에서 전통차와 건강식을 즐기기에 적합합니다. 가격대는 7,000원에서 16,000원 사이로, 부담 없는 중간 가격대에 전통 한식을 제공합니다. 산중다원은 전통적인 한식 다원으로서 전통차와 건강한 한식 메뉴를 조용한 분위기에서 즐기고자 하는 분들에게 추천할 만한 곳입니다.",
  "rag_text": "산중다원은 다양한 종류의 전통차를 조용한 분위기에서 즐길 수 있는 한식 전통차 전문 다원입니다. 전통차 주문 시 유과와 생강편강이 함께 제공되며, 건강한 콩, 견과류, 흑미, 잡곡으로 지은 연잎밥과 여러 가지 나물 반찬이 함께 나오는 전통 한식 공간입니다. 조용하고 편안한 분위기에서 전통성을 중시하는 고객에게 적합한 한식 다원입니다.",
  "metadata": {
    "budget_range": "중",
    "spicy_available": "X",
    "vegetarian_options": "X",
    "main_ingredients_list": [
      "기타"
    ],
    "low_level_category": "연잎밥, 전통차전문점",
    "suitable_for": [
      "조용한"
    ],
    "food_type_list": [
      "음료",
      "밥류"
    ],
    "temperature_list": [
      "온",
      "냉",
      "상"
    ],
    "high_level_category": "한식"
  }
}