{
  "id": 35005,
  "store_name": "소각",
  "llm_summary": "소각은 서울 강남구 신사동에 위치한 중식 전문점으로, 마라탕과 중국 가정식 스타일의 다양한 요리를 제공합니다. 대표 메뉴로는 매운맛 조절이 가능한 마라탕과 가지탕수, 가지덮밥 등 튀긴 가지 요리가 인기가 많으며, 해산물과 고기, 채소가 균형 있게 들어간 국물과 고기 요리를 맛볼 수 있습니다. 메뉴는 마라탕, 가지탕수, 궈바로우소, 지삼선, 마라샹궈소, 미니양꼬치 등으로 구성되어 있으며, 가격대는 2만원에서 2만9천원 사이입니다. 영업시간은 매일 11:30부터 22:00까지이며, 첫째주와 셋째주 월요일은 휴무입니다. 2009년 9월에 개업한 이래로 신선한 재료와 중국 가정식의 전통을 살린 요리로 사랑받고 있습니다. 매장 위치는 하이츠빌딩 1층이며, 발레파킹 서비스를 제공합니다. 블루리본 서베이에서는 레드리본이나 서울 2025 선정에는 포함되지 않았으나, 중식 전문점으로서 중식 테마의 다양한 온열 요리를 중점적으로 선보이고 있습니다.",
  "rag_text": "마라탕을 비롯한 중국 가정식 스타일의 중식을 제공하는 중식 전문점으로, 가지탕수와 가지덮밥 등 튀긴 가지 요리가 인기입니다. 해산물과 고기, 채소가 적절히 조화된 요리를 선보이며, 매운맛 조절이 가능한 메뉴가 있습니다. 전통적인 중국 가정식의 맛을 살린 중식당으로, 편안하고 친근한 분위기에서 다양한 중식 온열 요리를 즐길 수 있습니다.",
  "metadata": {
    "budget_range": "중",
    "spicy_available": "O",
    "vegetarian_options": "X",
    "main_ingredients_list": [
      "기타",
      "육류"
    ],
    "low_level_category": "마라탕, 일반중식",
    "suitable_for": [],
    "food_type_list": [
      "국물류",
      "고기류"
    ],
    "temperature_list": [
      "온"
    ],
    "high_level_category": "중식"
  }
}