{
  "id": 35117,
  "store_name": "꼬모윤",
  "llm_summary": "꼬모윤은 서울 성동구 성수동1가 서울숲길에 위치한 프렌치 디저트 전문 카페로, 2022년 10월 23일에 개업했습니다. 피낭시에, 카늘레, 마들렌 등 다양한 구움과자를 전문적으로 선보이며, 특히 카늘레를 잘라 한번 더 구운 카늘레 칩이 인기 메뉴입니다. 모든 디저트는 전문 파티시에가 최상급 재료로 만들어내며, 프렌치 디저트를 중심으로 에스프레소, 아메리카노, 카페라테 등 다양한 음료도 제공합니다. 실내는 브랙톤의 세련된 분위기로 꾸며져 있어 편안한 카페 공간을 제공합니다. 대표 메뉴 가격은 3,300원부터 38,000원까지 다양하며, 미니카늘레케이크가 가장 고가 메뉴입니다. 영업시간은 매일 오전 10시부터 오후 8시까지이며, 인근 공영주차장을 이용할 수 있습니다. 인스타그램 계정도 운영 중입니다. 맛과 분위기에서 보통 이상의 평가를 받고 있으며, 다양한 메뉴와 고급 재료, 세련된 인테리어가 특징입니다.",
  "rag_text": "프렌치 디저트 전문 카페로, 피낭시에, 카늘레, 마들렌 등의 구움과자를 다양하게 제공하며, 특허받은 카늘레칩과 커스텀 카늘레케이크가 유명합니다. 전문 파티시에가 최상급 재료로 만드는 고품질 디저트와 다양한 음료를 즐길 수 있습니다. 실내는 브랙톤의 세련된 분위기로 편안하고 고급스러운 공간을 제공합니다.",
  "metadata": {
    "budget_range": "중",
    "spicy_available": "X",
    "vegetarian_options": "X",
    "main_ingredients_list": [
      "기타"
    ],
    "low_level_category": "구움과자",
    "suitable_for": [],
    "food_type_list": [
      "디저트류",
      "음료"
    ],
    "temperature_list": [
      "기타"
    ],
    "high_level_category": "디저트류"
  }
}