{
  "id": 35140,
  "store_name": "빈스링",
  "llm_summary": "빈스링은 서울 노원구 상계동 센트럴타워 1층에 위치한 구움과자 및 카페 전문점입니다. 2022년 10월에 개업한 이곳은 브리오슈 사이에 다양한 맛의 크림을 넣은 크림 도넛을 주력으로 선보이며, 부드러운 우유 크림의 은은한 단맛이 특징입니다. 마들렌과 피낭시에 같은 구움과자도 함께 제공하여 디저트류의 다양한 선택지를 갖추고 있습니다. 메뉴는 피낭시에, 마들렌, 순우유도넛, 바닐라도넛, 초콜릿도넛, 블루베리도넛, 로쉐도넛, 약과도넛 등 다양한 도넛과 구움과자류로 구성되어 있으며, 아메리카노, 카페라테, 바닐라라테 등의 음료도 판매합니다. 가격대는 2,800원부터 5,000원 사이로 합리적인 편이며, 매주 월요일과 일요일은 휴무이고 화요일부터 토요일까지 오전 10시부터 오후 8시 30분까지 운영합니다. 주차 공간은 협소하니 참고해야 합니다. 인스타그램 계정도 운영 중입니다.",
  "rag_text": "브리오슈 사이에 다양한 맛의 크림을 넣은 크림 도넛 전문 카페로, 부드러운 우유 크림의 은은한 단맛이 돋보이며 마들렌과 피낭시에 같은 구움과자도 함께 제공하는 디저트류 전문점입니다. 아늑하고 편안한 분위기에서 다양한 크림 도넛과 음료를 즐길 수 있는 카페입니다.",
  "metadata": {
    "budget_range": "중",
    "spicy_available": "X",
    "vegetarian_options": "X",
    "main_ingredients_list": [
      "기타"
    ],
    "low_level_category": "구움과자, 카페, 도넛",
    "suitable_for": [
      "디저트",
      "카페"
    ],
    "food_type_list": [
      "디저트류",
      "음료"
    ],
    "temperature_list": [
      "기타"
    ],
    "high_level_category": "디저트류"
  }
}