{
  "id": 35286,
  "store_name": "고드니",
  "llm_summary": "고드니는 서울 강서구 마곡동에 위치한 비건 및 구움과자 전문 카페로, 버터, 우유, 계란을 사용하지 않고 글루텐 프리 방식으로 만든 다양한 피낭시에를 제공합니다. 대표 메뉴로는 트러플 옥수수, 바질 감자, 소금캐러멜, 얼그레이, 유자레몬, 바질포테이토 피낭시에 등이 있으며, 모두 3,600원에 판매됩니다. 커피 메뉴로는 인기 있는 라테(5,400원)를 포함해 아메리카노, 콜드브루, 필터커피, 고드니비앙코 등이 준비되어 있습니다. 글루텐프리 케이크도 가격 변동으로 제공됩니다. 매장은 연중무휴로 운영되며, 월~금요일은 11시부터 23시까지, 주말은 12시부터 23시까지 영업합니다. 건물 내 2시간 무료 주차가 가능하며, 인스타그램(@godny_cafe)을 통해 소식을 확인할 수 있습니다. 비건식과 글루텐프리 디저트를 찾는 고객에게 적합한 곳으로, 특색 있는 맛과 건강한 재료를 중시하는 이들에게 추천됩니다.",
  "rag_text": "비건식과 글루텐프리 구움과자를 전문으로 하는 카페로, 버터, 우유, 계란을 사용하지 않고 건강한 재료로 만든 다양한 피낭시에를 제공합니다. 트러플 옥수수, 바질 감자 등 독특한 맛의 디저트와 인기 있는 라테 커피가 특징입니다. 연중무휴로 운영되며, 편안하고 캐주얼한 분위기에서 건강한 디저트와 커피를 즐길 수 있는 공간입니다.",
  "metadata": {
    "budget_range": "중",
    "spicy_available": "X",
    "vegetarian_options": "O",
    "main_ingredients_list": [
      "기타"
    ],
    "low_level_category": "구움과자, 비건",
    "suitable_for": [],
    "food_type_list": [
      "디저트류",
      "음료",
      "기타"
    ],
    "temperature_list": [
      "상",
      "냉",
      "온"
    ],
    "high_level_category": "디저트류"
  }
}