{
  "id": 35316,
  "store_name": "약수동해물텀벙",
  "llm_summary": "약수동해물텀벙은 서울 중구 신당동에 위치한 아귀 전문 한식당으로, 콩나물과 미나리를 듬뿍 넣은 매콤한 아귀찜이 대표 메뉴입니다. 쫄깃한 생아귀를 사용하며 생아귀 껍질을 올려주는 별미가 특징입니다. 주방에서 직접 볶아 내는 아귀찜과 볶음밥 조합이 특히 잘 어울립니다. 메뉴는 볶음밥, 아귀해물찜, 아귀찜, 주꾸미볶음, 낙지볶음, 알찜, 아귀해물탕 등 다양한 해산물 요리를 온기로 제공합니다. 가격대는 3,000원부터 68,000원까지 다양하며, 대부분 매콤한 맛을 지닌 한식 해산물 요리입니다. 영업시간은 월요일부터 일요일까지 11시부터 22시까지이며, 브레이크 타임은 평일 15시부터 16시 30분까지입니다. 연중무휴로 운영하며, 2006년 12월 21일 개업한 전통 있는 맛집입니다. 인스타그램(https://www.instagram.com/ysd_haemulteombeong/)을 통해 추가 정보를 확인할 수 있습니다. 현재 블루리본 선정이나 서울 2025 선정에는 포함되어 있지 않으며, 독자 리뷰는 아직 등록되어 있지 않습니다.",
  "rag_text": "약수동해물텀벙은 콩나물과 미나리를 듬뿍 넣은 매콤한 아귀찜을 전문으로 하는 한식 해산물 요리 전문점입니다. 쫄깃한 생아귀와 생아귀 껍질을 활용한 별미 요리를 제공하며, 주방에서 직접 볶아 내는 아귀찜과 볶음밥의 조합이 뛰어납니다. 전통적인 한식 해산물 찜과 볶음 요리 중심으로, 연중무휴 운영하며 편안한 분위기에서 매콤한 맛을 즐길 수 있는 곳입니다.",
  "metadata": {
    "budget_range": "중",
    "spicy_available": "O",
    "vegetarian_options": "X",
    "main_ingredients_list": [
      "기타",
      "어류"
    ],
    "low_level_category": "아귀",
    "suitable_for": [],
    "food_type_list": [
      "밥류",
      "해산물류",
      "국물류"
    ],
    "temperature_list": [
      "온"
    ],
    "high_level_category": "한식"
  }
}