{
  "id": 35438,
  "store_name": "콘시드서울",
  "llm_summary": "콘시드서울은 서울 용산구에 위치한 카페로, 우유와 크림이 들어간 커피가 인기입니다. 특히 라테와 플랫화이트가 좋은 평가를 받고 있으며, 디저트로는 고소한 땅콩크림이 들어간 하우스케이크와 우유크림으로 채운 크림 크로틴을 제공합니다. 메뉴는 아메리카노, 플랫화이트, 카페라테, 서울라테, 바닐라라테, 솔티드캐러멜라테, 레몬차 등 다양한 음료와 구움과자콘쎄, 콘파이 같은 디저트류로 구성되어 있습니다. 가격대는 2,700원에서 5,800원 사이이며, 영업시간은 매일 08:40부터 17:00까지입니다. 2021년 9월 1일 개업했으며, 공식 인스타그램과 웹사이트를 통해 추가 정보를 확인할 수 있습니다. 레드리본이나 서울 2025 선정에는 포함되어 있지 않으나, 깔끔하고 편안한 분위기에서 커피와 디저트를 즐기기에 적합한 카페입니다.",
  "rag_text": "우유와 크림이 들어간 커피가 인기 있는 카페로, 라테와 플랫화이트가 특히 평이 좋습니다. 고소한 땅콩크림이 들어간 하우스케이크와 우유크림으로 채운 크림 크로틴 등 다양한 디저트를 구비하고 있습니다. 편안하고 아늑한 분위기의 카페이며, 다양한 음료와 디저트를 즐길 수 있는 공간입니다.",
  "metadata": {
    "budget_range": "중",
    "spicy_available": "X",
    "vegetarian_options": "X",
    "main_ingredients_list": [
      "기타"
    ],
    "low_level_category": "카페",
    "suitable_for": [],
    "food_type_list": [
      "디저트류",
      "음료"
    ],
    "temperature_list": [
      "기타"
    ],
    "high_level_category": "기타"
  }
}