{
  "id": 35443,
  "store_name": "일편등심(마곡발산점)",
  "llm_summary": "일편등심(마곡발산점)은 서울 강서구 마곡동에 위치한 소고기구이 전문점으로, 블루리본 서베이 2025년판에 선정된 레드리본 맛집입니다. 이곳은 1++ 등급의 최상급 한우만을 사용하며, 모든 고기는 그날 가장 신선한 부위를 선별하여 제공합니다. 대표 메뉴로는 새우살, 눈꽃살치, 채끝등심, 낙엽살, 등심추리, 업진살, 눈꽃부채, 안심 등 다양한 한우 부위의 구이를 100g 단위로 제공하며, 가격대는 36,000원~48,000원(1인분 기준)으로 구성되어 있습니다. 모든 메뉴는 맵지 않으며, 고기류 위주의 메뉴로 채식 옵션은 제공하지 않습니다. 매장의 특징 중 하나는 전문적으로 그릴링 교육을 받은 직원이 직접 고기를 구워주어, 손님은 쾌적하게 식사에만 집중할 수 있다는 점입니다. 샐러드와 밑반찬 역시 한우와 잘 어울리도록 준비됩니다. 고객 리뷰에서는 '다른 곳에서 한우를 못 먹겠다', '소고기 오마카세 이상의 감동' 등 극찬이 이어집니다. 룸이 마련되어 있어 가족 모임, 연인과의 데이트, 회식 등 다양한 모임에 적합하며, 연중무휴로 운영됩니다. 일편등심은 홍대본점을 시작으로 마곡발산점, 마곡나루점까지 확장하며, 네이버 평점 4.8점을 기록하는 등 지역 내에서 높은 평가를 받고 있습니다.",
  "rag_text": "최상급 1++ 한우만을 엄선하여 제공하는 한식 소고기구이 전문점으로, 레드리본 선정 및 서울 2025 맛집에 등재된 곳입니다. 전문적으로 교육받은 직원이 직접 고기를 구워주는 오마카세 스타일 서비스와 쾌적한 분위기가 특징이며, 샐러드와 밑반찬도 고기와 조화를 이룹니다. 룸이 마련되어 있어 연인과의 데이트, 가족모임, 회식 등 다양한 모임에 적합하며, 고객에게 특별한 감동과 만족을 선사하는 한우 브랜드 정체성을 강조합니다.",
  "metadata": {
    "budget_range": "고",
    "spicy_available": "X",
    "vegetarian_options": "X",
    "main_ingredients_list": [
      "육류"
    ],
    "low_level_category": "소고기구이",
    "suitable_for": [
      "레드리본",
      "서울 2025 선정",
      "데이트",
      "가족모임",
      "회식",
      "오마카세 분위기",
      "프라이빗룸",
      "특별한 경험",
      "고급스러운",
      "정성스러운 서비스"
    ],
    "food_type_list": [
      "고기류"
    ],
    "temperature_list": [
      "온"
    ],
    "high_level_category": "한식"
  }
}