{
  "id": 35639,
  "store_name": "보연희",
  "llm_summary": "보연희는 서울 서대문구 연희동에 위치한 아늑한 분위기의 케이크 전문점입니다. 2층에 자리잡고 있으며, 다양한 케이크 라인업이 그날그날 달라져 방문할 때마다 새로운 맛을 경험할 수 있습니다. 가격대는 다소 높은 편이지만 높은 만족도를 자랑합니다. 특히 제철 과일을 풍성하게 올린 화려한 비주얼의 파르페가 인기가 많습니다. 메뉴로는 아메리카노, 카페라테, 바닐라라테, 디카페인티, 진저라테와 같은 음료류와 케이크가 있으며, 가격은 5,000원에서 9,000원 사이로 형성되어 있습니다. 월~화요일 및 목~일요일에는 12시부터 22시까지 영업하며, 매주 수요일은 휴무입니다. 주차는 노상공영주차장을 이용할 수 있고, 인스타그램(@beau_yeonhee)에서 소식을 확인할 수 있습니다. 2014년 9월 19일에 개업한 이곳은 편안한 분위기에서 고급 케이크와 음료를 즐기고자 하는 고객에게 적합한 장소입니다.",
  "rag_text": "아늑한 분위기의 케이크 전문점으로, 그날그날 달라지는 케이크 라인업과 제철 과일을 올린 화려한 비주얼의 파르페가 인상적입니다. 다양한 음료와 디저트를 제공하며, 고급스럽고 만족도 높은 경험을 추구하는 고객에게 적합합니다.",
  "metadata": {
    "budget_range": "중",
    "spicy_available": "X",
    "vegetarian_options": "X",
    "main_ingredients_list": [
      "기타"
    ],
    "low_level_category": "케이크",
    "suitable_for": [
      "아늑한",
      "케이크 전문점",
      "고급",
      "디저트"
    ],
    "food_type_list": [
      "음료",
      "디저트류"
    ],
    "temperature_list": [
      "기타",
      "상"
    ],
    "high_level_category": "디저트류"
  }
}