{
  "id": 35642,
  "store_name": "윰",
  "llm_summary": "서울 양천구 목동에 위치한 이탈리아식 비스트로 '윰'은 바 자리와 테이블 자리를 갖춘 잔잔한 분위기의 식당입니다. 스튜 메뉴에는 스파게티나 리조또, 파스타 메뉴에는 바게트나 사워도우를 곁들여 소스를 찍어 먹는 것을 추천합니다. 특히 토마토 베이스에 풍성한 해산물을 넣은 부야베스가 인기 메뉴입니다. 메뉴는 토마토카프레제, 꿀대구부르스게타, 알리오올리오, 볼로네즈, 크림파스타, 오늘의파스타, 치즈플레이트, 매생이홍합스튜, 라따뚜이, 부야베스, 덕브레스트, 립아이 등 다양하며 가격대는 8,000원에서 36,000원 사이입니다. 영업시간은 화~목요일 17:00~24:00, 금~토요일 17:00~01:00이며, 매주 월요일과 일요일은 휴무입니다. 2019년 10월 7일에 개업하였고, 인스타그램(@bistro_yum_)을 운영 중입니다. 주차는 목2동월촌 공영주차장을 이용할 수 있습니다. 전반적으로 고급스럽고 조용한 분위기에서 다양한 이탈리아식 요리를 즐길 수 있는 비스트로입니다.",
  "rag_text": "이탈리아식 비스트로로 바 자리와 테이블 자리를 갖추고 잔잔하고 조용한 분위기입니다. 스튜, 파스타, 리조또 등 다양한 양식 메뉴를 제공하며, 특히 토마토 베이스의 해산물 부야베스가 인기입니다. 메뉴는 양식과 기타 테마가 혼합되어 있으며, 고급스러운 비스트로 분위기에서 편안하게 식사할 수 있습니다.",
  "metadata": {
    "budget_range": "중",
    "spicy_available": "X",
    "vegetarian_options": "X",
    "main_ingredients_list": [
      "기타",
      "어류",
      "육류",
      "패류",
      "조류"
    ],
    "low_level_category": "이탈리아식",
    "suitable_for": [
      "잔잔한 분위기",
      "비스트로",
      "조용한"
    ],
    "food_type_list": [
      "디저트류",
      "해산물류",
      "면류",
      "국물류",
      "기타",
      "고기류"
    ],
    "temperature_list": [
      "상",
      "온"
    ],
    "high_level_category": "양식"
  }
}