{
  "id": 35654,
  "store_name": "브링미커피",
  "llm_summary": "브링미커피는 서울 영등포구 양평동에 위치한 카페로, 네온 사인 전광판이 돋보이는 독특한 인테리어와 가운데 카운터를 중심으로 반원 형태로 자리 배치가 되어 있어 특별한 분위기를 자아냅니다. 2018년 2월에 개업했으며, 월~금요일 오전 8시부터 오후 6시까지 영업하고 주말은 휴무입니다. 합리적인 가격대에 스페셜티 커피를 비롯해 다양한 원두와 디카페인을 선택할 수 있으며, 최근에는 에그타르트가 인기 메뉴로 자리잡았습니다. 메뉴는 에스프레소, 아메리카노, 카페라테, 브링미라테, 초코라테, 오틀리라테 등 다양한 온음료 커피와 스콘, 르뱅쿠키, 에그타르트, 오렌지범블, 상하목장유기농밀크셰이크, 커피쉐이크 등 디저트류가 포함되어 있습니다. 가격대는 3,000원에서 5,500원 사이로 부담 없이 즐길 수 있습니다. 매장에서는 합리적인 가격과 스페셜티 커피를 즐길 수 있고, 다양한 디저트와 음료 메뉴가 준비되어 있어 커피와 디저트를 함께 즐기기에 적합한 곳입니다. 인스타그램(https://www.instagram.com/bring_me_coffee_seoul/)을 통해서도 소식을 접할 수 있습니다.",
  "rag_text": "네온 사인 전광판이 돋보이는 독특한 인테리어의 영등포 카페로, 가운데 카운터를 기준으로 반원 형태의 좌석 배치가 특징입니다. 합리적인 가격에 스페셜티 커피와 다양한 원두, 디카페인을 선택할 수 있으며, 최근 인기 메뉴인 에그타르트를 포함해 커피와 디저트를 다양하게 즐길 수 있는 분위기입니다. 편안하고 세련된 카페 분위기로, 커피 애호가와 디저트 애호가 모두에게 적합한 공간입니다.",
  "metadata": {
    "budget_range": "저",
    "spicy_available": "X",
    "vegetarian_options": "X",
    "main_ingredients_list": [
      "기타"
    ],
    "low_level_category": "카페",
    "suitable_for": [
      "커피 애호가",
      "디저트 애호가",
      "편안한 분위기",
      "가성비"
    ],
    "food_type_list": [
      "음료",
      "디저트류"
    ],
    "temperature_list": [
      "온",
      "상"
    ],
    "high_level_category": "기타"
  }
}