{
  "id": 35707,
  "store_name": "미테이블(교대직영점)",
  "llm_summary": "미테이블(교대직영점)은 서울 서초구에 위치한 파스타 전문 양식당으로, 성수동에 본점을 둔 매장입니다. 다양한 파스타, 피자, 샐러드 메뉴를 제공하며, 특히 스테이크와 랍스터 꼬리가 통으로 더해진 화려한 플레이팅의 매콤한 오일파스타가 시그니처 메뉴로 인기가 높습니다. 매장 내 대부분의 테이블은 2~4인석으로 구성되어 있으며, 5인 이상 방문 시 예약을 권장합니다. 메뉴는 수비드닭가슴살샐러드, 콰트로치즈토마토파스타, 스테이크로제리조토, 스테이크크림파스타, 연어스테이크바질크림리조토, 랍스타바질올리오, 꽉찬페페로니피자, 랍스타, 부채살스테이크, 채끝스테이크, 킹프라운&부채살스테이크 등 다양한 양식 요리가 준비되어 있습니다. 가격대는 12,900원에서 51,900원 사이로 중상급이며, 모든 메뉴는 맵지 않은 편입니다. 주재료는 닭고기, 육류, 어류, 패류 등 다양한 단백질 중심이며, 채식 옵션은 별도로 명시되어 있지 않습니다. 주말 및 공휴일에는 건물 옆에 6대 주차 가능하며, 평소에는 인근 GS타임즈 서초현대주차장을 이용할 수 있습니다. 2022년 9월에 개업한 신생 매장으로, 인스타그램을 통해서도 소식을 접할 수 있습니다. 현재까지 독자 리뷰는 없으나, 분위기와 서비스, 음식의 창의성, 전통성 등에서 보통 수준의 평가를 받고 있습니다.",
  "rag_text": "미테이블(교대직영점)은 파스타와 피자, 샐러드 등 다양한 양식 메뉴를 갖춘 양식당으로, 성수동 본점을 둔 곳입니다. 화려한 플레이팅과 매콤한 오일파스타가 시그니처이며, 편안하고 캐주얼한 분위기에서 2~4인석 중심으로 구성되어 있습니다. 가족 모임이나 소규모 모임에 적합하며, 예약을 권장합니다. 다양한 양식 테마의 메뉴를 제공하며, 고기류와 해산물 중심의 신선한 재료를 사용합니다.",
  "metadata": {
    "budget_range": "중",
    "spicy_available": "X",
    "vegetarian_options": "X",
    "main_ingredients_list": [
      "조류",
      "기타",
      "육류",
      "어류",
      "패류"
    ],
    "low_level_category": "파스타",
    "suitable_for": [
      "가족모임",
      "소규모모임",
      "예약추천",
      "캐주얼"
    ],
    "food_type_list": [
      "디저트류",
      "면류",
      "밥류",
      "기타",
      "해산물류",
      "고기류"
    ],
    "temperature_list": [
      "상",
      "온"
    ],
    "high_level_category": "양식"
  }
}