{
  "id": 35838,
  "store_name": "아우성황소곱창",
  "llm_summary": "아우성황소곱창은 서울 은평구 갈현동에 위치한 소곱창구이 전문점으로, 1996년에 개업한 전통 있는 맛집입니다. 주문 즉시 초벌구이를 하여 신선함을 유지하며, 직원이 먹기 좋은 크기로 손질해 주고 마지막에는 불쇼로 불 맛을 더하는 볼거리도 제공합니다. 대표 메뉴로는 소곱창, 대창, 염통, 양을 모두 맛볼 수 있는 모둠구이가 인기가 높으며, 소염통구이, 벌집양구이, 소곱창구이, 소대창구이, 소막창구이, 소곱창전골 등 다양한 고기류 메뉴를 제공합니다. 모든 메뉴는 한식 테마로 따뜻하게 제공되며, 맵지 않은 맛을 지향합니다. 영업시간은 매일 15:00부터 다음날 02:00까지이며, 둘째주와 넷째주 일요일은 휴무입니다. 가격대는 16,000원에서 54,000원 사이로 중간 수준입니다. 전통적인 한식 소곱창구이 전문점으로, 가족 모임이나 친구들과의 식사에 적합한 분위기를 갖추고 있습니다.",
  "rag_text": "소곱창구이 전문 한식당으로, 주문 즉시 초벌 후 직원이 손질해주며 불쇼로 불 맛을 더하는 볼거리와 전통적인 맛을 제공합니다. 소곱창, 대창, 염통, 양을 모두 맛볼 수 있는 모둠구이가 인기이며, 따뜻한 고기류 메뉴 중심으로 구성되어 있습니다. 전통적인 한식 소곱창구이 전문점으로 가족 모임과 친구 모임에 어울리는 편안한 분위기를 지닙니다.",
  "metadata": {
    "budget_range": "중",
    "spicy_available": "X",
    "vegetarian_options": "X",
    "main_ingredients_list": [
      "육류"
    ],
    "low_level_category": "소곱창",
    "suitable_for": [
      "가족모임",
      "친구모임"
    ],
    "food_type_list": [
      "고기류",
      "국물류"
    ],
    "temperature_list": [
      "온"
    ],
    "high_level_category": "한식"
  }
}