{
  "id": 35843,
  "store_name": "부안애서(서초점)",
  "llm_summary": "부안애서(서초점)은 서울 서초구에 위치한 한식당으로, 닭도리탕, 굴비, 꼬막무침 등 다양한 한식 메뉴를 정갈하고 푸짐하게 제공하는 곳입니다. 대표 메뉴인 토마토베이스의 닭도리탕은 스튜 같은 담음새로 인기가 높으며, 묵은지를 추가하거나 리조토 형태로 즐길 수 있는 별미가 특징입니다. 메뉴로는 매운 국물류인 산전수전과 부안아버지의닭도리탕, 신선한 해산물인 영광푸른바다보리굴비와 벌교꼬막돌미나리초무침, 그리고 구운묵은지두부삼합 등이 있으며, 가격대는 15,000원에서 45,000원 사이로 중간 수준입니다. 매장은 연중무휴로 운영되며, 월~금요일은 11:00~22:00, 주말은 10:30~21:00까지 영업합니다. 전체적으로 다양한 한식 메뉴를 맛볼 수 있는 정통 한식당으로, 토마토베이스 닭도리탕이 특히 인기입니다.",
  "rag_text": "다양한 한식을 정갈하고 푸짐하게 제공하는 한식당으로, 닭도리탕, 굴비, 꼬막무침 등이 주요 메뉴입니다. 스튜같은 토마토베이스 닭도리탕이 대표적이며, 묵은지 추가나 리조토로 변형해 먹는 별미가 있습니다. 전통적인 한식 메뉴를 현대적으로 재해석하여 정성껏 플레이팅하며, 편안하고 친근한 분위기의 한식 전문점입니다.",
  "metadata": {
    "budget_range": "중",
    "spicy_available": "O",
    "vegetarian_options": "O",
    "main_ingredients_list": [
      "기타",
      "어류",
      "패류",
      "조류"
    ],
    "low_level_category": "닭볶음탕, 굴비, 꼬막",
    "suitable_for": [],
    "food_type_list": [
      "국물류",
      "고기류",
      "해산물류"
    ],
    "temperature_list": [
      "온",
      "상",
      "냉"
    ],
    "high_level_category": "한식"
  }
}