{
  "id": 35855,
  "store_name": "차이들(논현점)",
  "llm_summary": "차이들(논현점)은 서울 서초구 잠원동에 위치한 모던차이니즈 스타일의 중식당입니다. 깔끔한 인테리어와 함께 불향이 느껴지는 차돌박이짬뽕과 유린기가 대표 시그니처 메뉴이며, 8인 정도 수용 가능한 커튼으로 공간 분리된 프라이빗 룸이 있어 단체 모임에 적합합니다. 메뉴는 차돌박이짜장, 차돌박이짬뽕, 차돌잡채밥, 사천크림짬뽕, 유린기, 레몬크림새우, 슈프림칠리새우 등 다양하며, 가격대는 12,000원부터 29,000원 사이입니다. 매장은 트렌디한 분위기와 한국식 중국집의 기본에 충실한 음식으로 직장인 점심시간에는 대기 줄이 생길 정도로 인기가 높습니다. 특히 갓 볶은 간짜장과 양파 식감, 춘장 향이 뛰어납니다. 영업시간은 월~토 11:30~22:00이며, 매주 일요일은 휴무입니다. 2019년 10월 15일 개업했으며, 인스타그램 계정도 운영 중입니다.",
  "rag_text": "깔끔한 인테리어의 모던차이니즈 중식당으로, 불향이 느껴지는 차돌박이짬뽕과 유린기가 시그니처 메뉴입니다. 프라이빗룸이 있어 단체 모임에 적합하며, 트렌디한 매장 분위기와 중식 기본 메뉴에 포인트를 준 한국식 중국집입니다. 본질과 기본에 충실하며 점심시간 직장인들로 붐비는 활기찬 분위기입니다.",
  "metadata": {
    "budget_range": "중",
    "spicy_available": "O",
    "vegetarian_options": "X",
    "main_ingredients_list": [
      "육류",
      "기타",
      "어류"
    ],
    "low_level_category": "모던차이니즈",
    "suitable_for": [
      "단체모임",
      "트렌디",
      "점심식사",
      "프라이빗룸",
      "한국식중국집"
    ],
    "food_type_list": [
      "면류",
      "국물류",
      "밥류",
      "고기류",
      "해산물류"
    ],
    "temperature_list": [
      "온"
    ],
    "high_level_category": "중식"
  }
}