{
  "id": 35880,
  "store_name": "신림춘천집(구로디지털직영점)",
  "llm_summary": "신림춘천집(구로디지털직영점)은 서울 구로구에 위치한 닭갈비 전문점으로, 점심시간이면 직장인들로 붐비는 인기 맛집입니다. 대표 메뉴는 치즈를 녹여 폭포처럼 얹어주는 치즈폭포닭갈비이며, 셀프바에서 다양한 쌈채소와 오이냉국을 마음껏 즐길 수 있습니다. 메뉴는 한식 면류인 막국수부터 춘천집감자채전, 춘천집닭갈비, 매운닭갈비, 삼겹닭갈비, 치즈폭포닭갈비 등 다양한 닭갈비 및 관련 요리가 포함되어 있습니다. 가격대는 8,000원에서 15,000원 사이로 중간 수준이며, 매운 메뉴도 있어 매운맛을 선호하는 고객도 만족할 수 있습니다. 영업시간은 매일 11:30부터 22:00까지이며, 15:00부터 17:00까지 브레이크 타임이 있습니다. 2019년에 개업했으며, 공식 홈페이지(http://www.silim1998.com/)도 운영 중입니다. 전반적으로 전통적인 한식 닭갈비 전문점으로, 직장인 점심 식사 장소로 적합한 활기찬 분위기를 자랑합니다.",
  "rag_text": "닭갈비 전문 한식당으로 점심시간 직장인들로 붐비며, 인기 메뉴인 치즈폭포닭갈비가 특징입니다. 셀프바에 다양한 쌈채소와 오이냉국을 제공하여 편리하고 활기찬 분위기입니다. 전통적인 한식 테마의 닭갈비 요리를 중심으로 매운맛 옵션도 갖추고 있어 다양한 입맛을 만족시킵니다.",
  "metadata": {
    "budget_range": "중",
    "spicy_available": "O",
    "vegetarian_options": "X",
    "main_ingredients_list": [
      "기타",
      "조류",
      "육류"
    ],
    "low_level_category": "닭갈비",
    "suitable_for": [],
    "food_type_list": [
      "면류",
      "기타",
      "고기류"
    ],
    "temperature_list": [
      "냉",
      "상",
      "온"
    ],
    "high_level_category": "한식"
  }
}