{
  "id": 35896,
  "store_name": "월화식당(영등포점)",
  "llm_summary": "월화식당(영등포점)은 국내산 순종 듀록돼지고기로 유명한 고기 전문점으로, 돼지고기뿐만 아니라 소고기도 함께 맛볼 수 있는 곳입니다. 주문 시 정육점처럼 고기를 중량에 맞게 즉석에서 잘라 제공하며, 두툼하고 육즙이 풍부한 고기와 함께 고사리와 대파김치가 별미로 제공됩니다. 주요 메뉴로는 숙성특허삼겹살, 얼룩흑돼지오겹살, 얼룩흑돼지목살, 트러플차돌육회, 1++한우손차돌 등이 있으며, 가격대는 16,000원에서 25,000원 사이입니다. 메뉴는 모두 한식 고기류로 구성되어 있으며, 맵지 않은 음식들로 이루어져 있습니다. 영업시간은 월~금요일 16:00~01:00, 토요일 12:00~01:00, 일요일 12:00~23:00까지이며 연중 무휴입니다. 위치는 서울특별시 영등포구 영등포로50길 8-3 (영등포동3가)이며, 인스타그램과 웹사이트를 통해 추가 정보를 확인할 수 있습니다. 해당 매장은 블루리본 Pick에 선정되어 있지는 않으나, 프리미엄 검색 서비스에서 소개되고 있습니다.",
  "rag_text": "국내산 순종 듀록돼지고기로 유명한 한식 고기 전문점으로, 돼지고기와 소고기를 정육점 스타일로 중량에 맞게 즉석에서 잘라 제공하는 곳입니다. 두툼하고 육즙 가득한 고기와 고사리, 대파김치가 별미이며, 전반적으로 편안하고 친근한 분위기의 한식 고기구이 전문점입니다.",
  "metadata": {
    "budget_range": "중",
    "spicy_available": "X",
    "vegetarian_options": "X",
    "main_ingredients_list": [
      "육류"
    ],
    "low_level_category": "삼겹살, 소고기구이",
    "suitable_for": [],
    "food_type_list": [
      "고기류"
    ],
    "temperature_list": [
      "온",
      "생"
    ],
    "high_level_category": "한식"
  }
}