{
  "id": 35984,
  "store_name": "베쌀집(금호본점)",
  "llm_summary": "베쌀집(금호본점)은 서울 성동구 금호동3가에 위치한 베트남식 레스토랑으로, 다양한 베트남 요리를 전문으로 제공합니다. 이곳은 육수를 12시간 동안 끓이고 24시간 숙성하여 매일 한정 수량만 준비하는 점이 특징이며, 특히 두툼한 갈비와 양지, 차돌이 들어간 시그니처갈비쌀국수가 인기 메뉴입니다. 메뉴는 고이꾸온, 포크반미, 소고기볶음쌀국수, 껌승, 분짜, 반쎄오, 시그니처모둠수육 등 다양한 온·상온 요리로 구성되어 있으며, 가격대는 8,000원부터 65,000원까지 다양합니다. 주재료는 주로 육류와 패류이며, 매운 메뉴는 없습니다. 영업시간은 월~토요일 11:30~22:00(브레이크타임 14:00~16:00), 일요일 휴무입니다. 인근에 유료 공영주차장이 있으며, 2017년 10월 25일에 개업했습니다. 방문객 리뷰는 아직 등록되지 않았으나, 전통적인 베트남 요리의 맛과 정성을 느낄 수 있는 곳으로 알려져 있습니다.",
  "rag_text": "다양한 베트남 요리를 제공하는 베트남식 레스토랑으로, 12시간 끓이고 24시간 숙성한 육수를 사용하여 매일 한정 수량만 준비하는 정성 가득한 맛집입니다. 두툼한 갈비와 양지, 차돌을 넣은 시그니처갈비쌀국수가 인기 메뉴이며, 전통적인 베트남 요리를 경험할 수 있습니다. 메뉴는 비매운 다양한 온·상온 요리로 구성되어 있으며, 편안하고 일상적인 분위기에서 베트남 음식을 즐기기에 적합합니다.",
  "metadata": {
    "budget_range": "중",
    "spicy_available": "X",
    "vegetarian_options": "X",
    "main_ingredients_list": [
      "패류",
      "육류",
      "기타"
    ],
    "low_level_category": "베트남식",
    "suitable_for": [],
    "food_type_list": [
      "기타",
      "면류",
      "밥류",
      "고기류"
    ],
    "temperature_list": [
      "상",
      "온"
    ],
    "high_level_category": "동남아"
  }
}