{
  "id": 35992,
  "store_name": "송오브송즈로스터즈",
  "llm_summary": "송오브송즈로스터즈는 서울 강남구 신사동 압구정 디자인빌딩 1층에 위치한 로스터리 카페로, 다양한 시그니처 음료와 직접 구운 달콤한 구움과자, 케이크를 제공합니다. 매장 내에는 금빛 찬란한 로스팅 기계가 있어 커피 로스팅 과정을 직접 볼 수 있으며, 편안한 분위기로 잠시 쉬어가려던 손님들이 계속 머무르게 된다는 평이 있습니다. 신사동 가로수길 인근의 조용한 골목에 자리해 있으며, 로스팅 및 커핑, 원두 납품과 컨설팅을 전문으로 하는 압구정 카페입니다. 원두는 200g, 500g, 1kg 단위로 판매하며, 전문 로스터가 직접 방문해 커피 세팅까지 지원합니다. 주요 블렌딩 원두로는 BASS(초콜릿, 헤이즐넛, 크리미), TREBLE(오렌지, 즙이 많고, 흑설탕), CLEF(호두, 풀바디, 토스트) 블렌딩이 있습니다. 매장 운영자는 아라비카 및 로부스타 국제커피감별사, 커피머신 엔지니어, 커피향미조향사, SCA 로스팅 자격을 보유하고 있으며, 전임 강사 경력도 갖추고 있습니다. 메뉴는 에스프레소, 아메리카노, 카페라테, 콜드브루, 콜드브루라테, 송오송포레, 송오송민트초코, 아포카토 등으로 가격대는 4,000원에서 6,000원 사이입니다. 영업시간은 월~화, 목, 토요일 09:00~21:00, 수요일 09:00~19:30, 금요일 09:00~20:00이며, 일요일은 휴무입니다. 인스타그램(@songofsongs_roasters)을 통해 소통하며, 커피와 디저트를 함께 즐길 수 있는 공간입니다.",
  "rag_text": "다양한 시그니처 음료를 선보이는 로스터리 카페로, 금빛 찬란한 로스팅 기계가 인상적이며 달콤한 구움과자와 케이크를 제공하는 편안한 분위기의 공간입니다. 전문 자격과 경험을 바탕으로 운영되며, 조용한 골목에 위치해 있어 휴식과 커피 감상을 위한 최적의 장소입니다. 커피 블렌딩과 원두 납품, 커피 세팅 컨설팅까지 전문적으로 수행하는 압구정 카페입니다.",
  "metadata": {
    "budget_range": "중",
    "spicy_available": "X",
    "vegetarian_options": "X",
    "main_ingredients_list": [
      "기타"
    ],
    "low_level_category": "커피전문점",
    "suitable_for": [
      "편안한 분위기",
      "휴식",
      "커피 감상",
      "조용한"
    ],
    "food_type_list": [
      "음료"
    ],
    "temperature_list": [
      "기타"
    ],
    "high_level_category": "기타"
  }
}