{
  "id": 36015,
  "store_name": "동래정(본점)",
  "llm_summary": "동래정(본점)은 서울 영등포구 당산동에 위치한 돼지고기구이 전문 고깃집으로, 부드럽고 쫄깃한 가브리살이 인기 메뉴입니다. 고기와 함께 표고 소금, 멜조림, 참기름, 고추냉이 등 다양한 양념을 곁들여 여러 가지 맛 조합을 즐길 수 있으며, 직원이 능숙하게 고기의 육즙을 가두어 직화로 구워줍니다. 메뉴는 동래목살, 1+통삼겹, 정가브리, 미갈매기 등 다양한 돼지고기 구이류와 제주산방물밀면, 제주산방비빔밀면, 해물순두부찌개, 시골청국장 등 한식 및 기타 메뉴로 구성되어 있습니다. 해물순두부찌개는 매운맛이 있으며, 전반적으로 한식 테마의 메뉴가 중심입니다. 영업시간은 매일 15:00부터 23:00까지이며, 연중 무휴로 운영됩니다. 프리미엄 한돈 직화구이와 제주식 멜조림을 전문으로 하여 제주 산방 밀면, 정선더덕무침, 해물순두부 등 다양한 한끼 식사를 제공합니다. 가격대는 7,000원에서 17,000원 사이로 합리적이며, 고기류와 국물류, 면류 등 다양한 카테고리의 음식을 즐길 수 있습니다.",
  "rag_text": "동래정(본점)은 부드럽고 쫄깃한 가브리살이 인기인 돼지고기 직화구이 전문점으로, 표고 소금, 멜조림, 참기름, 고추냉이 등 다양한 양념과 제주식 멜조림의 환상적인 조화를 자랑합니다. 프리미엄 한돈 직화구이와 제주 산방 밀면, 정선더덕무침, 해물순두부찌개 등 한식 메뉴를 중심으로 하며, 직원의 능숙한 솜씨로 고기의 육즙을 살려내는 것이 특징입니다. 편안하고 행복한 한끼 식사를 제공하는 곳으로, 전통적인 한식 분위기와 제주 향토음식의 맛을 동시에 느낄 수 있습니다.",
  "metadata": {
    "budget_range": "중",
    "spicy_available": "O",
    "vegetarian_options": "O",
    "main_ingredients_list": [
      "육류",
      "기타",
      "어류"
    ],
    "low_level_category": "돼지고기구이, 삼겹살",
    "suitable_for": [
      "한식",
      "가족모임",
      "편안한식사",
      "전통음식"
    ],
    "food_type_list": [
      "고기류",
      "면류",
      "국물류"
    ],
    "temperature_list": [
      "온",
      "냉",
      "상"
    ],
    "high_level_category": "한식"
  }
}