{
  "id": 36042,
  "store_name": "냠냠물고기",
  "llm_summary": "냠냠물고기는 서울 송파구 가락동에 위치한 생선회 전문 일식 주점으로, 2013년에 개업하였습니다. 구성 대비 가성비가 뛰어난 곳으로, 인근에 분점이 있어 메뉴에 따라 다른 지점 안내가 가능합니다. 신선한 회, 생선구이, 튀김, 샤부샤부 등 다양한 일식 요리를 한상차림으로 맛볼 수 있습니다. 대표 메뉴로는 1인 기준 오마카세(₩55,000), 독도새우한상차림(2~3인 ₩105,000, 3~4인 ₩130,000), 한상차림기본(2~3인 ₩75,000, 3~4인 ₩95,000), 오마카세루프탑(1인 ₩65,000)이 있습니다. 메뉴는 주로 생선과 패류를 주재료로 하며, 온도는 생과 온, 상온 등 다양합니다. 가게는 월~토요일 17:00~23:20 운영하며, 일요일은 휴무입니다. 경찰병원 주차장 이용 시 30분 무료 주차가 가능합니다. 가격대는 중상급이며, 전반적으로 신선한 해산물과 정갈한 일식 한상차림을 즐길 수 있는 곳입니다.",
  "rag_text": "구성 대비 가성비가 뛰어난 일식 주점으로, 신선한 회와 생선구이, 튀김, 샤부샤부까지 다양한 해산물 요리를 한상차림으로 제공하는 곳입니다. 인근에 분점이 있어 메뉴에 따라 다른 지점 안내가 가능하며, 편안하고 합리적인 일식 다이닝 경험을 제공합니다.",
  "metadata": {
    "budget_range": "중",
    "spicy_available": "X",
    "vegetarian_options": "X",
    "main_ingredients_list": [
      "어류",
      "패류",
      "기타"
    ],
    "low_level_category": "생선회",
    "suitable_for": [
      "가성비",
      "일식",
      "가족모임"
    ],
    "food_type_list": [
      "해산물류",
      "밥류",
      "기타"
    ],
    "temperature_list": [
      "생",
      "온",
      "상"
    ],
    "high_level_category": "일식"
  }
}