{
  "id": 36078,
  "store_name": "우대포",
  "llm_summary": "우대포는 서울 송파구 위례중앙푸르지오1단지에 위치한 소고기구이 전문점으로, 대표 메뉴는 주문 즉시 양념하는 양념소갈빗살입니다. 이 집은 고기를 덮어버리는 진한 양념이 아니라 은은한 양념으로 갈빗살 본연의 맛과 식감을 살리는 스타일이며, 두툼하게 썰어 씹는 맛이 좋은 깍둑꽃살도 인기가 많습니다. 메뉴는 양념소갈빗살(170g), 깍둑꽃살(150g), 생/양념왕갈비(230g) 등 다양한 소고기구이류와 함께 70년 전통의 자연건조국수도 제공합니다. 2011년 대한민국 염전콘테스트 은상 수상 경력이 있는 전남 신안 성창염전의 10년 이상 숙성된 천일염을 사용해 깊은 맛을 더합니다. 영업시간은 월~금요일 오후 4시 30분부터 10시 30분까지, 토~일요일은 오전 11시 30분부터 10시 30분까지 운영하며, 명절 당일은 휴무입니다. 건물 지하주차장 2시간 무료 주차가 가능합니다. 가격대는 7,000원부터 29,000원 사이로 합리적이며, 매운 양념이 들어간 메뉴도 일부 있습니다. 전반적으로 숯불양념 소갈비 전문점으로, 전통적인 한식 소고기구이의 맛과 질감을 중시하는 고기 애호가에게 적합한 곳입니다.",
  "rag_text": "숯불양념 소갈비 전문점으로, 은은한 양념으로 갈빗살 본연의 맛과 식감을 살리는 한식 고기구이 전문점입니다. 대표 메뉴는 양념소갈빗살과 깍둑꽃살이며, 70년 전통 자연건조국수와 10년 이상 숙성된 천일염을 사용하여 전통적인 맛을 강조합니다. 고기를 두툼하게 썰어 씹는 맛을 살린 점이 특징이며, 편안하고 정성스러운 한식 분위기를 제공합니다.",
  "metadata": {
    "budget_range": "중",
    "spicy_available": "O",
    "vegetarian_options": "X",
    "main_ingredients_list": [
      "기타",
      "육류"
    ],
    "low_level_category": "소고기구이, 소갈비",
    "suitable_for": [],
    "food_type_list": [
      "면류",
      "고기류"
    ],
    "temperature_list": [
      "온",
      "상"
    ],
    "high_level_category": "한식"
  }
}