{
  "id": 36081,
  "store_name": "채스우드커피",
  "llm_summary": "채스우드커피는 서울 강동구 성내동에 위치한 호주식 커피를 지향하는 카페입니다. 상호명은 호주의 도시 이름에서 따왔으며, 시그니처 메뉴는 호주식 카푸치노인 오지카푸치노입니다. 이 음료는 시나몬 파우더 대신 코코아 파우더를 사용하고, 풍성하고 부드러운 거품 위에 화려한 라테아트를 선보입니다. 매장은 노출 콘크리트가 인상적인 빈티지하고 아늑한 분위기를 자랑합니다. 메뉴로는 피콜로라테, 스콘, 에스프레소, 롱블랙, 아메리카노, 라테, 오지카푸치노, 바나나브레드, 배치브루 등이 있으며, 가격대는 4,000원에서 5,000원 사이로 합리적입니다. 모든 메뉴는 맵지 않으며, 커피 음료와 디저트류가 주를 이룹니다. 영업시간은 매일 10시부터 22시까지이며, 연중무휴로 운영됩니다. 인스타그램(@chatswoodcoffee) 계정을 통해 소식을 확인할 수 있습니다. 2019년 4월 2일에 개업한 이 카페는 독특한 호주식 커피 경험을 원하는 고객에게 적합합니다.",
  "rag_text": "호주식 커피를 지향하는 빈티지하고 아늑한 카페로, 시그니처 메뉴인 오지카푸치노는 코코아 파우더를 뿌린 부드럽고 풍성한 거품과 화려한 라테아트가 특징입니다. 다양한 커피 음료와 디저트를 제공하며, 편안한 분위기에서 호주식 커피 문화를 경험할 수 있습니다. 가격대는 합리적이며, 연중무휴로 운영됩니다.",
  "metadata": {
    "budget_range": "저",
    "spicy_available": "X",
    "vegetarian_options": "X",
    "main_ingredients_list": [
      "기타"
    ],
    "low_level_category": "카페",
    "suitable_for": [
      "빈티지",
      "아늑한",
      "호주식 커피",
      "편안한 분위기"
    ],
    "food_type_list": [
      "음료",
      "디저트류"
    ],
    "temperature_list": [
      "온",
      "상"
    ],
    "high_level_category": "기타"
  }
}