{
  "id": 36150,
  "store_name": "박가네육회",
  "llm_summary": "박가네육회는 서울 종로구 종로32길 9에 위치한 육회 전문점으로, 빈대떡으로 유명한 박가네에서 운영합니다. 빈대떡집과 거의 동일한 메뉴 구성을 갖추고 있어 빈대떡과 육회를 다양하게 맛볼 수 있습니다. 대표 메뉴인 육회는 시원한 배를 채 썰어 펼치고 그 위에 쫀득한 육회와 탱글한 노른자가 얹혀 나오는 것이 특징이며, 신선한 육회가 가득 들어있는 육회김밥도 별미로 꼽힙니다. 메뉴로는 맷돌빈대떡, 육사시미, 육회김밥, 육회, 육회탕탕이, 육회세트 등이 있으며, 가격대는 5,000원에서 41,000원 사이입니다. 모든 메뉴는 맵지 않으며, 주로 육류를 사용한 한식 메뉴들로 구성되어 있습니다. 영업시간은 매일 09:00부터 22:00까지이며 연중무휴로 운영됩니다. 별도의 블루리본 선정이나 서울 2025 선정은 되어 있지 않으나, 전통적인 한식 육회와 빈대떡을 맛볼 수 있는 곳입니다.",
  "rag_text": "빈대떡으로 유명한 박가네에서 운영하는 육회 전문 한식당으로, 신선한 육회와 다양한 빈대떡 메뉴를 제공합니다. 전통적인 한식 스타일의 육회와 육회김밥이 특징이며, 조용하고 편안한 분위기에서 한식을 즐길 수 있습니다.",
  "metadata": {
    "budget_range": "중",
    "spicy_available": "X",
    "vegetarian_options": "X",
    "main_ingredients_list": [
      "기타",
      "육류",
      "어류"
    ],
    "low_level_category": "육회, 빈대떡",
    "suitable_for": [],
    "food_type_list": [
      "디저트류",
      "고기류",
      "밥류"
    ],
    "temperature_list": [
      "냉",
      "생"
    ],
    "high_level_category": "한식"
  }
}