{
  "id": 36185,
  "store_name": "올드상해",
  "llm_summary": "올드상해는 서울 서초구 서초대로50길 66 성은빌딩 지하1층에 위치한 중식주점 및 일반 중식 레스토랑입니다. 중국 고량주병을 모아 놓은 독특한 외관과 네온사인을 활용해 중국 밤거리를 연상시키는 인테리어가 특징입니다. 이곳은 각종 중식 안주와 술 한잔 하기 좋은 분위기를 자랑하며, 특히 얼큰한 맛의 마라전골과 채소가 듬뿍 들어간 두부쌈에 양념돼지고기를 곁들여 먹는 경장육사가 인기 메뉴로 손꼽힙니다. 메뉴는 토마토계란볶음, 경장육사, 꿔바로우, 깐쇼새우, 올드상해마라전골 등 다양한 중식 요리를 제공하며, 가격대는 14,000원에서 29,000원 사이입니다. 매장은 월요일부터 일요일까지 오후 4시 30분부터 다음날 새벽 3시까지 영업하며, 연중 무휴입니다. 공식 인스타그램(@oldshanghai_gyodae)을 통해 소식을 확인할 수 있습니다. 전반적으로 중식 안주와 술자리를 즐기기에 적합한 곳으로, 얼큰하고 매콤한 메뉴가 준비되어 있어 중식 애호가들에게 추천됩니다.",
  "rag_text": "중식주점으로 중국 고량주병으로 꾸민 이색적인 외관과 네온사인 인테리어가 중국 밤거리 분위기를 연출합니다. 얼큰한 마라전골과 경장육사 등 매콤한 중식 안주를 중심으로 다양한 중식 요리를 제공하며, 술 한잔 하기 좋은 분위기의 캐주얼한 중식 레스토랑입니다.",
  "metadata": {
    "budget_range": "중",
    "spicy_available": "O",
    "vegetarian_options": "O",
    "main_ingredients_list": [
      "기타",
      "육류",
      "어류"
    ],
    "low_level_category": "중식주점, 일반중식",
    "suitable_for": [],
    "food_type_list": [
      "기타",
      "고기류",
      "해산물류",
      "국물류"
    ],
    "temperature_list": [
      "온"
    ],
    "high_level_category": "중식"
  }
}