{
  "id": 36214,
  "store_name": "젠제로",
  "llm_summary": "젠제로는 서울 강남구 삼성동에 위치한 젤라토 전문점으로, 2017년에 개업하여 신선한 제철 재료를 활용한 독특한 맛의 젤라토를 선보입니다. 이곳은 서울 2025 맛집으로 선정된 바 있으며, 블루리본 서베이 1리본을 획득한 곳이기도 합니다. 메뉴는 젤라토(7,000원)와 다양한 크기의 포장 박스(박스 소 25,000원, 중 34,000원, 대 46,000원)로 구성되어 있습니다. 기본적으로 두 가지 맛을 선택할 수 있으며, 일부 메뉴는 계절에 따라 변경되어 방문 시마다 새로운 맛을 경험할 수 있습니다. 비건 젤라토와 소르베도 제공하여 다양한 취향을 만족시킵니다. 매장은 연중무휴로 매일 12:00~22:00까지 운영하며, 공식 인스타그램(@zenzero.seoul)도 운영 중입니다. 전체적으로 젤라토를 중심으로 한 디저트 전문점으로, 고정 메뉴 외에도 시즌별로 바뀌는 신선한 메뉴와 비건 옵션이 특징입니다. 맵거나 자극적인 메뉴는 없으며, 채식 또는 비건을 고려한 메뉴도 준비되어 있습니다.",
  "rag_text": "서울 2025 맛집으로 선정된 젤라토 전문 디저트 카페로, 제철 재료를 사용한 독특한 젤라토와 소르베, 비건 젤라토까지 다양한 취향을 만족시킵니다. 계절별로 바뀌는 메뉴와 기본 두 가지 맛 선택이 가능하며, 고정 메뉴 외에도 새로운 맛을 경험할 수 있습니다. 젤라토를 중심으로 한 캐주얼하고 트렌디한 분위기의 공간으로, 젊은 감각과 취향을 반영한 현대적인 디저트 경험을 제공합니다.",
  "metadata": {
    "budget_range": "중",
    "spicy_available": "X",
    "vegetarian_options": "O",
    "main_ingredients_list": [
      "기타"
    ],
    "low_level_category": "젤라토",
    "suitable_for": [
      "서울 2025 선정",
      "트렌디한",
      "비건",
      "디저트",
      "캐주얼"
    ],
    "food_type_list": [
      "기타"
    ],
    "temperature_list": [
      "냉"
    ],
    "high_level_category": "디저트류"
  }
}