{
  "id": 36279,
  "store_name": "오투베이커리",
  "llm_summary": "오투베이커리는 서울 광진구 구의동에 위치한 베이커리 전문점으로, 크루아상, 베이글, 슈크림, 마들렌 등 다양한 베이커리를 제공합니다. 특히 쪽파치즈베이글과 대파치즈빵이 추천 메뉴로, 쫄깃한 빵 맛이 좋은 것으로 알려져 있습니다. 메뉴는 슈크림, 소금버터, 오투마들렌, 단팥빵, 크루아상, 대파치즈빵, 쪽파치즈베이글, 먹물치즈, 쉬폰, 오투초코파이 등 다양하며 가격대는 2,200원부터 8,000원까지입니다. 영업시간은 화요일부터 일요일까지 오전 10시부터 오후 9시까지이며, 매주 월요일은 휴무이고 재료 소진 시 조기 마감할 수 있습니다. 휴무일과 최신 정보는 인스타그램(@o2._.bakery)에서 확인할 수 있습니다. 블루리본 Pick에도 소개된 바 있으며, 현재 별도의 리뷰는 등록되어 있지 않습니다.",
  "rag_text": "오투베이커리는 크루아상, 베이글, 슈크림, 마들렌 등 다양한 베이커리를 선보이는 베이커리 전문점으로, 쪽파치즈베이글과 대파치즈빵이 추천 메뉴입니다. 쫄깃한 빵 맛이 특징이며, 다양한 디저트류 메뉴를 제공합니다. 아늑하고 편안한 분위기에서 즐길 수 있는 베이커리로, 재료 소진 시 조기 마감할 수 있고 휴무일은 인스타그램을 통해 확인 가능합니다.",
  "metadata": {
    "budget_range": "저",
    "spicy_available": "X",
    "vegetarian_options": "X",
    "main_ingredients_list": [
      "기타"
    ],
    "low_level_category": "베이커리",
    "suitable_for": [],
    "food_type_list": [
      "디저트류"
    ],
    "temperature_list": [
      "상"
    ],
    "high_level_category": "디저트류"
  }
}