{
  "id": 36347,
  "store_name": "청년다방(롯데월드점)",
  "llm_summary": "청년다방(롯데월드점)은 서울 송파구 잠실동 올림픽로 240 지하1층에 위치한 떡볶이 전문점입니다. 2019년 3월 20일 개업했으며, 불향차돌떡볶이로 유명세를 떨치고 있습니다. 대표 메뉴로는 불향차돌떡볶이와 갈릭버터향이 진한 버터갈릭감자튀김이 있으며, 두 메뉴 모두 따뜻하게 제공됩니다. 떡볶이 양념은 차돌박이 육즙이 우러나 농도 짙고, 감자튀김은 달짝지근한 소스가 듬뿍 묻어 있어 맛의 밸런스가 뛰어나다는 평가를 받고 있습니다. 메뉴 가격대는 5,500원부터 22,000원까지 다양하며, 매운 메뉴도 포함되어 있습니다. 주요 메뉴로는 불향차돌떡볶이, 로제떡볶이, 통큰오짱떡볶이 등이 있으며, 로제떡볶이는 중/대 사이즈로 판매합니다. 가게는 월요일부터 일요일까지 매일 11시부터 21시까지 운영하며, 마지막 주문은 20시 20분까지입니다. 연중 무휴이며, 3만원 이상 결제 시 1시간 무료 주차, 5만원 이상 2시간, 7만원 이상 3시간 무료 주차 혜택이 있습니다. 공식 홈페이지는 youngdabang.com입니다. 현재 독자 리뷰는 등록되어 있지 않습니다.",
  "rag_text": "청년다방(롯데월드점)은 불향차돌떡볶이와 갈릭버터향이 진한 버터갈릭감자튀김으로 유명한 떡볶이 전문점입니다. 진한 육즙과 농도 짙은 떡볶이 양념, 달콤한 소스가 어우러진 감자튀김의 밸런스가 뛰어납니다. 테마는 기타이며, 따뜻한 온도감의 메뉴를 제공합니다.",
  "metadata": {
    "budget_range": "저",
    "spicy_available": "O",
    "vegetarian_options": "X",
    "main_ingredients_list": [
      "기타",
      "육류"
    ],
    "low_level_category": "떡볶이",
    "suitable_for": [],
    "food_type_list": [
      "디저트류",
      "국물류"
    ],
    "temperature_list": [
      "온"
    ],
    "high_level_category": "한식"
  }
}