{
  "id": 36392,
  "store_name": "오세안양갈비",
  "llm_summary": "오세안양갈비는 서울 강남구 세곡동에 위치한 양고기 전문점으로, 6개월에서 12개월 미만의 어린 양고기만을 사용하여 잡내가 없고 부드러운 맛을 자랑합니다. 대표 메뉴로는 생숄더렉, 생양갈빗살, 생프렌치렉, 양꼬치, 냉장소갈빗살 등이 있으며, 사이드 메뉴로는 사태와 갈비를 푹 우려낸 양육개장이 별미입니다. 메뉴 가격대는 15,000원에서 34,000원 사이로 합리적이며, 한식과 중식 테마의 다양한 고기류와 국물류 메뉴를 제공합니다. 영업시간은 화~금요일 15:00~22:00, 토요일 15:00~21:45이며, 월요일과 일요일은 휴무입니다. 주차는 건물 앞과 지하주차장을 이용할 수 있습니다. 2018년 7월 25일 개업했으며, 블루리본 서베이에서 추천하는 맛집입니다.",
  "rag_text": "6개월에서 12개월 미만의 어린 양고기만을 사용하는 양고기 전문점으로, 양고기 특유의 잡내 없이 부드러운 맛이 특징입니다. 한식과 중식 테마의 고기류와 국물류 메뉴를 중심으로 하며, 편안하고 정통적인 분위기의 양고기 전문점입니다.",
  "metadata": {
    "budget_range": "중",
    "spicy_available": "O",
    "vegetarian_options": "O",
    "main_ingredients_list": [
      "육류"
    ],
    "low_level_category": "양고기",
    "suitable_for": [],
    "food_type_list": [
      "고기류",
      "국물류"
    ],
    "temperature_list": [
      "온",
      "생"
    ],
    "high_level_category": "한식"
  }
}