{
  "id": 36428,
  "store_name": "진리참숯구이",
  "llm_summary": "진리참숯구이는 서울 양천구 목동에 위치한 돼지고기 전문점으로, 14일간 숙성한 고기를 참숯 직화로 구워내는 것이 특징입니다. 네 곳의 농가와 협업하여 최상급 고기만을 선별하며, 자체 제작한 무쇠주물팬을 사용해 고기의 참맛을 살립니다. 고기와 함께 제공되는 반찬으로는 파김치, 깻잎절임, 씨앗 젓갈 등이 풍성하게 차려지며, 애호박, 두부, 양파가 듬뿍 들어간 된장술밥으로 식사를 마무리할 수 있습니다. 메뉴는 숙성삼겹, 투뿔목살, 항정살(각 180g 단위)과 막국수, 된장술밥 등으로 구성되어 있으며, 가격대는 7,000원부터 19,000원 사이입니다. 매장은 월요일부터 일요일까지 오후 3시부터 11시까지 운영하며, 연중 무휴입니다. 주차는 인근 목3동 한두공영주차장을 이용할 수 있고, 1시간에 600원의 요금이 부과됩니다. 또한, 인스타그램(@jinri_koreanbbq)을 통해 소식을 확인할 수 있습니다. 진리참숯구이는 고객에게 최고의 고기와 그릴링 서비스를 제공하여 만족감을 드리고자 끊임없이 연구 개발하며, 제철 식재료로 만든 반찬도 직접 준비하는 정성 가득한 맛집입니다.",
  "rag_text": "14일간 숙성한 돼지고기 전문점으로, 참숯 직화구이 방식과 자체 제작 무쇠주물팬을 사용해 고기의 참맛을 살립니다. 파김치, 깻잎절임, 씨앗 젓갈 등 고기와 잘 어울리는 다양한 반찬이 제공되며, 애호박, 두부, 양파가 푸짐하게 들어간 된장술밥으로 구수하게 마무리할 수 있습니다. 제철 식재료를 사용해 손수 만든 반찬과 최고의 고기 및 그릴링 서비스를 약속하는 한식 돼지고기구이 전문점입니다.",
  "metadata": {
    "budget_range": "중",
    "spicy_available": "X",
    "vegetarian_options": "O",
    "main_ingredients_list": [
      "기타",
      "육류"
    ],
    "low_level_category": "삼겹살, 돼지고기구이",
    "suitable_for": [],
    "food_type_list": [
      "면류",
      "밥류",
      "고기류"
    ],
    "temperature_list": [
      "냉",
      "온"
    ],
    "high_level_category": "한식"
  }
}