{
  "id": 36469,
  "store_name": "고렝",
  "llm_summary": "고렝은 서울 동작구 상도동에 위치한 동남아시아 요리 전문 레스토랑으로, 태국, 베트남, 인도네시아의 다양한 요리를 선보입니다. 대표 메뉴로는 베트남스프링롤, 소고기쌀국수, 카오팟, 나시고렝, 우육면 등이 있으며, 쌀국수와 나시고렝, 반미 등 다양한 메뉴 구성을 자랑합니다. 메뉴 가격대는 4,000원에서 10,000원 사이로 합리적이며, 일부 메뉴는 매운맛이 있어 다양한 입맛을 만족시킵니다. 매장은 제이플러스 1층에 위치하며, 월요일부터 일요일까지 오전 11시부터 오후 10시까지 운영하고, 오후 3시부터 5시까지는 브레이크타임이 있습니다. 연중 무휴로 방문이 가능합니다. 고렝은 동남아시아 전통 요리를 현대적으로 제공하며, 가족 단위 방문객이나 동남아 요리를 즐기고 싶은 고객에게 적합합니다. 현재 별도의 독자 리뷰는 등록되어 있지 않으나, 동남아시아 다양한 국가의 요리를 한자리에서 맛볼 수 있는 점이 특징입니다.",
  "rag_text": "동남아시아 국가의 요리를 다양하게 선보이는 곳으로 태국, 베트남, 인도네시아 요리를 포함합니다. 쌀국수, 나시고렝, 반미 등 다양한 메뉴를 제공하며, 전통적인 동남아 음식의 맛과 풍미를 현대적으로 재해석한 레스토랑입니다. 메뉴는 다양한 테마로 구성되어 있으며, 생과 온 요리가 조화를 이루고 있습니다. 편안하고 캐주얼한 분위기에서 동남아시아 음식을 즐길 수 있는 공간입니다.",
  "metadata": {
    "budget_range": "중",
    "spicy_available": "O",
    "vegetarian_options": "X",
    "main_ingredients_list": [
      "기타",
      "육류"
    ],
    "low_level_category": "베트남식, 태국식, 인도네시아식",
    "suitable_for": [],
    "food_type_list": [
      "디저트류",
      "면류",
      "밥류"
    ],
    "temperature_list": [
      "생",
      "온"
    ],
    "high_level_category": "동남아"
  }
}