{
  "id": 3648,
  "store_name": "뜨락",
  "llm_summary": "뜨락은 서울 강남구 청담동에 위치한 20년 이상의 전통을 자랑하는 소고기구이 전문점입니다. 1998년 5월 4일에 개업하여, 참숯을 사용하여 한우를 굽는 고급 고깃집으로, 웻에이징 방식으로 숙성한 한우 안심이 대표 메뉴입니다. 안심(130g), 안창살(120g), 육회, 채끝(130g), 꽃등심(130g), 등심주물럭(130g), 살치살(120g) 등 다양한 한우 부위를 제공하며, 가격대는 45,000원에서 76,000원 사이로 형성되어 있습니다. 모든 고기류 메뉴는 맵지 않으며, 주재료는 모두 한우 등 육류입니다. 새우장 등 밑반찬도 맛깔스럽게 제공되어 식사의 만족도를 높입니다. 고급스러운 인테리어와 테라스, 프라이빗룸이 마련되어 있어 가족 외식, 비즈니스 다이닝, 연인, 외국인 접대, 회식 등 다양한 모임에 적합합니다. 발레파킹이 제공되며, 영업시간은 매일 11:30~23:00(명절 당일 휴무)입니다. 블루리본 서베이 레드리본과 서울 2025 맛집으로 선정된 신뢰받는 곳입니다. 청담역 14번 출구에서 도보로 접근 가능하며, 인스타그램(@tteurak1998) 계정을 운영하고 있습니다.",
  "rag_text": "20년 넘게 이어온 고급 한우 소고기구이 전문점으로, 참숯에 웻에이징 한우 안심을 비롯한 다양한 부위를 구워내는 곳입니다. 레드리본 선정과 서울 2025 맛집으로 꼽혔으며, 한식 테마의 전통적인 고깃집 분위기와 고급스러운 인테리어, 테라스, 프라이빗룸 등 다양한 공간을 갖추고 있습니다. 가족 외식, 비즈니스 다이닝, 연인, 외국인 접대, 회식 등 다양한 모임에 어울리며, 정성스러운 밑반찬과 분위기 있는 공간이 특징입니다.",
  "metadata": {
    "budget_range": "고",
    "spicy_available": "X",
    "vegetarian_options": "X",
    "main_ingredients_list": [
      "육류"
    ],
    "low_level_category": "소고기구이",
    "suitable_for": [
      "레드리본 선정",
      "서울 2025 선정",
      "가족모임",
      "비즈니스 다이닝",
      "연인",
      "외국인 접대",
      "회식",
      "인테리어가 좋은",
      "테라스가 있는",
      "프라이빗룸이 있는"
    ],
    "food_type_list": [
      "고기류"
    ],
    "temperature_list": [
      "온",
      "생"
    ],
    "high_level_category": "한식"
  }
}