{
  "id": 36500,
  "store_name": "만리지화",
  "llm_summary": "만리지화는 서울 종로구 청진동 D타워 리플레이스 광화문 4층에 위치한 프리미엄 일식 장어요리 전문점입니다. 썬앳푸드에서 운영하며, 국내산 자포니카 품종의 장어를 사용해 고급스럽고 모던한 분위기에서 정갈한 반찬과 함께 장어 요리를 제공합니다. 대표 메뉴로는 장어덮밥한상, 장어온면한상, 장어소금구이한상, 고기구이한상이 있으며, 가격대는 53,000원에서 58,000원 사이입니다. 특히 장어온면은 따뜻한 온면 위에 장어가 얹혀 나오는 별미로 알려져 있습니다. 매장은 지하 주차장 이용 시 3시간 무료 주차가 가능하며, 추가 10분당 1,000원의 요금이 부과됩니다. 영업시간은 매일 11:30부터 22:00까지이며, 마지막 주문은 21:00에 받습니다. 연중 무휴로 운영되고 있으며, 2022년 3월 10일에 개업했습니다. 서울 2025 맛집 선정 레이블을 보유하고 있어 신뢰도 높은 맛집임을 알 수 있습니다. 내부에는 프라이빗룸이 있어 조용하고 고급스러운 분위기에서 식사가 가능합니다. 맵지 않은 메뉴 구성으로 어류와 육류를 주재료로 한 온밥류와 고기류 메뉴를 제공합니다. 독자 리뷰는 아직 등록되지 않았습니다.",
  "rag_text": "만리지화는 썬앳푸드에서 운영하는 프리미엄 일식 장어요리 전문점으로, 국내산 자포니카 품종 장어를 사용합니다. 모던하고 고급스러운 분위기 속에서 정갈한 반찬과 함께 장어 요리를 즐길 수 있으며, 따뜻한 온면 위에 장어가 얹어진 장어온면도 별미입니다. 서울 2025 선정 맛집으로, 인테리어가 좋고 프라이빗룸이 있어 조용하고 사적인 모임에 적합합니다. 메뉴는 일식과 기타 테마의 온밥류와 고기구이로 구성되어 있습니다.",
  "metadata": {
    "budget_range": "고",
    "spicy_available": "X",
    "vegetarian_options": "X",
    "main_ingredients_list": [
      "어류",
      "육류"
    ],
    "low_level_category": "일식장어",
    "suitable_for": [
      "고급스러운",
      "프라이빗룸",
      "조용한",
      "사적인 모임",
      "서울 2025 선정"
    ],
    "food_type_list": [
      "밥류",
      "고기류"
    ],
    "temperature_list": [
      "온"
    ],
    "high_level_category": "일식"
  }
}