{
  "id": 36516,
  "store_name": "닭장맥주(발산점)",
  "llm_summary": "닭장맥주(발산점)은 서울 강서구 마곡동에 위치한 프라이드치킨과 호프 전문점으로, 치킨, 파스타, 떡볶이를 한 세트로 다양하게 즐길 수 있는 메뉴 구성이 특징입니다. 대표 메뉴로는 프라이드치킨, 반반치킨, 양념치킨, 치파세트, 치그니처세트, 골치떡세트 등이 있으며, 가격대는 18,900원부터 38,500원 사이입니다. 얼음생맥주가 필수 주문 메뉴로 꼽히며, 매장은 테라스가 있어 쾌적한 분위기를 제공합니다. 영업시간은 월~토요일 15:00부터 다음날 02:00까지, 일요일은 15:00부터 24:00까지 운영하며 연중 무휴입니다. 다양한 세트 메뉴 조합과 시원한 생맥주로 편안하고 다채로운 식사 경험을 제공합니다. 매장 내 지하주차장이 마련되어 있어 방문이 편리합니다. 현재 블루리본 선정이나 서울 2025 선정은 되어 있지 않으며, 독자 리뷰는 아직 등록되어 있지 않습니다.",
  "rag_text": "닭장맥주는 치킨, 파스타, 떡볶이를 한 세트로 다양하게 즐길 수 있는 프라이드치킨과 호프 전문점입니다. 치그니처세트를 비롯해 다양한 세트 메뉴가 다채롭게 구성되어 있으며, 꽁꽁 얼린 시원한 얼음생맥주가 필수 주문 메뉴로 인기를 끌고 있습니다. 테라스가 있어 쾌적한 분위기에서 편안히 즐길 수 있는 곳입니다. 한식 테마의 다양한 치킨 메뉴를 중심으로 한 캐주얼한 호프집 분위기를 갖추고 있습니다.",
  "metadata": {
    "budget_range": "중",
    "spicy_available": "O",
    "vegetarian_options": "X",
    "main_ingredients_list": [
      "조류"
    ],
    "low_level_category": "프라이드치킨, 호프",
    "suitable_for": [],
    "food_type_list": [
      "고기류",
      "기타"
    ],
    "temperature_list": [
      "온"
    ],
    "high_level_category": "한식"
  }
}