{
  "id": 36541,
  "store_name": "보르고한남",
  "llm_summary": "보르고한남은 서울 용산구 한남동에 위치한 이탈리아식 다이닝 레스토랑으로, 안락한 분위기에서 안티파스티, 포카치아, 파스타, 스테이크, 디저트 등 다양한 이탈리안 요리를 제공합니다. 특히 얇게 저민 한우에 케이퍼베리와 튜나마요네즈가 곁들여진 톤나토가 인기 메뉴이며, 와인리스트도 다양하게 갖추고 있습니다. 메뉴는 멜란자네, 톤나토, 칼다로, 스파게티니, 트리폴라, 비스테카(550g) 등으로 구성되어 있으며, 가격대는 27,000원부터 155,000원까지 다양합니다. 영업시간은 화요일부터 일요일까지 오후 5시부터 10시까지이며, 매주 월요일은 휴무입니다. 2019년 12월에 개업하였고, 인스타그램(@borgo_hannam)을 통해 소식을 확인할 수 있습니다. 현재 독자 리뷰는 등록되어 있지 않으며, 현지인 셰프가 운영하는 정통 이탈리안 다이닝입니다.",
  "rag_text": "안락한 분위기의 이탈리안 다이닝으로, 안티파스티, 포카치아, 파스타, 스테이크, 디저트까지 다양한 이탈리안 요리를 즐길 수 있습니다. 현지인 셰프가 운영하며, 톤나토가 인기 메뉴입니다. 와인리스트가 다양하여 고급스러운 식사 경험을 제공합니다.",
  "metadata": {
    "budget_range": "고",
    "spicy_available": "X",
    "vegetarian_options": "X",
    "main_ingredients_list": [
      "기타",
      "어류",
      "육류"
    ],
    "low_level_category": "이탈리아식",
    "suitable_for": [
      "안락한 분위기"
    ],
    "food_type_list": [
      "기타",
      "면류",
      "고기류"
    ],
    "temperature_list": [
      "온",
      "상"
    ],
    "high_level_category": "양식"
  }
}