{
  "id": 36605,
  "store_name": "보원",
  "llm_summary": "보원은 서울 중구 북창동에 위치한 소고기구이 전문 한식 레스토랑입니다. 1992년에 개업한 이곳은 질 좋은 숯불을 사용해 마블링이 뛰어난 한우생갈비를 구워 먹는 것이 특징이며, 한정 수량으로 제공됩니다. 점심 메뉴로는 육회비빔밥과 갈비탕이 특히 인기가 많습니다. 메뉴는 돌솥비빔밥, 육회비빔밥, 전복갈비탕, 갈비탕정식, 돈대갈비, 한돈왕갈비, 한우불고기정식, 안창살, 한우생갈비 등 다양한 한식 고기류와 밥류, 국물류로 구성되어 있습니다. 매장은 월요일부터 토요일까지 오전 11시부터 오후 10시까지 운영하며, 일요일은 휴무입니다. 전체적으로 전통적인 한식 고깃집 분위기를 유지하며, 고품질 한우와 다양한 한식 메뉴를 합리적인 가격대로 즐길 수 있는 곳입니다.",
  "rag_text": "질 좋은 숯불에 한우를 구워 먹는 전통 한식 고깃집으로, 마블링이 뛰어난 한우생갈비를 한정 판매합니다. 점심에는 육회비빔밥과 갈비탕이 인기 메뉴입니다. 고급스럽고 전통적인 분위기이며, 가족 모임이나 점심 식사에 적합한 한식 전문점입니다.",
  "metadata": {
    "budget_range": "중",
    "spicy_available": "O",
    "vegetarian_options": "X",
    "main_ingredients_list": [
      "기타",
      "육류",
      "패류"
    ],
    "low_level_category": "소고기구이",
    "suitable_for": [
      "가족모임",
      "점심식사",
      "전통적"
    ],
    "food_type_list": [
      "밥류",
      "국물류",
      "고기류"
    ],
    "temperature_list": [
      "온",
      "생"
    ],
    "high_level_category": "한식"
  }
}