{
  "id": 36644,
  "store_name": "남도애찬",
  "llm_summary": "남도애찬은 서울 강남구 역삼동에 위치한 소고기구이 및 장어 전문점으로, 깔끔한 내부에서 한우와 장어구이를 맛볼 수 있는 곳입니다. 소고기 구이 전문점이지만 장어구이와 돼지고기도 함께 제공하며, 구이류는 직원이 직접 구워주어 편안하게 식사를 즐길 수 있습니다. 대표 메뉴로는 한우광양불고기(150g), 한우특등심(150g), 한우살치살(120g), 한우안창살(120g) 등이 있으며, 가격대는 45,000원에서 72,000원 사이입니다. 한우광양불고기는 매운맛 옵션이 있어 매운 음식을 선호하는 고객도 만족할 수 있습니다. 영업시간은 월~토요일 10:00~23:00, 일요일 10:00~22:00이며 연중 무휴로 운영됩니다. 2018년 10월 15일에 개업한 이래로 고급 한식 고기구이 전문점으로 자리매김하고 있습니다. 현재 블루리본 선정이나 서울 2025 선정에는 포함되어 있지 않으나, 프리미엄 검색 시스템에서 상세한 메뉴와 위치 정보를 확인할 수 있습니다.",
  "rag_text": "깔끔한 내부에서 한우와 장어구이를 맛볼 수 있는 한식 소고기구이 전문점으로, 장어구이와 돼지고기도 함께 제공됩니다. 구이류는 직접 구워주어 편안한 식사 경험을 제공합니다. 전통적인 한식 고기 요리를 중심으로 하며, 매운맛 메뉴도 일부 포함되어 있습니다. 조용하고 깔끔한 분위기에서 식사를 즐길 수 있는 곳입니다.",
  "metadata": {
    "budget_range": "고",
    "spicy_available": "O",
    "vegetarian_options": "X",
    "main_ingredients_list": [
      "육류"
    ],
    "low_level_category": "소고기구이, 장어",
    "suitable_for": [],
    "food_type_list": [
      "고기류"
    ],
    "temperature_list": [
      "온",
      "상"
    ],
    "high_level_category": "한식"
  }
}