{
  "id": 36701,
  "store_name": "서울낙업",
  "llm_summary": "서울낙업은 서울 광진구 화양동에 위치한 이자카야로, 건대입구역 3번 출구에서 도보 3분 거리에 있어 접근성이 뛰어납니다. 탱글탱글한 식감과 신선한 노르웨이산 생연어 회로 유명하며, 생연어 회와 하이볼을 함께 즐기기에 안성맞춤입니다. 대표 메뉴로는 매콤한 국물과 참깨의 고소함이 조화로운 차돌박이참깨나베가 있으며, 이 메뉴는 서울청년밀키트 경연 1등을 수상하고 롯데마트 밀키트로도 출시된 인기 요리입니다. 점심과 저녁 모두 다양한 일본식 정식(테이쇼쿠) 메뉴를 제공하며, 점심에는 프리미엄 마구로동정식, 9첩 사케동, 깐풍가라아게 등이, 저녁에는 연어모둠사시미, 쿠시가스, 생연어후토마키 등이 준비되어 있습니다. 모든 요리는 100% 수제로 재료 손질부터 소스까지 정성껏 만들어지며, 제주도 및 부산산 고등어 등 당일 수급한 최상급 재료를 사용합니다. 분위기는 아늑하고 세련된 조명과 인테리어로 데이트, 소개팅, 친구 모임 등 다양한 모임에 적합합니다. 하이볼, 사케, 생맥주, 소주, 전통주 등 다양한 주류와 어울리는 안주를 즐길 수 있으며, 배달의민족을 통한 일부 메뉴 배달과 포장도 가능합니다. 영업시간은 매일 11:30부터 다음날 01:00까지이며, 예약은 네이버 예약과 캐치테이블을 통해 가능합니다. 주차는 인근 공영 및 민영 주차장이 도보 1분 거리에 위치해 편리합니다. 서울낙업은 맛, 서비스, 위생을 최우선으로 하여 고객에게 최고의 경험을 제공합니다.",
  "rag_text": "서울낙업은 탱글탱글한 식감과 신선한 연어회로 유명한 일본식 이자카야로, 아늑하고 세련된 인테리어와 분위기를 자랑합니다. 100% 수제 요리와 당일 수급한 최상급 재료를 사용하며, 하이볼, 사케, 전통주 등 다양한 주류와 어울리는 안주를 제공합니다. 건대입구역 인근에서 분위기 좋은 데이트 장소 및 친구, 소개팅, 기념일 모임에 적합한 공간입니다. 일본식 정식(테이쇼쿠)과 시그니처 메뉴인 차돌박이참깨나베, 생연어 모둠 사시미 등 다양한 일식 메뉴를 즐길 수 있습니다.",
  "metadata": {
    "budget_range": "중",
    "spicy_available": "O",
    "vegetarian_options": "X",
    "main_ingredients_list": [
      "어류",
      "육류",
      "조류"
    ],
    "low_level_category": "이자카야",
    "suitable_for": [
      "데이트",
      "소개팅",
      "친구모임",
      "기념일",
      "분위기 좋은"
    ],
    "food_type_list": [
      "밥류",
      "해산물류",
      "국물류",
      "고기류",
      "기타"
    ],
    "temperature_list": [
      "상",
      "생",
      "온"
    ],
    "high_level_category": "일식"
  }
}