{
  "id": 36717,
  "store_name": "이태원불꽃",
  "llm_summary": "이태원불꽃은 서울 용산구 보광로에 위치한 중식주점 및 일반중식 레스토랑으로, 다양한 주류와 중화요리를 함께 즐길 수 있는 곳입니다. 대표 인기 메뉴로는 바삭하고 쫀득한 식감에 달콤하고 새콤한 소스가 어우러진 궈바로우가 있으며, 가볍게 즐길 수 있는 아삭한 오이무침과 예약이 필수인 베이징 닭도 추천 메뉴입니다. 메뉴는 오이무침, 향유비빔면, 온면, 마라온면, 마라떡볶이, 궈바로우, 베이징닭 등 다양하며, 가격대는 5,000원부터 37,000원까지입니다. 마라온면은 매운 음식으로 분류됩니다. 가게는 월요일과 목요일부터 일요일까지 12시부터 22시까지 영업하며, 화요일과 수요일은 휴무입니다. 브레이크타임은 15시부터 17시까지이고, 마지막 주문은 21시에 받습니다. 2022년 3월 1일 개업했습니다. 분위기는 다양한 주류와 중화요리를 즐길 수 있는 캐주얼한 중식주점 느낌입니다.",
  "rag_text": "다양한 주류와 중화요리를 함께 즐길 수 있는 중식주점으로, 바삭하고 쫀득한 궈바로우와 새콤한 오이무침이 인기 메뉴입니다. 편안하고 캐주얼한 분위기에서 가볍게 안주를 즐기기에 적합하며, 예약 필수인 베이징 닭도 추천합니다. 한식 테마의 면류, 고기류, 기타 메뉴를 제공하는 중식당입니다.",
  "metadata": {
    "budget_range": "중",
    "spicy_available": "O",
    "vegetarian_options": "X",
    "main_ingredients_list": [
      "기타",
      "육류",
      "조류"
    ],
    "low_level_category": "중식주점, 일반중식",
    "suitable_for": [],
    "food_type_list": [
      "기타",
      "면류",
      "디저트류",
      "고기류"
    ],
    "temperature_list": [
      "온",
      "상"
    ],
    "high_level_category": "중식"
  }
}