{
  "id": 36740,
  "store_name": "미소",
  "llm_summary": "미소는 서울 노원구 공릉동에 위치한 블랙톤으로 깔끔하게 꾸민 이자카야입니다. 해산물 위주의 일본 요리와 다양한 주류를 즐길 수 있으며, 특히 모둠사시미와 사바이소베마키가 인기 메뉴입니다. 그 외에도 국물요리인 모츠나베, 바지락사카무시 등 다양한 온도와 재료의 메뉴를 갖추고 있어 술 한잔하기 좋은 분위기를 제공합니다. 메뉴 가격대는 16,000원에서 42,000원 사이이며, 육류, 어류, 패류를 주재료로 한 다양한 일식 요리를 경험할 수 있습니다. 월요일부터 토요일까지 오후 5시부터 다음날 새벽 1시까지 영업하며, 일요일은 휴무입니다. 카운터 석이 마련되어 있어 혼자 방문하기에도 적합한 이자카야입니다.",
  "rag_text": "블랙톤으로 깔끔하게 꾸민 이자카야로, 해산물 위주의 일본 요리와 다양한 사케 및 주류 리스트를 갖추고 있습니다. 모둠사시미, 사바이소베마키 등 신선한 해산물 메뉴가 인기이며, 국물요리와 튀김요리도 구비되어 있어 술과 함께 즐기기 좋은 분위기입니다. 깔끔하고 세련된 인테리어로 혼술이나 소규모 모임에 적합한 공간을 제공합니다.",
  "metadata": {
    "budget_range": "중",
    "spicy_available": "X",
    "vegetarian_options": "X",
    "main_ingredients_list": [
      "육류",
      "어류",
      "패류"
    ],
    "low_level_category": "이자카야",
    "suitable_for": [
      "혼술",
      "소규모 모임",
      "깔끔한 분위기",
      "술자리"
    ],
    "food_type_list": [
      "기타",
      "고기류",
      "해산물류",
      "국물류"
    ],
    "temperature_list": [
      "상",
      "온",
      "생"
    ],
    "high_level_category": "일식"
  }
}