{
  "id": 36783,
  "store_name": "아쿠아가든카페(롯데월드몰점)",
  "llm_summary": "아쿠아가든카페(롯데월드몰점)은 서울 송파구 롯데월드몰 지하1층에 위치한 체험카페로, 수조에서 헤엄치는 물고기를 바라보며 음료와 간단한 디저트를 즐길 수 있는 아쿠아리움 카페입니다. 이곳은 색다른 경험을 원하는 방문객에게 추천할 만한 장소입니다. 메뉴로는 에스프레소(6,500원), 아메리카노(9,000원), 카페라테(9,000원), 카푸치노(9,000원), 바닐라빈라테(10,000원), 아쿠아요거트스무디(10,500원), 그리고 아쿠아스노우(22,000원) 등이 있으며, 음료와 디저트류를 주로 제공합니다. 영업시간은 매일 10:30부터 22:00까지이며 연중무휴입니다. 매장 분위기는 수조 속 물고기를 감상하며 편안히 쉴 수 있는 공간으로, 특별한 경험을 원하는 고객에게 적합합니다. 공식 인스타그램(@aquagarden_korea)을 통해 추가 정보를 확인할 수 있습니다. 현재 블루리본 평가나 독자 리뷰는 등록되어 있지 않습니다.",
  "rag_text": "수조에서 헤엄치는 물고기를 바라보며 음료와 간단한 디저트를 즐길 수 있는 아쿠아리움 체험카페로, 색다른 경험과 편안한 분위기를 제공합니다. 다양한 온도의 음료와 디저트류를 갖추고 있으며, 특별한 공간에서 휴식을 원하는 방문객에게 적합합니다.",
  "metadata": {
    "budget_range": "중",
    "spicy_available": "X",
    "vegetarian_options": "X",
    "main_ingredients_list": [
      "기타"
    ],
    "low_level_category": "체험카페",
    "suitable_for": [],
    "food_type_list": [
      "음료",
      "디저트류"
    ],
    "temperature_list": [
      "온",
      "상",
      "냉"
    ],
    "high_level_category": "기타"
  }
}