{
  "id": 36795,
  "store_name": "이문동커피집크럼블로스터스",
  "llm_summary": "이문동커피집크럼블로스터스는 서울 동대문구 이문동에 위치한 아늑한 분위기의 카페입니다. 이곳의 대표 메뉴로는 아이스그것과 옥수수 알갱이를 넣고 옥수수 크림을 얹은 보약 옥수수 라테가 인기입니다. 디저트로는 미트파이, 옥수수 파이, 쿠키, 에그타르트 등이 준비되어 있으며, 커피 메뉴로는 에스프레소, 아메리카노, 라테, 핸드드립커피 등이 있습니다. 가격대는 2,300원부터 5,500원 사이로 합리적이며, 메뉴 대부분은 맵지 않고 다양한 음료와 디저트류를 제공합니다. 2019년 8월 19일에 개업하였으며, 월~금요일은 11시부터 19시까지, 주말은 12시부터 17시까지 운영하고 연중 무휴입니다. 인스타그램 계정도 운영 중입니다. 블루리본 서베이에서는 레드리본이나 서울 2025 선정에는 포함되어 있지 않으나, 편안하고 조용한 분위기에서 다양한 커피와 디저트를 즐길 수 있는 카페로 소개되고 있습니다.",
  "rag_text": "아늑한 분위기의 카페로, 아이스그것과 보약 옥수수 라테가 인기 메뉴입니다. 옥수수 알갱이를 넣은 라테에 옥수수 크림이 얹혀진 독특한 음료와 다양한 파이, 쿠키, 에그타르트 등 디저트류를 선보입니다. 편안하고 조용한 분위기에서 커피와 디저트를 즐길 수 있는 공간입니다.",
  "metadata": {
    "budget_range": "저",
    "spicy_available": "X",
    "vegetarian_options": "X",
    "main_ingredients_list": [
      "기타"
    ],
    "low_level_category": "카페",
    "suitable_for": [
      "아늑한",
      "조용한"
    ],
    "food_type_list": [
      "음료",
      "디저트류"
    ],
    "temperature_list": [
      "기타"
    ],
    "high_level_category": "기타"
  }
}