{
  "id": 36828,
  "store_name": "라운지희움",
  "llm_summary": "라운지희움은 서울 강남구 역삼동에 위치한 갤러리 카페로, 예술 작품을 감상하며 코스로 음료를 즐길 수 있는 체험형 카페입니다. 대표 메뉴인 아트브루 오마카세는 독창적이고 색다른 음료를 다채롭게 제공하며, 각 음료는 예술 작품에서 영감을 받아 각각 다른 의미를 담고 있습니다. 메뉴는 에스프레소, 아메리카노, 크렘에스프레소, 카페실드스마일, 아트브루오마카세 등으로 구성되어 있으며, 가격대는 4,500원부터 40,000원까지 다양합니다. 영업시간은 화요일부터 토요일까지 12:00부터 20:00까지이며, 18:00부터 19:00까지는 브레이크 타임이고, 매주 월요일과 일요일은 휴무입니다. 2023년 8월 1일에 개업했으며, 현재까지 등록된 독자 리뷰는 없습니다. 전반적으로 예술과 음료가 조화를 이루는 특별한 경험을 제공하는 공간입니다.",
  "rag_text": "예술 작품을 감상하며 코스로 음료를 즐길 수 있는 갤러리 카페. 아트브루 오마카세는 독창적이고 색다른 음료를 다채롭게 맛볼 수 있으며, 각각의 음료가 다른 의미를 함의하고 있다. 체험카페, 카페, 기타 테마 음료를 제공하는 공간으로 예술과 음료의 융합을 추구한다.",
  "metadata": {
    "budget_range": "중",
    "spicy_available": "X",
    "vegetarian_options": "X",
    "main_ingredients_list": [
      "기타"
    ],
    "low_level_category": "체험카페, 카페",
    "suitable_for": [],
    "food_type_list": [
      "음료",
      "기타"
    ],
    "temperature_list": [
      "온",
      "상"
    ],
    "high_level_category": "기타"
  }
}