{
  "id": 37002,
  "store_name": "삼산회관(양재역점)",
  "llm_summary": "삼산회관(양재역점)은 서울 서초구 양재동에 위치한 김치찜과 김치찌개 전문 한식당입니다. 이곳은 100일 동안 숙성한 국내산 김치와 150시간 저온 숙성한 HACCP 인증 무항생제 국내산 돼지고기를 사용하여 만든 돼지 김치 구이와 돼지 김치찌개가 대표 메뉴입니다. 돼지 김치 구이에는 눈꽃 치즈, 두부, 우동 사리 등을 추가해 다양한 맛을 즐길 수 있으며, 기본 반찬은 셀프 바에서 제공합니다. 노포 컨셉의 정겨운 분위기로 단체 회식이나 가족 외식에 적합하며, 포장과 배달 서비스도 지원합니다. 메뉴로는 옥수수전, 감자볼튀김, 등심돈가스, 계란말이, 김치전, 해물파전 등이 있으며, 가격대는 3,000원부터 41,000원 사이로 다양합니다. 돼지김치구이는 소, 중, 대 사이즈로 나누어져 있으며, 일부 메뉴는 매운맛을 포함합니다. 영업시간은 월~일 11:00~23:00이며, 브레이크 타임은 15:00~16:00입니다. 2023년 4월에 개업한 신뢰할 수 있는 맛집으로, 이수지 씨가 인정한 대한민국 No.1 김치요리 맛집으로 알려져 있습니다.",
  "rag_text": "삼산회관(양재역점)은 100일 숙성한 김치와 150시간 숙성한 돼지고기로 만든 김치찌개와 돼지김치구이가 유명한 한식 전문점입니다. 노포 컨셉의 정겨운 고깃집 분위기로 단체 회식, 가족 외식에 적합하며, 할머니의 따뜻한 손맛과 푸짐한 인심이 돋보입니다. 메뉴는 한식 중심이며, 매운맛이 가미된 돼지김치찌개와 돼지김치구이를 포함해 다양한 전류와 고기류를 제공합니다. 셀프 바에서 기본 반찬을 준비하고, 포장 및 배달 서비스도 가능합니다. 편안하고 소울푸드 같은 전통적인 한식 맛집으로, 따뜻하고 정성스러운 분위기를 자랑합니다.",
  "metadata": {
    "budget_range": "중",
    "spicy_available": "O",
    "vegetarian_options": "O",
    "main_ingredients_list": [
      "기타",
      "육류",
      "어류"
    ],
    "low_level_category": "김치찜, 김치찌개",
    "suitable_for": [
      "단체 회식",
      "가족 외식",
      "편안한 분위기",
      "전통적인",
      "포장 가능",
      "배달 가능"
    ],
    "food_type_list": [
      "기타",
      "디저트류",
      "고기류",
      "국물류"
    ],
    "temperature_list": [
      "온",
      "상"
    ],
    "high_level_category": "한식"
  }
}