{
  "id": 37043,
  "store_name": "오늘통닭(신촌직영점)",
  "llm_summary": "오늘통닭(신촌직영점)은 서울 서대문구 연세로11길 8 창천동에 위치한 통닭 전문점으로, 3층 건물에 자리해 공간이 넓고 쾌적한 환경을 제공합니다. 2012년 5월 10일 개업한 이 매장은 47년 비법의 마늘 숙성 레시피를 바탕으로 모든 소스와 메뉴를 직접 개발하며, 수유 본점과 함께 직영으로 운영되고 있습니다. 신촌 먹거리 골목에 위치하여 국내외 많은 고객들이 방문하고 있으며, 옛날식 기본통닭, 마늘통닭, 콘치즈 폭탄 통닭 등 다양한 메뉴를 제공합니다. 대표 메뉴로는 오늘통닭1977, 마늘통닭1984, 로제치킨2021, 콘치즈폭탄2010이 있으며, 각 메뉴는 M과 L 두 가지 사이즈로 판매됩니다. 매장은 월요일부터 일요일까지 오전 11시부터 다음날 새벽 2시까지 연중무휴로 운영됩니다. 메뉴 가격대는 9,900원에서 22,900원 사이이며, 매운맛 옵션도 일부 메뉴에서 선택할 수 있습니다. 오늘통닭은 통째로 두 번 튀긴 닭을 제공하는 것이 특징이며, 편안한 분위기 속에서 전통적인 한식 치킨을 즐길 수 있는 곳입니다.",
  "rag_text": "통째로 두 번 튀긴 닭을 맛볼 수 있는 오늘통닭 신촌직영점은 넓은 3층 공간에서 옛날식 기본통닭, 마늘통닭, 콘치즈 폭탄 통닭 등 다양한 한식 치킨 메뉴를 제공합니다. 47년 비법 마늘 숙성 레시피로 직접 개발한 소스와 메뉴가 특징이며, 신촌 먹거리 골목에 위치해 국내외 고객들에게 사랑받고 있습니다. 편안하고 캐주얼한 분위기의 한식 치킨 전문점입니다.",
  "metadata": {
    "budget_range": "중",
    "spicy_available": "O",
    "vegetarian_options": "X",
    "main_ingredients_list": [
      "조류"
    ],
    "low_level_category": "통닭, 프라이드치킨",
    "suitable_for": [
      "가족모임",
      "캐주얼"
    ],
    "food_type_list": [
      "고기류"
    ],
    "temperature_list": [
      "온"
    ],
    "high_level_category": "한식"
  }
}