{
  "id": 37055,
  "store_name": "달봉제과점",
  "llm_summary": "달봉제과점은 서울 관악구 봉천동에 위치한 디저트 전문 카페로, 케이크, 푸딩, 티그레 등 다양한 디저트를 즐길 수 있습니다. 특히 말차티그레와 소금 초코피낭시에가 인기이며, 바나나 푸딩도 많은 사랑을 받고 있습니다. 시그니처 음료인 달봉라테는 버터크림이 얹어진 특별한 라테로 매장의 대표 메뉴입니다. 내부는 우드톤을 활용해 아늑한 분위기로 꾸며져 있어 편안한 시간을 보내기에 적합합니다. 메뉴는 치즈 스콘, 고르곤졸라 티그레, 아메리카노, 에그타르트, 초코, 말차, 당근 케이크 등 가격대는 3,200원에서 7,000원 사이로 다양하게 구성되어 있습니다. 매장은 월요일과 수요일부터 일요일까지 오전 11시부터 오후 9시까지 운영하며, 매주 화요일은 휴무입니다. 주차 공간은 협소하니 참고가 필요합니다. 2023년 4월 12일에 개업하였으며, 인스타그램(dalbongbakeshop)에서도 소식을 확인할 수 있습니다. 전체적으로 디저트와 음료를 중심으로 한 카페로, 맛과 분위기 모두 아늑하고 편안한 경험을 제공합니다.",
  "rag_text": "달봉제과점은 케이크, 푸딩, 티그레 등 다양한 디저트를 제공하는 디저트 전문점으로, 말차티그레와 소금 초코피낭시에, 바나나 푸딩이 인기 메뉴입니다. 시그니처 음료인 버터크림이 얹어진 달봉라테가 특징이며, 매장 내부는 우드톤 인테리어로 아늑하고 편안한 분위기를 자아냅니다. 다양한 디저트와 음료를 즐길 수 있는 카페로, 편안하고 따뜻한 분위기에서 디저트를 즐기기에 적합합니다.",
  "metadata": {
    "budget_range": "중",
    "spicy_available": "X",
    "vegetarian_options": "X",
    "main_ingredients_list": [
      "기타"
    ],
    "low_level_category": "디저트전문점",
    "suitable_for": [
      "아늑한",
      "편안한"
    ],
    "food_type_list": [
      "디저트류",
      "음료"
    ],
    "temperature_list": [
      "상",
      "온"
    ],
    "high_level_category": "디저트류"
  }
}