{
  "id": 37079,
  "store_name": "오파티세리",
  "llm_summary": "오파티세리는 서울 은평구 역촌동에 위치한 페이스트리 전문 베이커리로, 전문 파티시에가 직접 반죽하여 겹겹이 쌓아 만드는 다양한 크루아상과 팽오쇼콜라, 팽오스위스, 바스크치즈케이크 등을 제공합니다. 또한 커피와 음료도 함께 주문할 수 있어 디저트와 음료를 동시에 즐길 수 있는 곳입니다. 메뉴 가격은 3,500원에서 6,500원 사이로 합리적인 편이며, 대표 메뉴로 크루아상(4,000원), 팽오쇼콜라(4,500원), 바스크치즈케이크(6,500원), 아메리카노(3,500원), 라테(4,000원) 등이 있습니다. 영업시간은 월요일, 수요일부터 일요일까지 오전 10시부터 오후 9시까지이며, 매주 화요일은 휴무입니다. 가게는 2022년 4월 22일에 개업하였고, 인스타그램을 통해서도 소식을 확인할 수 있습니다. 현재까지 독자 리뷰는 등록되어 있지 않으나, 블루리본 Pick으로 선정되어 신뢰할 수 있는 베이커리임을 알 수 있습니다.",
  "rag_text": "전문 파티시에가 직접 반죽하여 겹겹이 쌓아 만드는 페이스트리 전문 베이커리로, 다양한 크루아상과 팽오쇼콜라, 팽오스위스, 바스크치즈케이크를 제공하며, 커피와 음료도 함께 주문 가능하다. 디저트류와 음료를 중심으로 한 카페 분위기의 베이커리이다.",
  "metadata": {
    "budget_range": "중",
    "spicy_available": "X",
    "vegetarian_options": "X",
    "main_ingredients_list": [
      "기타"
    ],
    "low_level_category": "크루아상, 베이커리",
    "suitable_for": [],
    "food_type_list": [
      "디저트류",
      "음료"
    ],
    "temperature_list": [
      "기타"
    ],
    "high_level_category": "디저트류"
  }
}