{
  "id": 37096,
  "store_name": "크렘크럼블",
  "llm_summary": "크렘크럼블은 서울 강남구 신사동에 위치한 아기자기한 분위기의 쿠키 전문 카페입니다. 대표 메뉴로는 크렘브륄레쿠키와 브라운초코칩쿠키가 있으며, 이외에도 로투스크림쿠키, 피스타치오쿠키 등 다양한 맛의 쿠키를 직접 만들어 제공합니다. 쿠키는 큼지막하고 재료를 풍부하게 넣은 스타일로 인기가 높습니다. 음료 메뉴로 아메리카노, 카페라테, 쿠키초코라테 등이 있으며, 가격대는 4,500원에서 6,000원 사이로 형성되어 있습니다. 매장은 2021년 3월 개업했으며, 화요일부터 일요일까지 12시부터 20시까지 영업하고 매주 월요일과 격주 일요일, 월요일은 휴무입니다. 인스타그램(@cremecrumble_cookie)을 통해서도 소식을 접할 수 있습니다. 전체적으로 쿠키와 음료를 즐길 수 있는 편안하고 아기자기한 분위기의 디저트 카페입니다.",
  "rag_text": "직접 만든 다양한 맛의 쿠키를 맛볼 수 있는 아기자기한 분위기의 카페로, 크렘브륄레쿠키와 브라운초코칩쿠키가 인기입니다. 쿠키는 큼지막하고 재료를 많이 넣은 스타일이며, 디저트류와 음료를 주로 제공합니다. 편안하고 아기자기한 분위기에서 다양한 쿠키와 음료를 즐길 수 있는 쿠키 전문 카페입니다.",
  "metadata": {
    "budget_range": "중",
    "spicy_available": "X",
    "vegetarian_options": "X",
    "main_ingredients_list": [
      "기타"
    ],
    "low_level_category": "쿠키",
    "suitable_for": [],
    "food_type_list": [
      "디저트류",
      "음료"
    ],
    "temperature_list": [
      "상",
      "기타"
    ],
    "high_level_category": "디저트류"
  }
}