{
  "id": 37151,
  "store_name": "목동백년국수",
  "llm_summary": "목동백년국수는 서울 양천구 신정동에 위치한 합리적인 가격대의 한식 면류 전문점으로, 잔치국수와 수제비를 주력 메뉴로 제공합니다. 수제비는 맑은 육수와 얼큰한 육수 중 선택이 가능하며, 코다리 비빔국수와 비빔냉면도 인기 메뉴입니다. 사이드 메뉴로는 만두와 꼬마김밥이 있어 다양한 선택이 가능합니다. 메뉴는 6,000원에서 9,000원 사이로 가격이 합리적이며, 돼지불고기 등 고기류 메뉴도 준비되어 있습니다. 2021년 7월에 개업했으며, 월~토요일 10:00~19:30 영업, 일요일과 비정기 휴무가 있습니다. 신서고등학교 공영주차장을 이용할 수 있고, 레드리본 선정 및 서울 2025 맛집으로 인증받아 신뢰도 높은 맛집입니다. 인스타그램(@100years_noodles)도 운영 중입니다.",
  "rag_text": "목동백년국수는 레드리본 선정과 서울 2025 맛집으로 인증된 한식 면류 전문점입니다. 합리적인 가격에 잔치국수, 수제비, 코다리 비빔국수, 비빔냉면 등 다양한 한식 메뉴를 제공하며, 얼큰한 육수 선택과 매콤한 비빔국수 메뉴가 특징입니다. 사이드로 만두와 꼬마김밥도 함께 즐길 수 있어 가성비 좋은 한식 면 요리 전문점입니다.",
  "metadata": {
    "budget_range": "중",
    "spicy_available": "O",
    "vegetarian_options": "X",
    "main_ingredients_list": [
      "기타",
      "어류",
      "육류"
    ],
    "low_level_category": "비빔국수, 잔치국수, 수제비",
    "suitable_for": [
      "가성비",
      "레드리본 선정",
      "서울 2025 선정"
    ],
    "food_type_list": [
      "면류",
      "밥류",
      "고기류"
    ],
    "temperature_list": [
      "온",
      "상",
      "냉"
    ],
    "high_level_category": "한식"
  }
}