{
  "id": 37184,
  "store_name": "커피나인(가산디지털점)",
  "llm_summary": "커피나인(가산디지털점)은 김진구 바리스타가 운영하는 스페셜티 커피 전문점으로, 서울 금천구 가산동 갑을그레이트밸리에 위치해 있습니다. 이 카페는 에스프레소에 바나나 퓌레를 첨가한 뉴기니 바나나 카페라테, 딸기 퓌레와 에스프레소가 어우러진 프레즈 딸기 카페라테 등 과일과 조합된 다양한 카페라테 메뉴가 특징입니다. 또한 묵직하고 진한 초콜릿향의 명동원두, 고소하고 산미있는 코리아나원두, 디카페인 원두를 매일 로스팅하여 합리적인 가격에 제공합니다. 명동크림프레소, 나인슈페너, 나인라떼 등 크림을 강조한 시그니처 메뉴도 인기가 높습니다. 메뉴 가격대는 2,900원에서 5,900원 사이이며, 에스프레소, 바닐라라테, 뉴기니바나나카페라테, 프레즈딸기카페라, 나인라테 등 온음료 위주로 구성되어 있습니다. 영업시간은 매일 오전 7시부터 오후 4시까지이며, 공휴일은 휴무입니다. 전체적으로 합리적인 가격에 국가대표 바리스타의 고품질 커피를 즐길 수 있는 커피전문점입니다.",
  "rag_text": "김진구 바리스타가 운영하는 스페셜티 커피 전문점으로 과일과 조합된 창의적인 카페라테와 크림을 강조한 시그니처 음료들이 특징입니다. 묵직하고 진한 초콜릿향의 명동원두, 고소하고 산미있는 코리아나원두, 디카페인 원두를 매일 로스팅하여 신선한 커피를 제공합니다. 합리적인 가격대의 커피전문점으로 다양한 온음료를 즐길 수 있으며, 크림맛집으로도 유명합니다.",
  "metadata": {
    "budget_range": "저",
    "spicy_available": "X",
    "vegetarian_options": "X",
    "main_ingredients_list": [
      "기타"
    ],
    "low_level_category": "커피전문점",
    "suitable_for": [],
    "food_type_list": [
      "음료"
    ],
    "temperature_list": [
      "온",
      "상"
    ],
    "high_level_category": "기타"
  }
}