{
  "id": 37203,
  "store_name": "젠틀키친",
  "llm_summary": "젠틀키친은 서울 마포구 연남동에 위치한 양식 레스토랑으로, 한식 식재료를 창의적으로 접목한 파스타와 리조토를 선보입니다. 이탈리아 재료와 된장을 조합한 된장 파스타, 구운 닭 다리 살과 유자 소스를 곁들인 리조토 곤디팡팡, 구운 관자가 올라간 매생이 리조토 등이 대표 메뉴입니다. 또한 크림새우와 갓김치를 함께 즐기는 갓새우 메뉴도 추천됩니다. 메뉴는 갓새우, 꾸덕이크림파스타, 곤디팡팡, 매생이리조토, 판체타된장파스타, 화이트라구파스타, 봉골레파스타, 살치살스테이크 등 다양하며 가격대는 14,000원부터 34,000원까지 형성되어 있습니다. 영업시간은 매일 11:30부터 다음날 24:00까지이며, 연중 무휴로 운영됩니다. 젠틀키친은 2023년 12월 6일에 개업했으며, 공영주차장을 이용할 수 있습니다. 공식 인스타그램 계정도 운영 중입니다. 현재까지 독자 리뷰는 등록되지 않았으나, 한식 식재료와 양식의 조화로운 융합으로 창의적인 음식을 제공하는 점이 특징입니다.",
  "rag_text": "한식 식재료를 활용한 창의적인 양식 레스토랑으로, 된장 파스타, 유자 소스 리조토, 매생이 리조토 등 독특한 메뉴가 돋보입니다. 신선한 해산물과 육류를 사용하며, 고급스럽고 세련된 분위기에서 다양한 파스타와 스테이크를 즐길 수 있습니다. 젠틀키친은 전통 한식 재료와 이탈리아 요리법의 조화로 차별화된 맛을 선사하는 곳입니다.",
  "metadata": {
    "budget_range": "중",
    "spicy_available": "X",
    "vegetarian_options": "X",
    "main_ingredients_list": [
      "패류",
      "기타",
      "육류"
    ],
    "low_level_category": "양식",
    "suitable_for": [],
    "food_type_list": [
      "해산물류",
      "면류",
      "기타",
      "밥류",
      "고기류"
    ],
    "temperature_list": [
      "생",
      "온"
    ],
    "high_level_category": "양식"
  }
}