{
  "id": 37281,
  "store_name": "후룹로스터스",
  "llm_summary": "후룹로스터스는 서울 강서구 마곡동에 위치한 호주식 커피 전문 카페로, 직접 로스팅한 커피를 제공합니다. 시그니처 메뉴는 우유를 적게 넣고 아이스크림을 올린 호주 스타일 아이스커피인 라테이며, 아이스크림을 약간 녹여 휘저어 먹는 것이 추천됩니다. 또한, 플랫화이트 위에 생크림을 올린 아인슈페너, 배치브루 커피, 유자공원, 서울식물원 등 다양한 티 베리에이션과 마곡너츠 같은 디저트도 인기 메뉴입니다. 메뉴 가격대는 3,500원부터 6,000원 사이로 합리적이며, 커피, 음료, 디저트류 등 다양한 음료와 디저트를 제공합니다. 영업시간은 월요일부터 토요일까지 오전 7시 30분부터 오후 6시까지이며, 일요일은 휴무입니다. 2020년 11월 개업하였고, 공식 인스타그램 계정도 운영 중입니다. 독자 리뷰는 아직 등록되지 않았습니다.",
  "rag_text": "로스팅을 직접 하는 호주식 커피 전문 카페로, 우유를 적게 넣고 아이스크림을 올린 라테인 호주 스타일 아이스커피가 시그니처 메뉴입니다. 아인슈페너는 플랫화이트 위에 생크림을 올려 제공되며, 배치브루 커피와 유자공원, 서울식물원 등 다양한 티 베리에이션과 마곡너츠 같은 디저트류도 추천 메뉴입니다. 편안하고 전문적인 커피 경험을 제공하는 카페입니다.",
  "metadata": {
    "budget_range": "저",
    "spicy_available": "X",
    "vegetarian_options": "X",
    "main_ingredients_list": [
      "기타"
    ],
    "low_level_category": "카페",
    "suitable_for": [],
    "food_type_list": [
      "음료",
      "디저트류",
      "기타"
    ],
    "temperature_list": [
      "상",
      "온"
    ],
    "high_level_category": "기타"
  }
}