{
  "id": 37346,
  "store_name": "카이센동우니도",
  "llm_summary": "카이센동우니도는 서울 강남구 신사동에 위치한 카이센동 전문점으로, 사케동, 방어동, 우니도카이센동 등 신선한 해산물을 활용한 다양한 덮밥 메뉴를 제공합니다. 대표 메뉴인 모둠 해산물 덮밥은 참다랑어, 제철회, 찐전복, 생연어, 단새우, 대광어, 민물장어, 가리비 등 18종류의 해산물을 풍성하게 맛볼 수 있습니다. 메뉴는 생생사케동, 생연어+명란네기토로, 히사호동, 아부리돈부리, 카이센동, 우니도카이센동 등으로 구성되어 있으며, 가격대는 18,000원부터 38,000원까지 다양합니다. 모든 메뉴는 주로 생선류를 주재료로 하며, 맵지 않은 음식이 특징입니다. 예약은 받지 않고, 연중무휴로 운영되며 영업시간은 오전 11시 30분부터 오후 9시까지, 3시부터 5시까지는 브레이크 타임입니다. 카운터 좌석이 마련되어 있어 혼밥이나 소규모 방문에 적합합니다. 블루리본 Pick에 선정된 바 있으며, 고객 리뷰는 아직 등록되어 있지 않습니다.",
  "rag_text": "카이센동 전문점으로 신선한 사케동, 방어동, 우니도카이센동 등 다양한 해산물 덮밥을 제공합니다. 참다랑어, 제철회, 찐전복, 생연어, 단새우, 대광어, 민물장어, 가리비 등 18종류 해산물을 사용하며, 전통적인 일본식 해산물 덮밥을 중심으로 한 일식 전문점입니다. 조용하고 캐주얼한 분위기의 카운터 석이 있어 혼자 또는 소규모 모임에 적합합니다.",
  "metadata": {
    "budget_range": "중",
    "spicy_available": "X",
    "vegetarian_options": "X",
    "main_ingredients_list": [
      "어류"
    ],
    "low_level_category": "카이센동",
    "suitable_for": [
      "혼밥",
      "소규모모임",
      "캐주얼",
      "전통일식"
    ],
    "food_type_list": [
      "밥류",
      "해산물류"
    ],
    "temperature_list": [
      "생",
      "온"
    ],
    "high_level_category": "일식"
  }
}