{
  "id": 37350,
  "store_name": "보글보글부대찌개",
  "llm_summary": "보글보글부대찌개는 서울 영등포구 여의도동 맨하탄빌딩(구)여의도백화점 지하1층에 위치한 부대찌개 전문 한식당입니다. 부대찌개와 부대볶음을 부담 없는 가격에 제공하며, 공기밥은 무제한으로 제공됩니다. 부대찌개에는 5가지 종류의 햄, 당면, 라면, 치즈가 들어가고, 햄과 라면 사리를 추가 주문할 수 있습니다. 기본 반찬으로 단무지와 백김치가 제공되며 매장 내부는 깔끔한 편입니다. 메뉴로는 부대찌개(₩11,000), 부대볶음(₩13,500), 모차렐라부대볶음(₩15,500), 스팸달걀(중 ₩12,000, 대 ₩19,000)이 있습니다. 부대볶음은 전국 어느 맛집과 비교해도 맛과 비주얼에서 최고임을 자부하며, 모짜렐라치즈를 좋아하는 분들께 모짜렐라부대볶음을 추천합니다. 저녁에는 안주로 스팸과 소세지, 계란이 듬뿍 들어간 스팸계란 메뉴가 인기가 많습니다. 영업시간은 월~금요일 10:30~21:00(브레이크타임 15:00~17:00), 매주 토요일과 일요일은 휴무이며, 여의도백화점 지하 상가 유료 주차 시 주차권 1천원 지원이 가능합니다. 2018년 8월 1일 개업하였으며, 여의도 지역을 넘어 전국 맛집으로 자리잡기 위해 노력하는 곳입니다.",
  "rag_text": "부대찌개 전문 한식당으로, 부담 없는 가격에 부대찌개와 부대볶음을 제공하며 공기밥 무제한 서비스가 특징입니다. 깔끔한 매장 내부와 기본 반찬인 단무지와 백김치가 제공됩니다. 엄선된 햄과 깊은 육수가 어우러진 차별화된 부대찌개와 전국적으로 인정받는 부대볶음, 모짜렐라치즈가 어우러진 모짜렐라부대볶음, 저녁 안주로 인기 있는 스팸달걀 메뉴가 있습니다. 여의도 지역 맛집으로서 가성비 좋은 한식 부대찌개 전문점입니다.",
  "metadata": {
    "budget_range": "중",
    "spicy_available": "O",
    "vegetarian_options": "X",
    "main_ingredients_list": [
      "기타",
      "육류"
    ],
    "low_level_category": "부대찌개",
    "suitable_for": [
      "가성비"
    ],
    "food_type_list": [
      "국물류",
      "고기류"
    ],
    "temperature_list": [
      "온"
    ],
    "high_level_category": "한식"
  }
}