{
  "id": 37468,
  "store_name": "스시도쿠카미동(왕십리본점)",
  "llm_summary": "스시도쿠카미동(왕십리본점)은 서울 성동구 왕십리로 295에 위치한 카이센동 전문 일식당입니다. 다시마 숙성과 저온 숙성을 거친 신선한 네타를 올린 카이센동을 주문 즉시 조리하여 제공하며, 제철 활어와 연어, 우니 등을 주재료로 사용합니다. 대표 메뉴로는 육회동, 지라시카미동단품, 아부리동, 사케동, 카미동특정식, 오도로우니동, 천하제일우니동 등이 있으며, 가격대는 14,900원부터 45,900원까지 다양합니다. 모든 메뉴는 맵지 않으며, 주로 어류와 일부 패류가 사용됩니다. 지라시 카미동과 튀김, 하이볼을 함께 곁들여 먹는 것을 추천합니다. 2021년 11월 10일에 개업하였고, 월요일부터 일요일까지 영업하며 명절 당일은 휴무입니다. 블루리본 Pick에 선정된 바 있으며, 프리미엄 검색 서비스에서 상세 정보를 확인할 수 있습니다. 현재 등록된 독자 리뷰는 없으나, 방문 후 평가 및 제보가 가능합니다.",
  "rag_text": "스시도쿠카미동(왕십리본점)은 다시마 숙성과 저온 숙성을 거친 신선한 네타를 올린 카이센동 전문 일식당입니다. 제철 활어, 연어, 우니 등 고급 해산물을 사용하며 주문 즉시 조리하는 것이 특징입니다. 편안한 분위기에서 지라시 카미동과 튀김, 하이볼을 함께 즐길 수 있는 곳입니다. 일식 테마로 신선하고 정성스러운 해산물 요리를 제공합니다.",
  "metadata": {
    "budget_range": "중",
    "spicy_available": "X",
    "vegetarian_options": "X",
    "main_ingredients_list": [
      "어류",
      "패류"
    ],
    "low_level_category": "카이센동",
    "suitable_for": [],
    "food_type_list": [
      "밥류"
    ],
    "temperature_list": [
      "온",
      "상"
    ],
    "high_level_category": "일식"
  }
}