{
  "id": 37583,
  "store_name": "퀴바라",
  "llm_summary": "퀴바라는 서울 성동구 성수동1가에 위치한 분위기 좋은 와인바로, 테이블 곳곳에 생화를 놓고 은은한 조명으로 감각적인 인테리어를 자랑합니다. 대표 메뉴로는 파리지앵 뇨키와 블루치즈, 트러플 파테와 버섯 파스타, 도미구이 베흐블랑 등이 있으며, 화이트 와인과 잘 어울리는 구운 관자와 오렌지 또한 추천 메뉴입니다. 메뉴는 해산물류, 고기류, 면류, 디저트류 등 다양한 카테고리로 구성되어 있으며, 모든 요리는 맵지 않고 온도는 주로 따뜻한 상태로 제공됩니다. 영업시간은 화~수요일 17:00~23:00, 목~일요일 12:00~23:00(브레이크타임 15:00~17:00)이며, 매주 월요일은 휴무입니다. 2020년 7월 6일에 개업하였고, 공식 인스타그램도 운영 중입니다. 가격대는 18,000원부터 32,000원 사이로 중상급 편에 속합니다. 현재 등록된 리뷰는 없으나, 고급스러운 와인바 분위기와 독특한 메뉴 조합으로 특별한 외식 경험을 제공합니다.",
  "rag_text": "테이블 곳곳에 생화를 놓고 은은한 조명으로 분위기 있게 꾸민 와인바로, 파리지앵 뇨키, 트러플 파스타, 도미구이 베흐블랑 등 고급스럽고 창의적인 메뉴를 제공합니다. 화이트 와인과 페어링하기 좋은 구운 관자와 오렌지 메뉴도 추천합니다. 고급 와인바 분위기와 세련된 인테리어가 돋보이며, 차분하고 분위기 있는 공간에서 와인과 식사를 즐기기에 적합합니다.",
  "metadata": {
    "budget_range": "중",
    "spicy_available": "X",
    "vegetarian_options": "X",
    "main_ingredients_list": [
      "기타",
      "패류",
      "어류",
      "조류",
      "육류"
    ],
    "low_level_category": "와인바",
    "suitable_for": [
      "분위기 좋은",
      "데이트",
      "와인 페어링"
    ],
    "food_type_list": [
      "디저트류",
      "해산물류",
      "면류",
      "고기류"
    ],
    "temperature_list": [
      "상",
      "온"
    ],
    "high_level_category": "기타"
  }
}