{
  "id": 37653,
  "store_name": "베니베이크",
  "llm_summary": "베니베이크는 서울 마포구 합정동에 위치한 구움과자 카페로, 피낭시에와 타르트를 다양하게 맛볼 수 있는 곳입니다. 대표 메뉴로는 소금초코피낭시에, 녹차아몬드피낭시에, 무화과크림치즈타르트 등이 있으며, 가격대는 2,500원에서 3,800원 사이입니다. 아메리카노와 초코칩호두 등도 함께 판매하고 있습니다. 연중무휴로 운영되며, 매장은 1층에 위치해 있습니다. 메뉴는 주로 디저트류와 음료로 구성되어 있으며, 맵지 않은 메뉴들로 이루어져 있습니다. 베니베이크는 다양한 맛의 구움과자를 즐길 수 있는 편안한 분위기의 카페로, 특별한 라벨이나 레드리본 선정은 없으나, 합리적인 가격에 다양한 디저트를 제공하는 점이 특징입니다.",
  "rag_text": "피낭시에와 타르트 등을 맛볼 수 있는 구움과자 카페로, 다양한 맛의 타르트와 피낭시에를 제공한다. 소금초코피낭시에, 녹차아몬드피낭시에, 무화과크림치즈타르트 등이 인기 메뉴이다. 분위기는 편안하고 캐주얼하며, 연중무휴로 운영된다.",
  "metadata": {
    "budget_range": "저",
    "spicy_available": "X",
    "vegetarian_options": "X",
    "main_ingredients_list": [
      "기타"
    ],
    "low_level_category": "구움과자",
    "suitable_for": [],
    "food_type_list": [
      "음료",
      "디저트류"
    ],
    "temperature_list": [
      "기타",
      "상"
    ],
    "high_level_category": "디저트류"
  }
}