{
  "id": 37813,
  "store_name": "해피해피케이크",
  "llm_summary": "해피해피케이크는 서울 강남구 청담동에 위치한 케이크 전문점으로, 색다른 디자인의 다양한 케이크와 커피를 즐길 수 있습니다. 대표 메뉴로는 부드러운 식감과 바닐라 빈, 쌀이 들어간 쌀미 케이크가 있으며, 솔트 커피와 솔트 라테 등 다양한 음료도 제공합니다. 메뉴는 케이크와 음료를 중심으로 구성되어 있으며, 아메리카노, 카페라테, 플랫화이트, 바닐라라테, 아인슈페너, 쌍화단지, 우도땅콩세비녜, 수정과바바 등의 음료가 있습니다. 가격대는 5,000원에서 11,000원 사이로 형성되어 있습니다. 영업시간은 매일 12시부터 17시까지이며, 비정기적으로 휴무합니다. 인스타그램과 공식 홈페이지를 통해 추가 정보를 확인할 수 있습니다. 2019년 1월 4일에 개업한 이 가게는 독자 리뷰는 아직 없으나, 블루리본 Pick으로 소개된 바 있습니다.",
  "rag_text": "색다른 디자인의 다양한 케이크와 커피를 즐길 수 있는 케이크 전문점으로, 솔트 커피, 솔트 라테 등의 음료를 맛볼 수 있으며, 추천 메뉴인 쌀미 케이크는 부드러운 식감과 바닐라 빈, 쌀이 들어간다. 다양한 음료와 디저트류를 제공하는 분위기의 케이크 카페로, 편안하고 차분한 분위기에서 특별한 케이크와 커피를 즐기기에 적합하다.",
  "metadata": {
    "budget_range": "중",
    "spicy_available": "X",
    "vegetarian_options": "X",
    "main_ingredients_list": [
      "기타"
    ],
    "low_level_category": "케이크",
    "suitable_for": [],
    "food_type_list": [
      "음료",
      "디저트류"
    ],
    "temperature_list": [
      "기타"
    ],
    "high_level_category": "디저트류"
  }
}