{
  "id": 37956,
  "store_name": "미드메",
  "llm_summary": "미드메는 서울 종로구 통의동에 위치한 프랑스식 베이커리 전문점입니다. 카늘레, 레몬마들렌, 크루아상, 팽오쇼콜라, 딸기 쇼트케이크, 브리오슈낭테르 등 클래식한 프랑스 베이커리를 다양하게 맛볼 수 있으며, 진열장에는 포장용 디저트도 준비되어 있습니다. 가게 앞에는 테라스가 있어 커피와 베이커리를 즐기며 여유로운 시간을 보내기 좋습니다. 메뉴는 디저트류와 음료로 구성되어 있으며, 가격대는 3,100원부터 9,000원까지 다양합니다. 영업시간은 매일 11시부터 20시까지이며, 연중무휴로 운영됩니다. 인스타그램 계정도 운영 중입니다. 전반적으로 정통 프랑스 베이커리의 맛과 분위기를 느낄 수 있는 편안한 공간입니다.",
  "rag_text": "프랑스식 베이커리 전문점으로 카늘레, 마들렌, 팽오쇼콜라, 딸기 쇼트케이크 등 클래식한 프랑스 베이커리를 제공합니다. 진열장에는 포장용 디저트가 마련되어 있고, 가게 앞 테라스에 테이블이 있어 커피와 베이커리를 즐기며 여유로운 분위기를 만끽할 수 있습니다. 연중무휴이며 테라스가 있는 편안한 베이커리 카페입니다.",
  "metadata": {
    "budget_range": "중",
    "spicy_available": "X",
    "vegetarian_options": "X",
    "main_ingredients_list": [
      "기타"
    ],
    "low_level_category": "베이커리",
    "suitable_for": [
      "테라스",
      "연중무휴"
    ],
    "food_type_list": [
      "디저트류",
      "음료"
    ],
    "temperature_list": [
      "상",
      "기타"
    ],
    "high_level_category": "디저트류"
  }
}