{
  "id": 38119,
  "store_name": "목포집",
  "llm_summary": "목포집은 서울 강남구 신사동에 위치한 닭볶음탕 전문 한식당입니다. 닭볶음탕은 부드러운 닭고기살과 여러 가지 야채가 풍부하게 들어가 있으며, 떡 사리와 우동 사리를 추가할 수 있는데, 떡은 쌀떡을 사용합니다. 대표 메뉴인 닭볶음탕은 소, 중, 대, 특대 등 다양한 사이즈로 제공되며 가격대는 27,000원부터 60,002원까지 다양합니다. 또한 낙지볶음 2인 메뉴도 함께 판매하고 있습니다. 모든 메뉴는 매운맛이 있으며, 주재료는 조류와 어류로 구성되어 있습니다. 영업시간은 화요일부터 일요일까지 11:30부터 23:00까지이며, 15:00부터 16:00까지는 브레이크 타임이 있습니다. 매주 월요일은 휴무입니다. 주차는 가게 앞에 3대까지 가능합니다. 현재 블루리본 선정이나 서울 2025 선정은 되어 있지 않으며, 독자 리뷰는 등록되어 있지 않습니다. 가격과 메뉴, 영업시간 등은 업소 사정에 따라 변동될 수 있습니다.",
  "rag_text": "닭볶음탕 전문 한식당으로 부드러운 닭고기살과 다양한 야채가 풍부하며 떡 사리와 우동 사리를 추가할 수 있는 곳입니다. 전통적인 한식의 맛을 살리면서 매운맛이 특징이며, 편안하고 친근한 분위기의 강남구 신사동 맛집입니다.",
  "metadata": {
    "budget_range": "중",
    "spicy_available": "O",
    "vegetarian_options": "X",
    "main_ingredients_list": [
      "조류",
      "어류"
    ],
    "low_level_category": "닭볶음탕",
    "suitable_for": [],
    "food_type_list": [
      "고기류",
      "해산물류"
    ],
    "temperature_list": [
      "온"
    ],
    "high_level_category": "한식"
  }
}