{
  "id": 38123,
  "store_name": "구르메",
  "llm_summary": "구르메는 서울 강남구 신사동에 위치한 생선회 전문 횟집입니다. 제철 해산물을 활용한 다양한 회 메뉴를 제공하며, 대표 메뉴로는 특선모둠회(소, 중, 대), 꽃새우회, 연어회가 있습니다. 회 주문 시 유자초밥, 아보카도, 곱창김이 곁들여져 나오는 것이 특징이며, 기본 찬에 대한 평도 좋습니다. 해산물을 활용한 라면 메뉴도 인기 있는데, 대게라면과 매운 해물전골라면(소, 중, 대 사이즈) 등이 있습니다. 매운 메뉴도 포함되어 있으며, 웨이팅 시 식사 시간을 2시간으로 제한하는 점 참고가 필요합니다. 영업시간은 월~토요일 16:30부터 23:00까지이며, 일요일은 휴무입니다. 주차 공간은 협소합니다. 가격대는 53,000원에서 112,000원 사이로 다양합니다. 전체적으로 신선한 해산물과 다양한 해물 라면 메뉴를 즐길 수 있는 한식 횟집입니다.",
  "rag_text": "제철 해산물을 맛볼 수 있는 한식 생선회 전문 횟집으로, 회 주문 시 유자초밥, 아보카도, 곱창김이 함께 제공됩니다. 기본 찬의 평이 좋고, 다양한 해물을 사용한 라면 메뉴가 특징입니다. 신선한 해산물과 전통적인 한식 스타일을 바탕으로 하며, 매운 해물 라면도 포함되어 있어 다양한 맛을 즐길 수 있습니다.",
  "metadata": {
    "budget_range": "고",
    "spicy_available": "O",
    "vegetarian_options": "X",
    "main_ingredients_list": [
      "어류",
      "패류"
    ],
    "low_level_category": "생선회",
    "suitable_for": [],
    "food_type_list": [
      "고기류",
      "해산물류",
      "면류"
    ],
    "temperature_list": [
      "생",
      "온"
    ],
    "high_level_category": "한식"
  }
}