{
  "id": 3824,
  "store_name": "비금도",
  "llm_summary": "비금도는 서울 강남구 청담동에 위치한 남도음식 한정식 전문점으로, 2025년 블루리본 서베이 서울 선정 맛집입니다. 대표 메뉴로는 비금도정식(15,000원), 비금도코스(120,000원), 보리굴비정식(45,000원), 산채육회비빔밥, 한우육전, 산낙지탕탕이, 삼합, 모듬전, 활어회 등이 있으며, 메뉴 가격대는 15,000원에서 120,000원까지 다양합니다. 육전과 남도 전 요리가 유명하며, 전 요리 후에는 찐밥, 남도 반찬 10가지, 국, 누룽지가 제공되어 푸짐함과 정갈함을 자랑합니다. 깻잎장아찌, 전복내장, 갓김치 등 남도식 반찬이 깔끔하고 맛깔나게 제공됩니다. 매장은 비즈니스 다이닝과 외국인 접대, 프라이빗룸 이용에 적합하며, 발레파킹이 지원됩니다. 영업시간은 월~금 11:30~22:00(브레이크타임 14:00~17:00), 토요일 17:00~23:00, 명절 연휴와 매주 일요일은 휴무입니다. 압구정로데오역 3번 출구에서 도보로 접근이 용이합니다. 매장 분위기는 고급스럽고 사적인 모임, 비즈니스 접대에 적합하며, 남도 음식의 전통성과 정성을 느낄 수 있는 곳입니다.",
  "rag_text": "육전과 남도음식을 즐길 수 있는 한식집으로, 서울 2025 선정 맛집입니다. 한식 테마를 기반으로 남도식 반찬과 전통적인 맛을 고급스럽고 정갈하게 선보입니다. 비즈니스 다이닝, 외국인 접대, 프라이빗룸 등 다양한 사적 모임에 적합한 분위기를 갖추고 있습니다. 남도음식의 정성과 전통을 경험할 수 있는 공간입니다.",
  "metadata": {
    "budget_range": "고",
    "spicy_available": "O",
    "vegetarian_options": "X",
    "main_ingredients_list": [
      "기타",
      "어류",
      "육류"
    ],
    "low_level_category": "한정식, 남도음식",
    "suitable_for": [
      "서울 2025 선정",
      "비즈니스 다이닝",
      "외국인 접대",
      "프라이빗룸",
      "사적인 모임"
    ],
    "food_type_list": [
      "기타",
      "고기류",
      "밥류",
      "국물류"
    ],
    "temperature_list": [
      "기타",
      "온",
      "생"
    ],
    "high_level_category": "한식"
  }
}