{
  "id": 38288,
  "store_name": "소월솥밥",
  "llm_summary": "소월솥밥은 서울 용산구 신흥로에 위치한 솥밥 전문 한식당으로, 정갈한 솥밥 한상을 즐길 수 있는 곳입니다. 대표 메뉴로는 차돌솥밥, 새우버터솥밥, 전복솥밥 등 다양한 솥밥류와 표고새우완자, 두부조림이 있으며, 솥밥과 함께 미역국, 백김치, 무말랭이, 궁채장아찌, 김 등이 제공됩니다. 솥밥은 잘 비빈 후 남은 솥에 차를 넣어 숭늉으로 즐기는 것을 추천하며, 솥밥과 표고새우완자, 두부조림이 포함된 세트 메뉴도 인기가 높습니다. 영업시간은 수요일부터 일요일까지 11:30부터 21:00까지이며, 매주 월요일과 화요일은 휴무입니다. 가격대는 8,000원부터 16,000원까지 다양하며, 메뉴는 전부 맵지 않은 온음식으로 제공됩니다. 블루리본 Pick에 선정된 이곳은 깔끔하고 전통적인 솥밥 한식을 찾는 이들에게 적합한 맛집입니다.",
  "rag_text": "정갈한 솥밥 한상을 제공하는 한식 전문점으로, 솥밥과 함께 미역국, 백김치, 무말랭이, 궁채장아찌, 김 등 전통 반찬이 함께 나옵니다. 솥밥을 비빈 후 숭늉으로 즐기는 전통적인 식사 방식이 특징이며, 세트 메뉴로 표고새우완자와 두부조림을 함께 맛볼 수 있습니다. 깔끔하고 전통적인 분위기의 한식 솥밥 전문점입니다.",
  "metadata": {
    "budget_range": "저",
    "spicy_available": "X",
    "vegetarian_options": "O",
    "main_ingredients_list": [
      "기타",
      "패류",
      "육류"
    ],
    "low_level_category": "솥밥",
    "suitable_for": [],
    "food_type_list": [
      "기타",
      "해산물류",
      "밥류"
    ],
    "temperature_list": [
      "온"
    ],
    "high_level_category": "한식"
  }
}