{
  "id": 38318,
  "store_name": "청돈옥",
  "llm_summary": "청돈옥은 서울 마포구 서교동에 위치한 돼지고기구이 전문점으로, 교차 숙성을 거친 돼지고기를 제공하는 곳입니다. 대표 메뉴로는 숙성삼겹살, 특목살, 돈마호크, 토시살, 숙성갈빗살 등이 있으며, 모두 한식 고기류에 속합니다. 일반 숯보다 냄새와 연기가 적은 비장탄을 사용하여 쾌적한 식사 환경을 제공하며, 첫 주문한 고기에 한해 직원이 직접 구워 줍니다. 영업시간은 월~목요일 16:30~22:00, 금요일 16:30~23:00, 토~일요일 12:00~23:00이며, 마지막 주문 시간은 평일 21~22시, 주말 22시입니다. 주차는 인근 삼윤민영주차장을 유료로 이용할 수 있습니다. 가격대는 15,000원부터 46,000원까지 다양하며, 매운 메뉴는 없습니다. 인스타그램(@chungdonok)을 통해 소식을 확인할 수 있습니다. 현재 독자 리뷰는 없으며, 라벨이나 별도의 분위기 태깅은 없으나, 청결하고 쾌적한 환경에서 숙성 돼지고기를 즐길 수 있는 한식 전문점입니다.",
  "rag_text": "청돈옥은 교차 숙성을 거친 돼지고기를 전문으로 하는 한식 돼지고기구이 전문점으로, 일반 숯보다 냄새와 연기가 적은 비장탄을 사용하여 쾌적한 식사 환경을 제공합니다. 직원이 첫 주문 고기를 직접 구워 주어 고객 만족도를 높이고 있습니다. 고급 한식 고기류를 중심으로 한 메뉴 구성이 특징이며, 편안하고 깔끔한 분위기에서 돼지고기를 즐길 수 있는 곳입니다.",
  "metadata": {
    "budget_range": "중",
    "spicy_available": "X",
    "vegetarian_options": "X",
    "main_ingredients_list": [
      "육류"
    ],
    "low_level_category": "돼지고기구이",
    "suitable_for": [],
    "food_type_list": [
      "고기류"
    ],
    "temperature_list": [
      "온"
    ],
    "high_level_category": "한식"
  }
}