{
  "id": 38461,
  "store_name": "풍년갈비",
  "llm_summary": "풍년갈비는 서울 금천구 가산동에 위치한 돼지갈비와 소갈비 전문점입니다. 이곳은 숯불에 구운 돼지갈비가 특히 인기가 많으며, 돼지갈비 외에도 소갈비와 삼겹살을 함께 즐길 수 있습니다. 기본 반찬으로는 파채절임, 상추, 양배추샐러드 등이 깔끔하게 제공되어 갈비와 잘 어울립니다. 메뉴는 삼겹살(200g, 15,000원), 돼지갈비(250g, 16,000원), 소갈비(350g, 35,000원) 등으로 구성되어 있으며, 모두 한식 고기류로 제공됩니다. 영업시간은 매일 11:00부터 22:30까지이며, 연중무휴로 운영됩니다. 가격대는 15,000원에서 35,000원 사이로 중간 수준이며, 매운 메뉴는 없습니다. 가게는 깔끔하고 편안한 분위기로 가족 모임이나 친구들과의 식사에 적합합니다. 현재 블루리본 선정이나 서울 2025 선정은 되어 있지 않으며, 별도의 리본도 없습니다. 위치는 서울특별시 금천구 디지털로12길 33에 있습니다.",
  "rag_text": "숯불에 구운 돼지갈비가 인기 있는 한식 고기류 전문점으로, 돼지갈비, 소갈비, 삼겹살을 중심으로 깔끔한 기본 반찬과 함께 제공됩니다. 편안하고 가족 모임에 적합한 분위기를 갖추고 있으며, 전통적인 한식 갈비 요리를 즐길 수 있는 곳입니다.",
  "metadata": {
    "budget_range": "중",
    "spicy_available": "X",
    "vegetarian_options": "X",
    "main_ingredients_list": [
      "육류"
    ],
    "low_level_category": "돼지갈비, 소갈비",
    "suitable_for": [
      "가족모임",
      "편안한"
    ],
    "food_type_list": [
      "고기류"
    ],
    "temperature_list": [
      "온"
    ],
    "high_level_category": "한식"
  }
}