{
  "id": 3849,
  "store_name": "스마일이촌떡볶이",
  "llm_summary": "스마일이촌떡볶이는 1980년부터 서울 용산구 이촌동에서 30년 넘게 운영되어 온 명물 떡볶이 전문점입니다. 이곳의 떡볶이는 밀가루 떡에 매콤하면서도 달콤한 양념이 어우러져 특별하지는 않지만 어린 시절의 추억을 떠올리게 하는 중독성 있는 맛으로 멀리서도 손님들이 찾아올 정도로 인기가 많습니다. 주요 메뉴로는 떡볶이, 김밥, 라면, 순대, 순대볶음이 있으며 가격대는 2,000원부터 5,000원 사이로 합리적입니다. 떡볶이와 김밥, 라면은 맵지 않은 메뉴이며, 순대와 순대볶음은 매운 맛이 있습니다. 메뉴들은 모두 한식 테마로 제공되며, 떡볶이와 김밥은 밥류와 면류, 라면과 순대류는 기타 카테고리에 속합니다. 영업시간은 월요일부터 일요일까지 10:00부터 20:30까지이며, 명절 연휴에는 휴무합니다. 위치는 서울특별시 용산구 이촌로65가길 72 동인상가 102호로 이촌역 4번 출구와 용강중학교 정문 앞에 인접해 있습니다. 전통적인 밀가루 떡볶이 맛을 추구하는 분들에게 추천할 만한 가성비 좋은 한식 분식점입니다.",
  "rag_text": "1980년부터 이촌동에서 30년 넘게 운영된 전통적인 밀가루 떡볶이 전문 한식 분식점으로, 매콤하면서도 달콤한 양념의 추억의 맛을 제공합니다. 중독성 있는 맛으로 멀리서도 찾아오는 손님이 많으며, 김밥, 라면, 순대 등 다양한 한식 메뉴를 온기로 제공하는 아늑하고 친근한 분위기의 가게입니다.",
  "metadata": {
    "budget_range": "저",
    "spicy_available": "O",
    "vegetarian_options": "X",
    "main_ingredients_list": [
      "기타",
      "육류"
    ],
    "low_level_category": "튀김, 떡볶이, 김밥",
    "suitable_for": [],
    "food_type_list": [
      "밥류",
      "면류",
      "기타"
    ],
    "temperature_list": [
      "상",
      "온"
    ],
    "high_level_category": "한식"
  }
}