{
  "id": 38621,
  "store_name": "신원식당",
  "llm_summary": "신원식당은 서울 동대문구 장안동 화성빌딩 1층에 위치한 돼지고기 전문점으로, 보성 녹돈을 사용한 특삼겹살, 꽃목살, 가브리살, 천겹살 등 다양한 부위의 돼지고기를 선보입니다. 직원이 직접 고기를 구워 주어 편안한 식사를 경험할 수 있으며, 기본 반찬으로 깻잎무침, 파김치, 마카로니샐러드가 제공됩니다. 메뉴는 모두 180g 단위로 꽃목살(18,000원), 가브리살(19,000원), 천겹살(20,000원), 특삼겹(20,000원)으로 구성되어 있습니다. 매장은 월요일부터 일요일까지 연중무휴로 운영되며, 갤럭시모텔 주차장을 이용할 경우 3시간 무료 주차가 가능합니다. 블루리본 서베이 내에서는 독자 리뷰가 아직 등록되지 않았으나, 켈리 더블 임팩트 맛집으로 소개되고 있습니다. 가격대는 중간 수준이며, 모든 메뉴는 맵지 않은 한식 고기 요리입니다.",
  "rag_text": "보성 녹돈을 맛볼 수 있는 돼지고기 전문 한식당으로, 특삼겹살, 꽃목살, 가브리살, 천겹살을 제공하며 직원이 직접 구워 주어 편안한 분위기에서 식사가 가능합니다. 기본 반찬으로 깻잎무침, 파김치, 마카로니샐러드가 함께 나오며, 전통적인 한식 고기구이 전문점입니다.",
  "metadata": {
    "budget_range": "중",
    "spicy_available": "X",
    "vegetarian_options": "X",
    "main_ingredients_list": [
      "육류"
    ],
    "low_level_category": "삼겹살",
    "suitable_for": [],
    "food_type_list": [
      "고기류"
    ],
    "temperature_list": [
      "온"
    ],
    "high_level_category": "한식"
  }
}