{
  "id": 38699,
  "store_name": "크레페보이",
  "llm_summary": "크레페보이는 서울 종로구 통인동에 위치한 크레프와 카페를 전문으로 하는 매장입니다. 2014년부터 크레페만 연구해왔으며, 청주에서 여러 크레페 판매 경험을 거쳐 3년간 공간 공부 후 2024년 3월 서울 서촌에 오픈하였습니다. 매장은 깔끔하고 아늑한 분위기로 인테리어되어 있으며, 딸기 크레프, 바나나 크레프, 블루베리 크레프 등 다양한 크레프 메뉴를 접시에 정갈하게 플레이팅하여 제공합니다. 커피와 함께 즐기기 좋은 메뉴 구성이며, 에스프레소, 아메리카노, 카페라테, 플랫화이트 등 다양한 음료도 준비되어 있습니다. 가격대는 4,000원부터 9,000원 사이로 합리적이며, 연중무휴로 오전 11시부터 오후 9시까지 운영됩니다. 반려동물 동반이 가능하고, 통인시장 인근이라 2시간 무료 주차가 가능합니다. 인스타그램 계정도 운영 중입니다.",
  "rag_text": "딸기 크레프, 바나나 크레프, 블루베리 크레프 등 다양한 크레프를 선보이는 카페로, 크레프와 커피를 함께 즐기기 좋은 깔끔하고 아늑한 분위기의 공간입니다. 2014년부터 크레페 연구에 집중해온 전문 매장으로 좋은 공간과 맛있고 합리적인 디저트를 제공합니다. 연중무휴이며 반려동물 동반이 가능한 편안한 카페입니다.",
  "metadata": {
    "budget_range": "중",
    "spicy_available": "X",
    "vegetarian_options": "X",
    "main_ingredients_list": [
      "기타"
    ],
    "low_level_category": "크레프, 카페",
    "suitable_for": [
      "아늑한",
      "깔끔한",
      "반려동물 동반",
      "연중무휴"
    ],
    "food_type_list": [
      "음료",
      "디저트류"
    ],
    "temperature_list": [
      "기타"
    ],
    "high_level_category": "디저트류"
  }
}