{
  "id": 38709,
  "store_name": "하이촨촨",
  "llm_summary": "하이촨촨은 서울 마포구 연남동에 위치한 사천식 중식당으로, 산초와 고추를 넣어 맛을 낸 중국 시추안의 전통 국물 요리인 마오차이를 전문으로 합니다. 마라탕과는 끓이는 방식에서 차별화된 마오차이와 토마토탕을 주력 메뉴로 제공하며, 고기로는 양고기, 소고기, 마라소고기, 오리 선지 등을 추가할 수 있습니다. 또한 깐 양, 천엽 등 소 부속물도 탕에 넣어 즐길 수 있습니다. 메뉴는 1인부터 3인용까지 다양하게 구성되어 있으며, 마오차이는 매운 맛이 특징이고 토마토탕은 매운맛이 없습니다. 게살볶음밥, 궈바로우, 소고기샤부, 양고기샤부 등 다양한 중식과 일식 메뉴도 함께 제공합니다. 영업시간은 매일 11시부터 22시까지이며, 연중무휴입니다. 주차 공간은 협소한 편입니다. 가격대는 13,000원에서 20,000원 사이로 합리적이며, 전통적인 시추안 요리를 경험할 수 있는 곳입니다.",
  "rag_text": "산초와 고추를 넣어 맛을 낸 중국 시추안 국물 요리 전문점으로, 마오차이와 토마토탕을 중심으로 한 중식당입니다. 전통적인 시추안 요리 방식과 다양한 고기 추가 옵션을 제공하며, 매운맛과 담백한 맛 모두 즐길 수 있습니다. 편안한 분위기에서 전통적인 중식 국물 요리를 경험할 수 있는 곳입니다.",
  "metadata": {
    "budget_range": "중",
    "spicy_available": "O",
    "vegetarian_options": "X",
    "main_ingredients_list": [
      "기타",
      "패류",
      "육류"
    ],
    "low_level_category": "사천식중식",
    "suitable_for": [],
    "food_type_list": [
      "국물류",
      "밥류",
      "고기류"
    ],
    "temperature_list": [
      "온"
    ],
    "high_level_category": "중식"
  }
}