{
  "id": 38764,
  "store_name": "아우트리거커피",
  "llm_summary": "아우트리거커피는 서울 성북구 하월곡동에 위치한 카페로, 크림이 올려진 시그니처 메뉴인 아우트리거 커피와 동윤영을 맛볼 수 있습니다. 원두는 달고나 블렌드, 프루티 블렌드, 디카페인 중에서 선택 가능하며, 커피 한 잔과 함께 여유로운 시간을 보내기 좋은 분위기를 제공합니다. 메뉴는 에스프레소, 아메리카노, 라테, 시나몬카푸치노, 아우트리거커피, 동윤영 등 다양한 음료로 구성되어 있으며, 가격대는 3,800원에서 5,500원 사이입니다. 영업시간은 월~금요일 08:00~19:00, 토요일 10:00~19:00이며, 일요일은 휴무입니다. 공식 인스타그램 계정도 운영 중입니다. 블루리본 서베이 내 별도의 리뷰는 없으나, 편안한 분위기와 프리미엄 원두 선택이 가능한 점이 특징입니다.",
  "rag_text": "크림이 올려진 아우트리거 커피와 동윤영을 맛볼 수 있는 카페로, 달고나 블렌드, 프루티 블렌드, 디카페인 원두 중 선택 가능하며 여유로운 분위기에서 커피를 즐길 수 있는 공간입니다. 다양한 음료 메뉴가 준비되어 있으며, 편안하고 조용한 분위기로 커피 한 잔의 여유를 느끼기에 적합한 카페입니다.",
  "metadata": {
    "budget_range": "저",
    "spicy_available": "X",
    "vegetarian_options": "X",
    "main_ingredients_list": [
      "기타"
    ],
    "low_level_category": "카페",
    "suitable_for": [],
    "food_type_list": [
      "음료",
      "기타"
    ],
    "temperature_list": [
      "기타"
    ],
    "high_level_category": "기타"
  }
}