{
  "id": 38772,
  "store_name": "핌피",
  "llm_summary": "서울 용산구 이태원동에 위치한 양식 레스토랑 '핌피'는 차이브가 올라간 프렌치렉 양갈비 스테이크와 수비드 살치 스테이크, 문어 덮밥을 주력 메뉴로 선보입니다. 특히 투움바 파스타와 특제 양념에 마리네이드한 구운 문어가 인기 있으며, 와인과 함께 즐기기에 좋습니다. 남산이 보이는 전망 좋은 창가 자리가 인기를 끌고 있으며, 김세진 셰프가 직접 요리하는 아늑한 분위기의 비스트로입니다. 메뉴는 문어덮밥, 매콤크림리조토, 투움바파스타, 구운문어마리네이드, 수비드살치스테이크(200g), 프렌치렉양갈비스테이크로 구성되어 있습니다. 가격대는 14,000원부터 35,000원 사이이며, 연중무휴로 매일 12시부터 22시까지 운영합니다. 발레파킹 서비스도 제공하며, 공식 인스타그램(@pimfy_itaewon)을 통해 소식을 확인할 수 있습니다. 독자 리뷰는 아직 등록되지 않았으나, 전반적으로 맛과 분위기, 서비스가 좋은 평가를 받고 있습니다.",
  "rag_text": "양식 전문 비스트로로, 차이브가 올라간 프렌치렉 양갈비 스테이크, 수비드 살치 스테이크, 문어 덮밥과 투움바 파스타를 제공하며, 특제 양념에 마리네이드한 구운 문어가 인기 메뉴입니다. 와인과 함께 곁들이기 좋은 분위기로 남산 전망이 좋은 창가 자리가 특징입니다. 아늑하고 편안한 이태원 뷰를 즐길 수 있는 맛집입니다.",
  "metadata": {
    "budget_range": "중",
    "spicy_available": "O",
    "vegetarian_options": "X",
    "main_ingredients_list": [
      "패류",
      "기타",
      "육류"
    ],
    "low_level_category": "양식",
    "suitable_for": [
      "데이트",
      "아늑한",
      "전망좋은",
      "와인곁들이기"
    ],
    "food_type_list": [
      "밥류",
      "면류",
      "해산물류",
      "고기류"
    ],
    "temperature_list": [
      "온"
    ],
    "high_level_category": "양식"
  }
}