{
  "id": 38820,
  "store_name": "컨트리베이커리",
  "llm_summary": "컨트리베이커리는 서울 마포구 성산동에 위치한 베이커리로, 무화과 캄파뉴, 마늘 바게트, 치아바타 등 다양한 바게트와 치아바타 종류를 주로 판매합니다. 또한 꿀 고구마 바게트와 샤워도우도 추천 메뉴에 포함되어 있습니다. 메뉴는 명란바게트, 무화과캄파뉴, 컨트리치아바타, 꿀고구마바게트, 카푸치노, 베이컨에피, 치즈치아바타, 마늘바게트, 쫀떡라이스, 샤워도우 등으로 구성되어 있으며, 가격대는 5,200원에서 12,000원 사이입니다. 대부분의 메뉴가 상온에서 제공되며, 맵지 않은 제품들로 구성되어 있습니다. 베이컨에피만이 온열 상태로 제공되며 육류가 포함되어 있습니다. 가게는 연중무휴로 매일 오전 9시부터 다음날 새벽 0시까지 운영됩니다. 고객 리뷰에 따르면 빵 맛이 뛰어나며, 동네빵집 수준을 넘어선 퀄리티를 자랑합니다. 라벨이나 특별 선정은 없으나, 다양한 바게트와 치아바타를 전문적으로 제공하는 베이커리로서 디저트류와 기타 카테고리 메뉴를 중심으로 운영되고 있습니다.",
  "rag_text": "무화과 캄파뉴, 마늘 바게트, 치아바타 등 다양한 바게트와 치아바타를 선보이는 베이커리로, 꿀 고구마 바게트와 샤워도우도 추천하는 디저트류 중심의 베이커리입니다. 조용하고 편안한 분위기에서 고품질의 빵을 즐길 수 있으며, 동네빵집 수준을 넘어서는 맛과 퀄리티를 자랑합니다.",
  "metadata": {
    "budget_range": "중",
    "spicy_available": "X",
    "vegetarian_options": "X",
    "main_ingredients_list": [
      "기타",
      "육류"
    ],
    "low_level_category": "베이커리",
    "suitable_for": [],
    "food_type_list": [
      "디저트류",
      "음료",
      "고기류"
    ],
    "temperature_list": [
      "상",
      "기타",
      "온"
    ],
    "high_level_category": "기타"
  }
}