{
  "id": 38836,
  "store_name": "삼척포구",
  "llm_summary": "삼척포구는 서울 서초구 반포대로26길에 위치한 생선회와 회덮밥 전문 횟집입니다. 자연산 막회가 대표 인기 메뉴로, 초장에 비벼 김과 함께 싸먹는 방식이 추천됩니다. 골뱅이탕 또한 인기 메뉴이며, 점심에는 막회비빔밥, 성게비빔밥, 매운탕 등 다양한 한식 메뉴를 즐길 수 있습니다. 메뉴는 생대구지리, 김치술국, 꽃게탕, 도다리쑥국, 곰치탕 등 국물류와 밥류를 포함하며, 온도는 생과 온으로 다양합니다. 매운 메뉴도 다수 포함되어 있습니다. 영업시간은 월~금 11:30~23:00, 토요일 13:30~22:00이며, 일요일은 휴무입니다. 가격대는 9,000원에서 49,000원 사이로 중간 수준입니다. 전통적인 한식 해산물 요리를 주로 제공하며, 가족 모임이나 점심 식사에 적합한 분위기입니다.",
  "rag_text": "자연산 막회가 인기 있는 횟집으로, 초장에 비벼 김과 함께 싸먹는 전통적인 한식 해산물 요리를 제공합니다. 골뱅이탕과 막회비빔밥, 성게비빔밥, 매운탕 등 다양한 한식 메뉴가 있으며, 신선한 생선과 해산물을 중심으로 한 건강한 맛이 특징입니다. 전통적인 한식 분위기의 횟집으로 가족 모임과 점심 식사에 적합합니다.",
  "metadata": {
    "budget_range": "중",
    "spicy_available": "O",
    "vegetarian_options": "X",
    "main_ingredients_list": [
      "어류",
      "기타",
      "패류"
    ],
    "low_level_category": "생선회, 회덮밥",
    "suitable_for": [
      "가족모임",
      "점심식사",
      "전통적인"
    ],
    "food_type_list": [
      "밥류",
      "해산물류",
      "국물류"
    ],
    "temperature_list": [
      "생",
      "온"
    ],
    "high_level_category": "한식"
  }
}