{
  "id": 38973,
  "store_name": "상도곱창",
  "llm_summary": "상도곱창은 서울 동작구 상도로에 위치한 소곱창 전문 한식당입니다. 이곳은 소곱창과 소막창, 대창 등 다양한 소 내장류를 주 메뉴로 하며, 곱창은 주방에서 초벌 조리 후 테이블에서 직원이 직접 마저 익혀 주는 서비스가 특징입니다. 불판에 소주를 부어 불을 붙이는 퍼포먼스도 제공하여 식사 경험에 재미를 더합니다. 볶음밥 주문 시 콩나물국도 함께 맛볼 수 있습니다. 메뉴는 김치볶음밥, 소곱창, 소막창, 대창, 벌양, 양깃머리 등으로 구성되어 있으며, 가격대는 3,000원부터 24,000원 사이로 다양합니다. 매장은 월~토요일 15:00부터 23:00까지 영업하며, 매주 일요일은 휴무입니다. 전반적으로 소곱창과 내장구이를 중심으로 한 전통 한식 스타일의 맛집으로, 특별한 조리 방식과 퍼포먼스를 통해 고객에게 색다른 식사 경험을 제공합니다.",
  "rag_text": "소곱창 전문 한식당으로, 곱창을 초벌 후 자리에서 직원이 익혀주며 불판에 소주를 부어 불을 붙이는 퍼포먼스가 특징입니다. 전통적인 소곱창과 내장구이 전문점 분위기이며, 편안하고 활기찬 한식 맛집입니다.",
  "metadata": {
    "budget_range": "저",
    "spicy_available": "O",
    "vegetarian_options": "X",
    "main_ingredients_list": [
      "기타",
      "육류"
    ],
    "low_level_category": "소곱창, 소막창",
    "suitable_for": [],
    "food_type_list": [
      "밥류",
      "고기류"
    ],
    "temperature_list": [
      "온"
    ],
    "high_level_category": "한식"
  }
}