{
  "id": 39175,
  "store_name": "여의화로(본점)",
  "llm_summary": "여의화로(본점)은 서울 영등포구 여의도동 중앙빌딩 지하1층에 위치한 돼지고기구이 전문점으로, 참숯과 최상급 비장탄을 사용해 국내산 선별 최상급 암퇘지를 최적의 상태로 숙성하여 제공합니다. 직원이 직접 고기를 구워주는 그릴링 서비스로 편안하게 식사를 즐길 수 있으며, 밑반찬으로 물김치, 파채무침, 미나리 등이 깔끔하게 제공되고 특히 미나리는 무제한으로 제공됩니다. 메뉴는 삼겹살, 목살, 오겹살, 등심살, 가브리살, 항정살 등 다양한 돼지고기 부위가 150g 단위로 준비되어 있으며, 물냉면과 비빔냉면, 청국장 등 한식 메뉴도 함께 즐길 수 있습니다. 청국장은 매운맛이 있는 메뉴로, 전반적으로 가격대는 7,000원에서 20,000원 사이입니다. 영업시간은 매일 11시부터 23시까지이며, 인스타그램(@yeoui_hwaro)을 통해 소식을 확인할 수 있습니다. 2023년 10월 23일에 개업한 신생 맛집으로, 도심 속에서 자연을 느끼며 힐링할 수 있는 분위기를 지향합니다. 블루리본 Pick에 선정되지는 않았으나, 고기 숙성 및 숯불 화로구이 전문점으로서의 전문성과 서비스가 돋보입니다.",
  "rag_text": "참숯과 최상급 비장탄을 사용해 국내산 최상급 암퇘지를 숙성하여 제공하는 돼지고기구이 전문점으로, 직원이 직접 고기를 구워주는 편안한 그릴링 서비스가 특징입니다. 도심 속 자연 휴가 컨셉의 화로구이 전문점이며, 깔끔한 밑반찬과 미나리 무제한 제공으로 쾌적한 식사 경험을 제공합니다. 한식 테마의 메뉴 구성으로 냉면, 청국장 등 다양한 전통 메뉴도 함께 즐길 수 있습니다.",
  "metadata": {
    "budget_range": "중",
    "spicy_available": "O",
    "vegetarian_options": "X",
    "main_ingredients_list": [
      "기타",
      "육류"
    ],
    "low_level_category": "돼지고기구이",
    "suitable_for": [],
    "food_type_list": [
      "면류",
      "국물류",
      "고기류"
    ],
    "temperature_list": [
      "냉",
      "온"
    ],
    "high_level_category": "한식"
  }
}