{
  "id": 3920,
  "store_name": "까발로비안코",
  "llm_summary": "까발로비안코는 서울 강남구 삼성동에 위치한 이탈리아식 레스토랑으로, 다양한 파스타와 피자 메뉴를 비롯해 스테이크도 추천하는 곳입니다. 1층과 2층 모두 테라스를 갖추고 있으며, 1층에서는 라이브 공연이 진행되어 분위기가 더욱 활기찹니다. 단, 일요일에는 공연이 없습니다. 프라이빗룸이 마련되어 있어 예약을 통해 보다 사적인 모임이 가능합니다. 메뉴로는 소시지, 피자, 피시앤칩스가 있으며, 모든 메뉴는 20,000원으로 가격이 일정합니다. 영업시간은 매일 17:30부터 다음날 00:30까지이며, 명절 연휴에는 휴무합니다. 발레파킹 서비스와 전화 예약(02-562-9262)이 가능합니다. 2007년에 개업한 이래 꾸준히 사랑받고 있으며, 공연이 있는 테라스와 새벽까지 영업하는 점이 특징입니다. 독자 리뷰는 아직 등록되지 않았습니다.",
  "rag_text": "다양한 이탈리아 요리를 제공하는 레스토랑으로, 파스타와 피자 종류가 다양하며 스테이크도 추천합니다. 프라이빗룸과 1, 2층 테라스를 갖추고 있어 쾌적하고 아늑한 분위기를 자랑합니다. 1층에서는 라이브 공연이 열려 활기찬 분위기를 느낄 수 있으며, 일요일을 제외하고 공연이 진행됩니다. 전체적으로 저녁 시간대에 새벽까지 영업하며, 공연과 테라스가 있는 이탈리아식 양식 레스토랑입니다.",
  "metadata": {
    "budget_range": "중",
    "spicy_available": "X",
    "vegetarian_options": "X",
    "main_ingredients_list": [
      "육류",
      "기타",
      "어류"
    ],
    "low_level_category": "피자, 파스타, 이탈리아식",
    "suitable_for": [
      "예약",
      "프라이빗룸",
      "라이브 공연",
      "테라스",
      "저녁 영업",
      "새벽까지 영업"
    ],
    "food_type_list": [
      "고기류",
      "기타",
      "해산물류"
    ],
    "temperature_list": [
      "온",
      "상"
    ],
    "high_level_category": "양식"
  }
}