{
  "id": 39270,
  "store_name": "츠키요와",
  "llm_summary": "츠키요와는 서울 강남구 청담동에 위치한 일식 장어 및 가이세키 전문 레스토랑으로, 2025년 블루리본 서베이 서울 선정 맛집에 포함된 곳입니다. 이곳은 전통 혼 가이세키 요리를 수련한 신동혁 셰프가 한국의 제철 식재료와 일식 조리법을 접목해 완성도 높은 요리를 선보입니다. 플레이팅이 예술작품처럼 아름답고, 신선한 재료를 사용해 정갈한 코스 요리를 제공합니다. 메뉴는 매달 달라지며, 대표 메뉴로는 런치 도쿄식 장어덮밥 정식(220g, 57,000원/400g, 87,000원)과 디너 가이세키 코스(300,000원)가 있습니다. 저녁 9시 이후에는 새벽까지 사케바로 운영되어 다양한 사케와 단품 요리도 즐길 수 있습니다. 영업시간은 화~토요일 11:30~21:30(브레이크타임 14:00~18:30)이며, 매주 월요일과 일요일은 휴무입니다. 럭셔리한 분위기와 창의적인 코스 구성, 계절감을 살린 고급 일식 다이닝을 원하는 이들에게 적합합니다.",
  "rag_text": "전통 혼 가이세키 요리를 수련한 셰프가 한국의 제철 식재료와 정통 일식 조리법을 접목해 예술적 플레이팅과 정갈한 코스 요리를 선보이는 고급 일식 레스토랑입니다. 메뉴는 매달 달라지며, 저녁 9시 이후에는 사케바로 변신해 사케와 단품 요리를 즐길 수 있습니다. 서울 2025 선정 맛집으로, 창의적이고 품격 있는 일본식 다이닝 경험과 세련된 분위기를 제공합니다.",
  "metadata": {
    "budget_range": "고",
    "spicy_available": "X",
    "vegetarian_options": "X",
    "main_ingredients_list": [
      "어류",
      "기타"
    ],
    "low_level_category": "일식장어, 가이세키",
    "suitable_for": [
      "서울 2025 선정",
      "고급",
      "창의적",
      "정갈한",
      "코스요리",
      "사케바",
      "분위기있는",
      "특별한날",
      "데이트"
    ],
    "food_type_list": [
      "밥류",
      "기타"
    ],
    "temperature_list": [
      "온",
      "기타"
    ],
    "high_level_category": "일식"
  }
}