{
  "id": 39358,
  "store_name": "도만다",
  "llm_summary": "도만다는 서울 용산구 원효로에 위치한 이탈리아식 피자 전문점으로, 참나무 장작 화덕에서 485도의 높은 온도를 유지하며 피자를 구워내는 점이 특징입니다. 매장은 현지 이탈리아 분위기를 살린 인테리어로 꾸며져 있으며, 대표 메뉴로는 도만다, 콰트로포르마지, 디아볼라 피자가 있습니다. 메뉴는 마리나라, 마르게리타, 마르게리타콘부팔라, 디아볼라, 도만다, 콰트로포르마지, 모르타델라 등으로 구성되어 있으며, 가격대는 12,000원에서 25,000원 사이입니다. 디아볼라는 매운맛이 있으며, 모르타델라는 육류를 주재료로 한 고기류 피자입니다. 영업시간은 매일 11:00부터 21:30까지이며, 연중무휴로 운영됩니다. 공식 인스타그램 계정을 통해 소통하며, 2023년 7월 1일에 개업하였습니다. 독자 리뷰는 아직 등록되지 않았습니다.",
  "rag_text": "참나무 장작 화덕에서 485도 온도로 구워내는 이탈리아식 피자 전문점으로, 현지 분위기를 살린 인테리어가 특징입니다. 양식 테마의 다양한 피자 메뉴를 제공하며, 전통적인 이탈리아 피자 맛을 경험할 수 있는 곳입니다. 매운맛이 가미된 디아볼라 피자와 고기류 재료를 활용한 모르타델라 피자도 인기입니다. 연중무휴로 편리하게 방문할 수 있습니다.",
  "metadata": {
    "budget_range": "중",
    "spicy_available": "O",
    "vegetarian_options": "X",
    "main_ingredients_list": [
      "기타",
      "패류",
      "육류"
    ],
    "low_level_category": "피자",
    "suitable_for": [],
    "food_type_list": [
      "기타",
      "고기류"
    ],
    "temperature_list": [
      "온"
    ],
    "high_level_category": "양식"
  }
}