{
  "id": 39362,
  "store_name": "팔당족발",
  "llm_summary": "팔당족발은 서울 강남구 논현동에 위치한 족발 전문 한식당으로, 과일과 각종 채소, 황기, 마늘, 생강을 넣어 삶은 족발이 대표 메뉴입니다. 족발 외에도 모둠전과 보리새우미나리전 같은 전류를 제공하며, 얼큰한 국물의 수제비가 기본으로 제공됩니다. 냉채족발 역시 인기 있는 메뉴입니다. 메뉴 가격대는 16,000원부터 60,000원까지 다양하며, 족발과 냉채족발은 중, 대 사이즈로 선택할 수 있습니다. 식당은 연중무휴로 운영되며, 매일 오전 11시부터 다음날 새벽 2시까지 영업합니다. 새벽까지 영업하는 점과 다양한 전통 한식 메뉴 구성으로 강남에서 족발과 한식을 즐기기에 좋은 곳입니다.",
  "rag_text": "과일, 각종 채소, 황기, 마늘, 생강을 넣어 삶은 족발과 모둠전, 보리새우미나리전을 제공하는 한식 족발 전문점으로, 얼큰한 국물의 수제비와 냉채족발이 인기 메뉴입니다. 새벽까지 영업하는 연중무휴 식당으로, 전통적인 한식 분위기와 다양한 전통 메뉴 구성이 돋보입니다.",
  "metadata": {
    "budget_range": "중",
    "spicy_available": "X",
    "vegetarian_options": "X",
    "main_ingredients_list": [
      "패류",
      "육류",
      "기타"
    ],
    "low_level_category": "족발",
    "suitable_for": [],
    "food_type_list": [
      "해산물류",
      "국물류",
      "고기류",
      "기타"
    ],
    "temperature_list": [
      "온",
      "냉"
    ],
    "high_level_category": "한식"
  }
}