{
  "id": 39421,
  "store_name": "란주쿠",
  "llm_summary": "란주쿠는 서울 강남구 삼성동에 위치한 이자카야로, 일본 고치현 출신의 일본인 셰프가 직접 짚불구이 요리를 선보이는 곳입니다. 대표 메뉴로는 짚불곰장어구이, 세세리숯불구이, 후토마키, 사바보우즈시, 킹크랩숯불구이, 해산물나베, 사시미모리아와세(2인), 스키야키 등이 있으며, 메뉴 가격대는 19,000원에서 60,000원 사이입니다. 특히 짚불구이와 숯불구이 등 다양한 일본식 구이 요리를 전문적으로 즐길 수 있으며, 좌석은 모두 개별 파티션 룸으로 구성되어 있어 프라이빗하고 편안한 식사 환경을 제공합니다. 영업시간은 평일 17:30~23:50(마지막 주문 22:50), 주말 17:00~23:00(마지막 주문 22:00)이며, 연중 무휴입니다. 발레파킹이 제공되고, 인스타그램(@ranjuku.warayaki)에서도 소식을 확인할 수 있습니다. 2025년 블루리본 서베이 서울 맛집에 선정된 곳으로, 술 한잔 곁들이며 일본식 정통 짚불구이와 다양한 일식 요리를 즐기기에 적합합니다.",
  "rag_text": "란주쿠는 '서울 2025 선정'에 빛나는 이자카야로, 일본 고치현 출신 셰프가 선보이는 정통 짚불구이와 숯불구이, 사시미 등 다양한 일본 요리를 전문적으로 제공하는 곳입니다. 전 좌석이 개별 파티션 룸으로 구성되어 있어 프라이빗하고 아늑한 분위기에서 식사와 술자리를 즐기기 좋으며, 전통적인 일본식 조리법과 분위기를 경험할 수 있는 정통 일식 이자카야입니다.",
  "metadata": {
    "budget_range": "중",
    "spicy_available": "X",
    "vegetarian_options": "X",
    "main_ingredients_list": [
      "어류",
      "육류",
      "기타",
      "패류"
    ],
    "low_level_category": "이자카야",
    "suitable_for": [
      "서울 2025 선정",
      "술 한잔하기 좋은",
      "프라이빗",
      "조용한",
      "모임"
    ],
    "food_type_list": [
      "고기류",
      "밥류",
      "국물류"
    ],
    "temperature_list": [
      "온",
      "상",
      "생"
    ],
    "high_level_category": "일식"
  }
}