{
  "id": 39499,
  "store_name": "신홍러우(여의도점)",
  "llm_summary": "신홍러우(여의도점)은 서울 영등포구 여의도동 브라이튼 여의도에 위치한 일반중식 레스토랑입니다. 이곳은 짜장면에 등심 스테이크와 트러플을 곁들인 트러플 스테이크 볶음짜장면을 대표 메뉴로 선보이며, 흑마늘과 마늘 플레이크가 올라간 흑마늘 탕수육과 낙지와 전복이 어우러진 매콤한 낙지전복짬뽕도 많은 사랑을 받고 있습니다. 그 외에도 어향가지, 망고크림중새우 같은 다양한 중식 메뉴와 7만원부터 20만원까지 다양한 코스 메뉴를 제공합니다. 레스토랑은 연중무휴로 운영되며, 평일과 주말 모두 10시 50분 또는 11시부터 22시까지 영업하고, 오후 3시부터 5시까지는 브레이크 타임이 있습니다. 프라이빗 룸도 마련되어 있어 비즈니스 모임이나 사적인 모임에 적합합니다. 메뉴는 온기가 주를 이루며, 맵기 옵션이 있는 메뉴도 일부 포함되어 있습니다. 가격대는 중상급으로 다양한 메뉴 선택이 가능합니다. 독자 리뷰는 아직 등록되지 않았습니다.",
  "rag_text": "중식 레스토랑으로, 짜장면에 등심 스테이크와 트러플을 곁들인 트러플 스테이크 볶음짜장면과 흑마늘 탕수육, 낙지와 전복을 함께 맛볼 수 있는 매콤한 짬뽕이 특징입니다. 프라이빗 룸이 있어 조용하고 사적인 모임, 비즈니스 다이닝에 적합한 분위기를 제공합니다. 다양한 중식 테마의 메뉴를 선보이며, 고급스러운 코스 메뉴도 구비되어 있습니다.",
  "metadata": {
    "budget_range": "중",
    "spicy_available": "O",
    "vegetarian_options": "X",
    "main_ingredients_list": [
      "육류",
      "어류",
      "기타"
    ],
    "low_level_category": "일반중식",
    "suitable_for": [
      "비즈니스 모임",
      "사적인 모임",
      "조용한"
    ],
    "food_type_list": [
      "면류",
      "국물류",
      "기타",
      "고기류",
      "해산물류"
    ],
    "temperature_list": [
      "온",
      "상"
    ],
    "high_level_category": "중식"
  }
}