{
  "id": 39533,
  "store_name": "플라워아티장베이커리",
  "llm_summary": "플라워아티장베이커리는 2016년 서울 송파구 문정동에 설립된 프랑스 정통 종합 베이커리로, 엄선한 재료와 섬세한 솜씨, 숙련된 기술을 바탕으로 클래식한 스타일의 다양한 빵을 제공합니다. 특히 앙버터와 바게트, 리본 모양으로 구운 리본크루아상이 유명하며, 바스크치즈케이크와 딸기생크림케이크도 인기가 많습니다. 2023년 르빵바게트챔피언 조원준 셰프의 1등 바게트를 맛볼 수 있습니다. 메뉴는 바게트, 크루아상, 팽스위스, 퀸아망, 크렘브륄레브리오슈, 리본크루아상 등 다양한 디저트류와 아메리카노, 카페라테 같은 음료로 구성되어 있으며, 가격대는 3,900원부터 7,900원까지 다양합니다. 영업시간은 월요일부터 토요일 오전 8시부터 오후 9시까지이며, 매주 일요일은 휴무입니다. 서울 2025 선정 맛집으로, 서울 송파구 법원로 114 엠스테이트 E동 B134호에 위치해 있습니다.",
  "rag_text": "클래식한 스타일의 프랑스 정통 베이커리로 엄선한 재료와 섬세한 솜씨가 돋보이며, 앙버터와 바게트, 리본크루아상이 인기 메뉴입니다. 서울 2025 선정 맛집으로 고급스러운 디저트류와 커피 음료를 제공하며, 프리미엄 베이커리 경험을 원하는 고객에게 적합합니다.",
  "metadata": {
    "budget_range": "중",
    "spicy_available": "X",
    "vegetarian_options": "X",
    "main_ingredients_list": [
      "기타"
    ],
    "low_level_category": "베이커리",
    "suitable_for": [
      "서울 2025 선정",
      "클래식한",
      "프리미엄",
      "베이커리",
      "디저트",
      "커피",
      "고급"
    ],
    "food_type_list": [
      "디저트류",
      "음료"
    ],
    "temperature_list": [
      "상",
      "기타"
    ],
    "high_level_category": "디저트류"
  }
}