{
  "id": 39564,
  "store_name": "명인갈비(미아점)",
  "llm_summary": "명인갈비(미아점)은 서울 강북구 미아동에 위치한 갈비 전문 한식당으로, 천연 과일을 발효 숙성하여 만든 양념을 사용하는 돼지양념구이와 전통 방식으로 손질한 소 양념갈비가 대표 메뉴입니다. 소갈비는 꽃갈비 부위만을 엄선해 수작업으로 포를 뜨고 칼집을 넣어 깊고 풍부한 맛을 자랑하며, 갈비 양념은 화학 연육제나 농축액 없이 배를 핵심 재료로 한 자연 숙성 발효 연육과 미네랄이 풍부한 비정제 설탕을 사용해 건강하고 감칠맛 나는 맛을 구현합니다. 메뉴로는 돼지양념구이, 소양념갈비, 소생갈비, 통갈비살, 갈비탕 등이 있으며 모두 온(따뜻한) 상태로 제공됩니다. 2017년 연남점 개점 이후 7년간 고객과 함께 성장해왔으며, 총 200평, 200석 규모의 넓은 공간으로 직장 회식, 소모임, 가족 모임 등 다양한 인원 수용이 가능합니다. 100% 참나무 숯과 왕겨로 훈연하여 깊은 풍미를 내며, 미아사거리역과 롯데백화점 미아점에서 도보 5분 거리로 접근성도 뛰어납니다. 영업시간은 11:30부터 21:50까지이며 명절 당일 휴무입니다. 다양한 고객 혜택과 이벤트를 제공하며, 갈비 이상의 가치와 경험을 선사하는 미아사거리 대표 갈비 맛집입니다.",
  "rag_text": "명인갈비(미아점)는 천연 과일 발효 숙성 양념과 전통 방식의 소 양념갈비를 선보이는 한식 갈비 전문점입니다. 자연 숙성된 건강한 양념과 참나무 숯, 왕겨 훈연으로 깊고 풍부한 맛을 구현하며, 가족 모임, 직장 회식, 소모임 등 대규모 모임에 적합한 넓은 공간을 갖추고 있습니다. 미아사거리 지역에서 가성비 좋은 갈비 맛집으로 평가받으며, 고객 만족을 최우선으로 하는 고객 중심 경영을 실천합니다.",
  "metadata": {
    "budget_range": "중",
    "spicy_available": "X",
    "vegetarian_options": "X",
    "main_ingredients_list": [
      "육류"
    ],
    "low_level_category": "소갈비, 돼지고기구이",
    "suitable_for": [
      "회식",
      "소모임",
      "가족모임",
      "가성비"
    ],
    "food_type_list": [
      "고기류",
      "국물류"
    ],
    "temperature_list": [
      "온"
    ],
    "high_level_category": "한식"
  }
}