{
  "id": 39572,
  "store_name": "이가해장국",
  "llm_summary": "이가해장국은 서울 서초구 사평대로에 위치한 한식 국밥 전문점으로, 한우소머리국밥, 뼈해장국, 차돌된장찌개를 주력 메뉴로 제공합니다. 감자탕 또한 인기 메뉴이며, 후식으로 숭늉을 맛볼 수 있습니다. 매장은 쾌적한 환경을 갖추고 있어 단체 모임에도 적합합니다. 메뉴는 모두 따뜻한 국물류로 구성되어 있으며, 대부분 매운 맛이 특징입니다. 가격대는 9,000원부터 49,000원까지 다양하며, 한우소머리국밥과 감자탕은 특 메뉴로 더 높은 가격에 제공됩니다. 연중무휴로 오전 10시부터 오후 10시까지 운영하며, 브레이크타임은 오후 3시 30분부터 5시까지입니다. 전반적으로 전통적인 한식 국밥과 찌개류를 전문으로 하는 가게로, 편안하고 모임에 적합한 분위기를 자랑합니다.",
  "rag_text": "한우소머리국밥과 뼈해장국, 차돌된장찌개를 맛볼 수 있는 한식 국밥 전문점으로, 감자탕도 인기 메뉴입니다. 매장은 쾌적하며 단체 모임에 적합한 편안한 분위기를 제공합니다. 전통적인 한식 국물류 메뉴를 중심으로 하며, 전통성과 맛을 중시하는 고객에게 어울립니다.",
  "metadata": {
    "budget_range": "중",
    "spicy_available": "O",
    "vegetarian_options": "X",
    "main_ingredients_list": [
      "육류"
    ],
    "low_level_category": "소고기국밥, 뼈다귀해장국",
    "suitable_for": [
      "단체모임",
      "편안한",
      "전통적"
    ],
    "food_type_list": [
      "국물류"
    ],
    "temperature_list": [
      "온"
    ],
    "high_level_category": "한식"
  }
}