{
  "id": 39724,
  "store_name": "고기연",
  "llm_summary": "고기연은 서울 종로구 자하문로1가길 17에 위치한 숙성 목살 전문 돼지고기구이 전문점입니다. 이곳은 숙성한 목살을 부위별로 세분화한 목살카세를 주력 메뉴로 제공하며, 황태소금, 갈치속젓, 육장, 명란마늘 등 다양한 양념과 함께 고품장이라는 미추리와 여러 재료를 넣은 된장찌개를 곁들여 맛볼 수 있습니다. 고기는 손님이 편하게 즐길 수 있도록 직접 구워 주며, 사이드 메뉴로는 매콤한 국물 요리인 쫄순이와 고품장 된장찌개가 있습니다. 고기연은 청와대 인근 서촌 지역에서 유명하며, 종갓집 비법 갓김치, 파김치, 묶은지양념, 미나리 짱아지 등 다양한 반찬과 5가지 소스를 제공하여 입맛에 맞게 즐길 수 있습니다. 모든 음식과 찌개, 반찬을 직접 만들어 제공하며, 최고급 재료와 친절한 서비스로 방문객 만족도를 높이고 있습니다. 메뉴 가격대는 6,000원부터 20,000원 사이이며, 대표 메뉴로는 삼겹살, 목살, 목살카세, 항정살, 이베리코 갈빗살 등이 있습니다. 영업시간은 평일 오후 3시부터 10시까지, 주말은 낮 12시부터 10시까지 운영하며 연중무휴입니다. 인스타그램 계정(gogiyeon.kr)을 통해 소식도 확인할 수 있습니다. 방문객 리뷰는 아직 등록되지 않았으나, 고기연은 숙성 돼지고기와 다양한 양념, 직접 만든 찌개와 반찬으로 한식 고기구이의 정수를 경험할 수 있는 맛집입니다.",
  "rag_text": "고기연은 숙성 목살을 부위별로 세분화한 목살카세를 중심으로 한 돼지고기구이 전문 한식당입니다. 황태소금, 갈치속젓, 육장, 명란마늘 등 고기에 곁들이기 좋은 다양한 양념과 미추리와 재료를 넣은 고품장 된장찌개가 특징입니다. 고기를 직접 구워주는 서비스와 종갓집 비법 갓김치, 파김치, 묶은지양념, 미나리 짱아지 등 다채로운 반찬, 5가지 소스가 제공되어 풍부한 맛의 조화를 이룹니다. 쫄순이, 고품장 찌개 등 사이드 메뉴도 인기이며, 모든 음식과 찌개, 반찬을 직접 만들어 제공하는 정성 가득한 한식 숙성고기집입니다. 서울 경복궁역 서촌에 위치해 있으며, 청와대 인근 맛집으로 알려져 있습니다. 고기연은 친절한 서비스와 최고급 재료로 누구나 만족할 수 있는 맛과 분위기를 제공합니다.",
  "metadata": {
    "budget_range": "중",
    "spicy_available": "O",
    "vegetarian_options": "X",
    "main_ingredients_list": [
      "기타",
      "육류"
    ],
    "low_level_category": "돼지고기구이",
    "suitable_for": [
      "가족모임",
      "친절한 서비스",
      "숙성고기 전문",
      "한식",
      "서촌 맛집"
    ],
    "food_type_list": [
      "면류",
      "기타",
      "고기류"
    ],
    "temperature_list": [
      "온"
    ],
    "high_level_category": "한식"
  }
}