{
  "id": 39732,
  "store_name": "무국적식당주철",
  "llm_summary": "무국적식당주철은 서울 송파구 문정역테라타워에 위치한 무국적술집으로, 다양한 국가의 요리와 함께 술을 즐기기 좋은 공간입니다. 쉐프의 열정이 담긴 국적 없는 요리를 선보이며, 특히 오징어 안에 새우, 초리죠, 마늘을 채워 명태 살사를 곁들인 이태리 오징어 순대가 대표 메뉴입니다. 그 외에도 트러플 아보카도 다타키, 스위스식 감자전, 주철탕, 차이니즈 냉채족발 등 독특한 메뉴들이 준비되어 있습니다. 메뉴 가격대는 22,000원에서 30,000원 사이이며, 주로 해산물류, 고기류, 국물류, 디저트류 등 다양한 카테고리로 구성되어 있습니다. 영업시간은 월요일부터 토요일까지 17시부터 23시까지이며, 일요일은 휴무입니다. 술 한잔하기 좋은 저녁에만 운영하는 점과 국적 없는 다채로운 메뉴 구성이 특징입니다. 매장 위치는 서울특별시 송파구 송파대로 167 문정역테라타워 A동 1층 121호이며, 인스타그램(http://www.instagram.com/zoo_chul)을 통해서도 정보를 확인할 수 있습니다.",
  "rag_text": "무국적술집으로 다양한 국가의 요리를 선보이며 술 한잔하기 좋은 분위기의 공간입니다. 이태리 오징어 순대, 트러플 아보카도 다타키, 스위스식 감자전, 주철탕, 차이니즈 냉채족발 등 색다른 메뉴를 제공하며, 국적 없는 창의적인 요리를 즐길 수 있습니다. 저녁에만 영업하며, 열정 가득한 쉐프가 운영하는 공간으로 편안하고 다채로운 맛을 경험할 수 있습니다.",
  "metadata": {
    "budget_range": "중",
    "spicy_available": "X",
    "vegetarian_options": "X",
    "main_ingredients_list": [
      "기타",
      "패류",
      "육류",
      "어류"
    ],
    "low_level_category": "무국적술집",
    "suitable_for": [
      "술자리",
      "저녁",
      "창의적",
      "국적없음"
    ],
    "food_type_list": [
      "디저트류",
      "고기류",
      "국물류",
      "해산물류"
    ],
    "temperature_list": [
      "상",
      "온",
      "냉",
      "생"
    ],
    "high_level_category": "기타"
  }
}