{
  "id": 39773,
  "store_name": "화다인",
  "llm_summary": "화다인은 서울 강남구 논현동에 위치한 고급스러운 블랙톤 인테리어의 투플러스 한우 전문점입니다. 최고 등급의 BMS no.9 한우 1++ 소고기만을 엄선하여 다양한 부위를 합리적인 가격에 즐길 수 있는 세트 메뉴가 추천됩니다. 고기는 직원이 직접 구워 제공하며, 4인 테이블 6개, 바 테이블 4개, 6인 프라이빗 룸 2개(최대 12인 수용)가 마련되어 있어 가족 모임이나 비즈니스 다이닝, 특별한 날 기념에 적합합니다. 와인 콜키지가 무제한 무료로 제공되어 와인과 함께 식사를 즐길 수 있습니다. 메뉴는 안심, 특등심, 채끝등심, 갈비살, 업진살, 살치살, 꽃등심 등 다양한 부위의 한우 고기류와 여러 세트 메뉴로 구성되어 있으며, 가격대는 5,000원부터 70,000원 이상까지 다양합니다. 매주 일요일 휴무이며, 월~토요일 오후 4시부터 11시 30분까지 운영합니다. 인근 유료주차장 이용이 가능하며, 공식 인스타그램(hwadine_official)을 통해 추가 정보를 확인할 수 있습니다.",
  "rag_text": "블랙톤으로 고급스럽게 인테리어한 투플러스 한우 전문점으로, 고기는 직원이 직접 구워줍니다. 다양한 부위를 합리적인 가격으로 즐길 수 있는 세트 메뉴가 추천되며, 프라이빗 룸도 마련되어 있습니다. 화다인은 한식 테마의 숙성한우 1++ 다이닝으로, 프라이빗룸과 바 테이블이 있어 조용하고 고급스러운 분위기에서 가족 모임, 비즈니스 다이닝, 특별한 기념일에 적합합니다.",
  "metadata": {
    "budget_range": "고",
    "spicy_available": "X",
    "vegetarian_options": "X",
    "main_ingredients_list": [
      "육류",
      "기타"
    ],
    "low_level_category": "소고기구이",
    "suitable_for": [
      "가족모임",
      "비즈니스",
      "특별한날",
      "조용한"
    ],
    "food_type_list": [
      "고기류",
      "기타"
    ],
    "temperature_list": [
      "온",
      "기타"
    ],
    "high_level_category": "한식"
  }
}