{
  "id": 39876,
  "store_name": "이식일사",
  "llm_summary": "이식일사는 서울 강남구 역삼동에 위치한 떡볶이 전문 맛집으로, 한우와 트러플 짜장소스가 어우러진 한우트러플짜장떡볶이와 소갈비 크림소스가 들어간 소갈비크림떡볶이 등 다양한 떡볶이 메뉴를 선보입니다. 대표 메뉴인 고메버터떡볶이는 고메버터를 곁들여 먹는 독특한 맛으로 인기가 높으며, 소고기가 들어간 1993까꿍오므라이스도 추천 메뉴입니다. 이외에도 치츠앤탑햄버그와 햄버그플레이트 같은 양식 메뉴도 제공하여 다양한 입맛을 만족시킵니다. 매장은 신논현역과 강남역 인근에 위치해 소개팅, 데이트, 가벼운 식사 등 다양한 상황에 적합하며, 어린아이부터 성인까지 남녀노소 모두 즐길 수 있는 메뉴 구성을 자랑합니다. 연중무휴로 운영되며, 가격대는 8,000원에서 23,000원 사이입니다. 매장 측은 최고의 맛으로 고객의 입맛을 사로잡기 위해 노력하고 있습니다.",
  "rag_text": "한우와 트러플 짜장소스로 맛을 낸 떡볶이와 소갈비 크림소스가 들어간 다양한 떡볶이 메뉴를 제공하는 한식 전문점입니다. 고메버터떡볶이와 소고기가 들어간 까꿍오므라이스가 인기 메뉴이며, 양식 메뉴도 함께 선보여 폭넓은 맛을 경험할 수 있습니다. 소개팅, 데이트, 가벼운 식사에 적합한 분위기의 강남역과 신논현역 인근 맛집입니다. 어린아이부터 성인까지 남녀노소 모두에게 사랑받는 편안하고 친근한 맛집으로, 연중무휴 운영됩니다.",
  "metadata": {
    "budget_range": "중",
    "spicy_available": "O",
    "vegetarian_options": "X",
    "main_ingredients_list": [
      "기타",
      "육류"
    ],
    "low_level_category": "떡볶이",
    "suitable_for": [
      "소개팅",
      "데이트",
      "가벼운 식사",
      "남녀노소",
      "가족"
    ],
    "food_type_list": [
      "기타",
      "밥류",
      "고기류",
      "면류"
    ],
    "temperature_list": [
      "온"
    ],
    "high_level_category": "한식"
  }
}