{
  "id": 39933,
  "store_name": "력",
  "llm_summary": "력은 서울 마포구 상암동에 위치한 민물장어구이 전문 한식당입니다. 2021년 11월 16일에 개업한 이 가게는 신선한 활장어를 소금, 양념, 간장 중 선택하여 주문할 수 있으며, 장어구이 외에도 장어강정과 멍게무침 같은 해산물 요리도 제공합니다. 기본 반찬으로는 샐러드와 다양한 곁들임 반찬이 나오며, 모든 메뉴에 알탕이 서비스로 제공되어 풍성한 한 끼를 즐길 수 있습니다. 메뉴 가격대는 15,000원부터 95,000원까지 다양하며, 대표 메뉴로는 더덕구이, 멍게무침, 장어강정, 산꼼장어 1kg, 민물장어구이가 있습니다. 영업시간은 월요일부터 토요일까지 11:00~23:00이며, 14:00~16:00에는 브레이크타임이 있고, 일요일은 휴무입니다. 매장 위치는 1층으로 편리하며, 방문객들이 편하게 바로 즐길 수 있도록 신선한 재료와 깔끔한 조리를 자랑합니다. 현재 블루리본 서베이 선정이나 서울 2025 선정에는 포함되어 있지 않으며, 독자 리뷰는 아직 등록되지 않았습니다. 전체적으로 전통적인 한식 민물장어구이 전문점으로, 신선한 재료와 다양한 반찬, 서비스 메뉴가 특징입니다.",
  "rag_text": "민물장어구이를 전문으로 하는 한식당으로, 소금, 양념, 간장 중 선택해 장어구이를 주문할 수 있습니다. 기본 반찬으로 샐러드와 다양한 곁들임 반찬이 제공되며, 모든 메뉴에 알탕 서비스가 포함되어 있습니다. 장어강정과 멍게무침 같은 해산물 메뉴도 함께 즐길 수 있습니다. 전통적인 한식 분위기이며, 싱싱한 활장어를 바로 구워 편안하게 즐길 수 있는 편안한 식당입니다.",
  "metadata": {
    "budget_range": "중",
    "spicy_available": "O",
    "vegetarian_options": "X",
    "main_ingredients_list": [
      "기타",
      "패류",
      "어류"
    ],
    "low_level_category": "장어",
    "suitable_for": [],
    "food_type_list": [
      "기타",
      "해산물류"
    ],
    "temperature_list": [
      "온",
      "상"
    ],
    "high_level_category": "한식"
  }
}