{
  "id": 39948,
  "store_name": "플랜튜드(용산점)",
  "llm_summary": "플랜튜드(용산점)은 서울 용산구 한강대로23길 55 테이스트파크 7층에 위치한 비건 전문 퓨전 레스토랑입니다. 다양한 비건 퓨전 요리를 선보이며, 대표 메뉴로는 매운맛이 특징인 순두부인헬, 트러플 감태 크림 떡볶이, 고사리 오일 스톡 파스타가 있습니다. 또한 두부, 표고버섯, 새송이, 연근 등을 튀겨 간장소스에 볶은 모둠버섯두부강정이 인기 메뉴이며, 디저트로는 두부 티라미수가 추천됩니다. 메뉴는 한식과 양식이 혼합되어 있으며, 가격대는 4,000원부터 16,000원 사이입니다. 영업시간은 매일 11:00부터 22:00까지이며, 연중 무휴로 운영됩니다. 매장 분위기는 연중무휴로 편안하며, 비건과 퓨전 요리를 즐길 수 있는 곳입니다. 인스타그램과 네이버 블로그를 통해 추가 정보를 확인할 수 있습니다.",
  "rag_text": "다양한 퓨전 요리를 맛볼 수 있는 비건 레스토랑으로, 순두부인헬, 트러플 감태 크림 떡볶이, 고사리 오일 스톡 파스타를 주력 메뉴로 선보입니다. 두부와 여러 버섯, 연근 등을 활용한 건강한 비건 요리를 제공하며, 디저트로는 두부 티라미수를 추천합니다. 한식과 양식이 조화된 메뉴 구성이 특징이며, 연중무휴로 운영되어 언제든 방문하기 좋습니다.",
  "metadata": {
    "budget_range": "중",
    "spicy_available": "O",
    "vegetarian_options": "O",
    "main_ingredients_list": [
      "기타"
    ],
    "low_level_category": "비건",
    "suitable_for": [],
    "food_type_list": [
      "디저트류",
      "기타",
      "면류",
      "국물류",
      "밥류"
    ],
    "temperature_list": [
      "냉",
      "상",
      "온"
    ],
    "high_level_category": "기타"
  }
}