{
  "id": 39972,
  "store_name": "오늘동(성수점)",
  "llm_summary": "오늘동(성수점)은 서울 성동구 성수동2가에 위치한 일식덮밥과 텐동 전문점입니다. 대표 메뉴인 오늘텐동은 채소와 새우를 기름에 비법 재료를 넣어 튀겨 내어 인기가 높으며, 스페셜텐동과 아나고텐동도 많은 사랑을 받고 있습니다. 이외에도 돈가스정식, 스키야키정식 등 다양한 일식 메뉴를 제공합니다. 모든 메뉴는 따뜻하게 제공되며, 가격대는 11,000원에서 20,000원 사이로 합리적입니다. 매장은 월요일부터 토요일까지 오전 11시부터 오후 10시까지 운영하며, 매주 일요일은 휴무입니다. 인스타그램 공식 계정도 운영 중이며, 2024년 3월 11일에 개업한 신생 매장입니다. 현재 독자 리뷰는 등록되어 있지 않으나, 블루리본 Pick으로 선정되어 신뢰받는 맛집임을 알 수 있습니다.",
  "rag_text": "텐동이 인기 있는 오늘동의 성수점으로, 채소와 새우를 튀겨 올린 오늘텐동이 특징이며 기름에 비법 재료를 넣어 튀기는 조리법이 돋보입니다. 스페셜텐동과 아나고텐동도 인기 메뉴이며, 텐동 외에도 돈가스 정식과 스키야키 정식을 맛볼 수 있는 일식 전문점입니다.",
  "metadata": {
    "budget_range": "중",
    "spicy_available": "X",
    "vegetarian_options": "X",
    "main_ingredients_list": [
      "어류",
      "육류",
      "패류"
    ],
    "low_level_category": "일식덮밥, 텐동",
    "suitable_for": [],
    "food_type_list": [
      "밥류",
      "고기류",
      "국물류"
    ],
    "temperature_list": [
      "온"
    ],
    "high_level_category": "일식"
  }
}