{
  "id": 3998,
  "store_name": "레스쁘아",
  "llm_summary": "레스쁘아는 서울 강남구 청담동에 위치한 클래식 프렌치 레스토랑으로, 임기학 셰프가 정통 프렌치 레시피를 기반으로 요리를 선보입니다. 2008년 5월에 개업했으며, 2025년 9월 인근으로 이전 및 리뉴얼 오픈을 통해 한층 세련된 분위기로 업그레이드되었습니다. 2, 3층에 위치하고 있으며, 위층에는 샤퀴테리를 즐길 수 있는 '무슈꼬숑'이 함께 자리하고 있습니다. 대표 메뉴로는 클래식코스(180,000원), 시즌코스(200,000원), 런치코스(100,000원) 등 다양한 프렌치 코스 요리가 준비되어 있으며, 가격대는 10만~20만원대로 파인 다이닝에 적합합니다. 모든 메뉴는 맵지 않으며, 주재료는 특별히 명시되지 않았습니다. 레스쁘아는 레드리본 선정 및 서울 2025 맛집으로 꼽혔고, 가족 외식, 결혼기념일, 비즈니스 다이닝, 연인과의 방문, 프러포즈 등 다양한 특별한 자리에 잘 어울리는 곳입니다. 인테리어와 분위기가 뛰어나고, 스타 셰프가 운영하며, 가격대비 만족도가 높다는 평가를 받고 있습니다. 영업시간은 월요일, 수~일 12:00~22:00(브레이크타임 15:00~17:30), 매주 화요일과 명절 연휴는 휴무입니다. 발레파킹이 제공되며, 인스타그램(@lespoirduhibou)에서도 정보를 확인할 수 있습니다.",
  "rag_text": "비스트로를 표방하는 클래식 프렌치 레스토랑으로, 레드리본 선정 및 서울 2025 맛집에 이름을 올린 곳입니다. 임기학 셰프가 정통 프렌치 레시피를 기반으로 파인 다이닝을 선보이며, 양식 테마의 다양한 코스 요리를 제공합니다. 2025년 9월 리뉴얼 오픈으로 한층 세련된 분위기를 자랑하며, 인테리어가 뛰어나고 가족 모임, 결혼기념일, 연인과의 데이트, 비즈니스 다이닝, 프러포즈 등 특별한 자리에 적합합니다. 스타 셰프가 운영하는 곳으로, 분위기와 만족도가 높고 고급스러운 프렌치 다이닝 경험을 원하는 이들에게 추천됩니다.",
  "metadata": {
    "budget_range": "고",
    "spicy_available": "X",
    "vegetarian_options": "X",
    "main_ingredients_list": [
      "기타"
    ],
    "low_level_category": "프랑스식",
    "suitable_for": [
      "레드리본 선정",
      "서울 2025 선정",
      "가족모임",
      "결혼기념일",
      "비즈니스 다이닝",
      "연인",
      "프러포즈",
      "스타 셰프",
      "인테리어가 좋은",
      "파인 다이닝",
      "가격대비 만족도 높음",
      "분위기 좋은"
    ],
    "food_type_list": [
      "기타"
    ],
    "temperature_list": [
      "기타"
    ],
    "high_level_category": "양식"
  }
}