{
  "id": 40001,
  "store_name": "파르삐떼디저트바",
  "llm_summary": "파르삐떼디저트바는 서울 강동구 성내동 올림픽파크플러스 101호에 위치한 라이브디저트 카페입니다. 분자요리 기법을 활용한 플레이트 디저트를 전문으로 하며, 플레이트 디저트를 코스 형태로 즐길 수 있습니다. 대표 메뉴로는 플레이트디저트 정원과 봄, 디저트 오마카세가 있으며, 카늘레와 버터 쿠키도 인기가 많습니다. 음료로는 시그니처 헤이즐넛샤케라토가 추천되며, 아메리카노, 카페라테, 녹차딸기스무디 등 다양한 음료도 제공합니다. 가격대는 3,000원부터 38,000원까지 다양하며, 매장은 월~화요일과 목~일요일 12:00부터 20:30까지 운영하고, 매주 수요일은 휴무입니다. 2024년 4월에 개업했으며, 매장 앞에 1대의 주차가 가능합니다. 독자 리뷰는 아직 등록되어 있지 않습니다.",
  "rag_text": "분자요리 기법을 활용한 플레이트 디저트를 선보이는 라이브디저트 카페로, 코스 형태의 플레이트 디저트와 인기 있는 카늘레, 버터 쿠키, 추천 음료인 헤이즐넛샤케라토를 제공합니다. 창의적이고 세련된 디저트와 음료를 즐길 수 있는 공간입니다.",
  "metadata": {
    "budget_range": "중",
    "spicy_available": "X",
    "vegetarian_options": "X",
    "main_ingredients_list": [
      "기타"
    ],
    "low_level_category": "라이브디저트",
    "suitable_for": [],
    "food_type_list": [
      "음료",
      "기타",
      "디저트류"
    ],
    "temperature_list": [
      "기타",
      "상"
    ],
    "high_level_category": "디저트류"
  }
}