{
  "id": 40017,
  "store_name": "프레드므아청담",
  "llm_summary": "프레드므아청담은 서울 강남구 청담동에 위치한 프렌치 파인 다이닝으로 유명한 윤화영 셰프의 베이커리입니다. 이곳은 직접 만든 빵으로 만든 다양한 샌드위치를 제공하며, 대표 메뉴로는 밤바브카, 루벤샌드위치, 통밀캄파뉴 등이 있습니다. 또한 크루아상과 커피가 함께 나오는 모닝세트도 즐길 수 있습니다. 메뉴는 루벤샌드위치(18,000원), 페렐로올리브푸가스(6,000원), 통밀캄파뉴(9,000원), 이탈리안샌드위치(15,000원), 제철과일샌드(7,500원), 티라미수(7,000원), 보들보들큐브식빵(6,500원), 아메리카노(4,000원), 라테(5,000원) 등 다양합니다. 영업시간은 월요일, 목요일부터 일요일까지 08:30~19:30이며, 화요일과 수요일은 휴무입니다. 발레파킹이 가능하며, 인스타그램(@boulangerie_pres_de_moi)을 통해 소식을 접할 수 있습니다. 이 가게는 블루리본 서베이 서울 2025년판에 선정된 레드리본 맛집으로, 고급 베이커리와 샌드위치를 맛볼 수 있는 곳입니다.",
  "rag_text": "프렌치 파인 다이닝으로 유명한 윤화영 셰프의 베이커리로, 직접 만든 빵과 다양한 고급 샌드위치를 선보입니다. 레드리본 선정 서울 2025 선정 맛집이며, 샌드위치와 베이커리 중심의 고급 디저트류 및 음료를 제공합니다. 고급스럽고 세련된 분위기로 모닝세트와 함께 커피를 즐길 수 있는 공간입니다.",
  "metadata": {
    "budget_range": "중",
    "spicy_available": "X",
    "vegetarian_options": "X",
    "main_ingredients_list": [
      "기타",
      "육류"
    ],
    "low_level_category": "샌드위치, 베이커리",
    "suitable_for": [
      "레드리본 선정",
      "서울 2025 선정",
      "고급",
      "베이커리",
      "샌드위치",
      "모닝세트"
    ],
    "food_type_list": [
      "디저트류",
      "고기류",
      "음료"
    ],
    "temperature_list": [
      "상",
      "기타"
    ],
    "high_level_category": "기타"
  }
}