{
  "id": 40105,
  "store_name": "심경희라라랜드",
  "llm_summary": "심경희라라랜드는 서울 여의도에 위치한 소갈비 전문 한식당으로, 1980년대 풍의 레트로한 인테리어와 소품이 돋보이는 곳입니다. 이 식당은 세계 2위 육가공 회사인 IBP에서 수출받은 텍사스 상위 8% 탑초이스 등급의 우대 LA갈비를 사용하며, 지방막을 제거한 갈비를 심경희 여사의 특제 소스에 56시간 숙성시킨 후 습식 오븐기로 초벌하고 참나무 백탄으로 마무리 구워 깊은 풍미를 자랑합니다. 또한 일본 후쿠오카에서 공수한 소 모양 주물판에 소스를 부어 따뜻하게 즐길 수 있으며, 매운 LA갈비 메뉴도 개발하여 매운맛을 선호하는 고객도 만족시킵니다. 된장술밥과 순두부찌개 등 사이드 메뉴는 부산 80년 전통의 된장 명가의 된장을 사용해 감칠맛을 더하고, 고창산 믿을 수 있는 계란과 광주 30년 전통 김치를 곁들입니다. 사케, 일본 소주, 위스키, 와인 등 다양한 주류도 준비되어 있어 가족, 연인, 단체 모임 및 회식 장소로 적합합니다. 매장은 국회의사당역 3번 출구에서 도보 3분 거리이며, 무료 주차장과 유료 주차장도 이용 가능합니다. 영업시간은 매일 11시부터 23시까지이며, 15시부터 17시까지는 고기 손질 시간으로 브레이크 타임입니다. 예약은 10인에서 14인 단체까지 가능하며, 합리적인 가격대에 풍성한 메뉴를 제공합니다.",
  "rag_text": "심경희라라랜드는 우대 LA갈비를 56시간 숙성한 특제 소스와 참나무 백탄으로 구워내는 소갈비 전문 한식당입니다. 1980년대 레트로 인테리어와 소품으로 추억을 자아내며, 매운 LA갈비 메뉴도 있어 다양한 매운맛을 즐길 수 있습니다. 부산 전통 된장과 고창산 신선한 계란, 광주 김치 등 엄선된 재료를 사용하며, 일본 사케와 소주, 위스키, 와인 등 다양한 주류를 갖추어 가족, 연인, 단체 모임에 적합한 분위기를 제공합니다.",
  "metadata": {
    "budget_range": "중",
    "spicy_available": "O",
    "vegetarian_options": "X",
    "main_ingredients_list": [
      "육류",
      "기타",
      "패류"
    ],
    "low_level_category": "소갈비",
    "suitable_for": [
      "가족모임",
      "단체모임",
      "회식",
      "데이트",
      "레트로",
      "매운맛선호"
    ],
    "food_type_list": [
      "고기류",
      "면류",
      "밥류",
      "국물류"
    ],
    "temperature_list": [
      "온",
      "냉"
    ],
    "high_level_category": "한식"
  }
}