{
  "id": 40187,
  "store_name": "레스토랑산",
  "llm_summary": "레스토랑산은 서울 강남구 신사동에 위치한 컨템포러리 한식 기반의 파인 다이닝 레스토랑으로, 2025년 서울 맛집으로 선정되었습니다. 샌프란시스코 베누 출신 조승현 셰프가 운영하며, 제철 식재료를 활용한 한식 코스를 선보입니다. 대표 메뉴는 35만원의 디너 코스로, 한우 등심 스테이크와 셰프의 뛰어난 한식 재해석 능력을 보여주는 부산밀면이 포함되어 있습니다. 인테리어가 세련되고 분위기가 좋아 데이트나 특별한 모임에 적합하며, 와인 페어링과 고객 맞춤형 서비스도 제공합니다. 영업시간은 화~금요일 18:00~22:00, 토요일 12:00~22:00이며 매주 월, 일요일은 휴무입니다. 발레파킹 서비스가 제공되고, 2024년 8월에 개업한 신생 레스토랑입니다. 독자 리뷰는 아직 등록되지 않았으나, 스타 셰프의 이노베이티브 퀴진과 섬세한 매운맛 조율로 한국 최고의 레스토랑 중 하나로 평가받고 있습니다.",
  "rag_text": "샌프란시스코 베누 출신 조승현 셰프가 제안하는 컨템포러리 한식 기반의 고급 파인 다이닝. 제철 식재료를 활용한 한식 코스 요리와 세련된 한식 재해석, 이노베이티브 퀴진이 특징이다. 와인 페어링과 고객 맞춤형 서비스가 더해져 분위기 좋은 레스토랑으로, 서울 2025 선정 레이블을 보유하고 있다.",
  "metadata": {
    "budget_range": "고",
    "spicy_available": "X",
    "vegetarian_options": "X",
    "main_ingredients_list": [
      "기타"
    ],
    "low_level_category": "컨템포러리",
    "suitable_for": [
      "서울 2025 선정",
      "데이트",
      "분위기 좋은",
      "파인 다이닝",
      "특별한 모임"
    ],
    "food_type_list": [
      "기타"
    ],
    "temperature_list": [
      "기타"
    ],
    "high_level_category": "양식"
  }
}