{
  "id": 40191,
  "store_name": "호석촌",
  "llm_summary": "호석촌은 서울 송파구 석촌동에 위치한 순댓국 전문 한식당으로, 돼지 뼈를 16시간 이상 고아낸 진한 육수를 사용하여 깊은 맛의 순댓국을 제공합니다. 대표 메뉴로는 순댓국, 호석촌정식, 수육, 술국 등이 있으며, 순댓국은 순대와 내장 등을 특제 소스에 찍어 먹는 방식으로 맛을 더합니다. 밑반찬은 깍두기, 고추, 양파 등 간결하게 제공되어 국물 요리의 맛을 돋우며, 메뉴 가격대는 10,000원에서 18,000원 사이입니다. 술국은 매운맛이 가미되어 있으며, 영업은 연중무휴 24시간으로 운영되어 언제든 방문이 가능합니다. 2023년 11월 15일에 개업하였으며, 서울 2025 맛집으로 선정되어 신뢰받는 맛집임을 인증받았습니다. 인스타그램(@hoseokchon1986)을 통해 소식을 접할 수 있습니다.",
  "rag_text": "서울 2025 선정 순댓국 전문 한식당으로, 돼지 뼈를 16시간 이상 고아낸 육수를 사용해 깊고 진한 맛의 순댓국을 제공합니다. 순대와 내장 등을 특제 소스에 찍어 먹는 전통적인 방식으로 맛을 더하며, 깔끔한 밑반찬과 함께 제공됩니다. 한식 테마의 국물류와 고기류 메뉴를 중심으로 하며, 편안하고 전통적인 분위기에서 한식을 즐길 수 있는 곳입니다.",
  "metadata": {
    "budget_range": "중",
    "spicy_available": "O",
    "vegetarian_options": "X",
    "main_ingredients_list": [
      "육류",
      "기타"
    ],
    "low_level_category": "순댓국",
    "suitable_for": [
      "서울 2025 선정",
      "전통적인",
      "한식",
      "국물요리"
    ],
    "food_type_list": [
      "국물류",
      "기타",
      "고기류"
    ],
    "temperature_list": [
      "온"
    ],
    "high_level_category": "한식"
  }
}