{
  "id": 40200,
  "store_name": "롤리폴리꼬또",
  "llm_summary": "롤리폴리꼬또는 오뚜기에서 운영하는 서울 강남구 논현동의 퓨전 한식 레스토랑으로, 정성스럽게 끓인 카레와 신선한 재료를 사용하여 새롭게 해석한 라면을 선보입니다. 대표 메뉴로는 소고기와 사과가 들어간 소고기사과카레, 돈가스카레, 우삼겹&파채라면, 달걀노른장밥, 롤리폴리토마토가 있으며, 모든 메뉴는 따뜻하게 제공되고 대부분 매운 맛이 가미되어 있습니다. 특히 마열라면은 달걀노른장밥과 함께 즐기기에 좋습니다. 예약은 불가하며, 현금 없는 매장으로 신용카드나 전자결제만 가능합니다. 영업시간은 월~금요일 11:30~21:00 (브레이크타임 15:00~17:00), 토요일 11:30~20:00이며, 매주 일요일은 휴무입니다. 2020년 11월 26일에 개업했으며, 인스타그램(@rolypoly_cotto)을 통해 소식을 확인할 수 있습니다. 메뉴 가격대는 2,800원부터 14,800원 사이로 다양하며, 가성비 좋은 퓨전 한식 경험을 제공합니다.",
  "rag_text": "오뚜기에서 운영하는 퓨전 레스토랑으로 정성스럽게 끓인 카레와 신선한 재료를 사용하여 새롭게 해석한 라면을 제공합니다. 매운 맛이 가미된 한식 테마의 따뜻한 밥류와 면류 메뉴를 중심으로 구성되어 있으며, 예약 불가와 현금 없는 결제 시스템을 운영합니다. 분위기는 현대적이고 실용적이며, 가성비 좋은 퓨전 한식을 찾는 고객에게 적합합니다.",
  "metadata": {
    "budget_range": "중",
    "spicy_available": "O",
    "vegetarian_options": "X",
    "main_ingredients_list": [
      "육류",
      "기타"
    ],
    "low_level_category": "퓨전",
    "suitable_for": [],
    "food_type_list": [
      "밥류",
      "면류"
    ],
    "temperature_list": [
      "온"
    ],
    "high_level_category": "한식"
  }
}