{
  "id": 40257,
  "store_name": "가락정초밥",
  "llm_summary": "가락정초밥은 서울 송파구 가락동에 위치한 스시 전문점으로, 합리적인 가격에 다양한 모둠 초밥을 즐길 수 있는 곳입니다. 대표 메뉴로는 참다랑어, 전복, 광어, 연어 등이 포함된 가락초밥과 장어 초밥이 있으며, 모든 초밥 메뉴에 서비스로 우동이 제공됩니다. 메뉴는 평일런치(₩12,500), 모둠초밥(₩16,000), 특모둠초밥(₩19,000), 광어초밥(₩21,000), 가락초밥(₩23,000) 등으로 구성되어 있습니다. 영업시간은 월~일 11:20부터 21:30까지이며, 브레이크타임은 14:30~15:30이고 연중 무휴입니다. 카운터석이 마련되어 있어 혼밥도 가능하며, 2020년 12월 20일에 개업하였습니다. 가격대는 중간 수준이며, 고객 리뷰는 아직 등록되지 않았습니다. 매장 분위기는 합리적인 가격에 신선한 초밥을 제공하는 친근한 일식집입니다.",
  "rag_text": "합리적인 가격으로 모둠 초밥을 즐길 수 있는 스시 전문 일식당으로, 참다랑어, 전복, 광어, 연어 등 신선한 어류를 사용하며 모든 초밥 메뉴에 서비스 우동이 제공됩니다. 편안하고 친근한 분위기이며, 카운터석이 있어 혼자 방문하기에도 적합합니다. 연중무휴로 운영되며, 가성비 좋은 일식 초밥 전문점입니다.",
  "metadata": {
    "budget_range": "중",
    "spicy_available": "X",
    "vegetarian_options": "X",
    "main_ingredients_list": [
      "기타",
      "어류"
    ],
    "low_level_category": "스시",
    "suitable_for": [
      "가성비",
      "혼밥",
      "친근한",
      "편안한"
    ],
    "food_type_list": [
      "기타",
      "해산물류"
    ],
    "temperature_list": [
      "상",
      "냉",
      "생"
    ],
    "high_level_category": "일식"
  }
}