{
  "id": 40294,
  "store_name": "보광정(이태원점)",
  "llm_summary": "보광정(이태원점)은 서울 용산구 이태원동에 위치한 삼겹살과 목살 전문 돼지고기구이 전문점입니다. 깔끔한 인테리어를 갖추고 있으며, 두툼한 고기를 직원이 먹기 좋게 구워주는 서비스가 특징입니다. 특제 고추장 소스에 찍어 먹는 것을 추천하며, 고기와 잘 어울리는 다양한 밑반찬이 제공됩니다. 후식으로 우유 아이스크림도 맛볼 수 있습니다. 메뉴는 삼겹살과 목살(각 180g, 18,000원)을 비롯해 라면, 계란찜, 보광정찌개, 갓김치말이국수, 비빔칼국수 등 한식 면류와 국물류, 기타 반찬류가 있으며, 가격대는 5,000원에서 18,000원 사이입니다. 매장은 월~금요일 오후 4시부터 자정까지, 토~일요일은 낮 12시부터 자정까지 영업하며 연중 무휴입니다. 2024년 4월 3일 개업한 신생 맛집으로, 공식 인스타그램을 운영 중입니다. 고기의 신선함과 특제 소스, 다양한 밑반찬, 그리고 후식 아이스크림까지 한식 돼지고기구이를 즐길 수 있는 곳입니다.",
  "rag_text": "깔끔한 인테리어의 삼겹살과 목살 전문 한식 돼지고기구이 전문점으로, 두툼한 고기를 직원이 직접 구워주며 특제 고추장 소스와 다양한 밑반찬이 조화를 이루는 곳입니다. 후식으로 우유 아이스크림을 제공하며, 편안하고 깔끔한 분위기에서 한식을 즐길 수 있습니다.",
  "metadata": {
    "budget_range": "중",
    "spicy_available": "O",
    "vegetarian_options": "X",
    "main_ingredients_list": [
      "기타",
      "육류"
    ],
    "low_level_category": "돼지고기구이",
    "suitable_for": [],
    "food_type_list": [
      "면류",
      "기타",
      "국물류",
      "고기류"
    ],
    "temperature_list": [
      "온",
      "냉"
    ],
    "high_level_category": "한식"
  }
}