{
  "id": 40345,
  "store_name": "카페유로카",
  "llm_summary": "카페유로카는 서울 서초구에 위치한 비건과 글루텐프리를 지향하는 플랜트-베이스드 카페입니다. 동물성 재료와 밀가루를 사용하지 않고 쌀가루와 쌀을 활용한 베이커리와 케이크를 제공합니다. 대표 음료로는 착즙주스가 인기이며, 다양한 커피와 티, 디저트류 메뉴가 준비되어 있습니다. 메뉴에는 피낭시에, 파운드케이크, 에스프레소, 아메리카노, 카페라테, 카카오라테, 루이보스밀크티, 착즙주스, 바닐라빈라테, 디카페인콜드브루 등이 포함되어 있으며, 가격대는 2,800원에서 6,500원 사이입니다. 카페는 연중무휴로 월~토요일은 08:30~22:00, 일요일은 11:30~22:00까지 운영합니다. 자연 그대로의 신선하고 가치 있는 식물성 재료로 건강한 음료와 디저트를 제공하는 점이 특징입니다. 2022년 6월 개업하였으며, 인스타그램(@cafeuroka)을 통해 소식을 확인할 수 있습니다.",
  "rag_text": "비건, 글루텐프리를 지향하는 플랜트-베이스드 카페로, 동물성 재료와 밀가루를 사용하지 않으며 쌀가루와 쌀로 만든 베이커리와 케이크를 제공합니다. 신선하고 가치 있는 식물성 재료로 본연의 맛을 살린 건강한 음료와 디저트가 특징이며, 착즙주스가 인기 메뉴입니다. 자연 그대로의 재료를 중요시하는 카페입니다.",
  "metadata": {
    "budget_range": "저",
    "spicy_available": "X",
    "vegetarian_options": "X",
    "main_ingredients_list": [
      "기타"
    ],
    "low_level_category": "카페, 비건",
    "suitable_for": [],
    "food_type_list": [
      "디저트류",
      "음료"
    ],
    "temperature_list": [
      "상",
      "기타"
    ],
    "high_level_category": "기타"
  }
}