{
  "id": 40369,
  "store_name": "윤이불닭발(홍대점)",
  "llm_summary": "윤이불닭발(홍대점)은 서울 마포구 동교동에 위치한 닭발 전문점으로, 레트로한 인테리어가 돋보입니다. 국내산 숯불닭발과 국물닭발, 무뼈닭발 등 다양한 닭발 메뉴를 제공하며, 주먹밥, 계란찜, 음료가 포함된 세트 메뉴가 인기입니다. 메뉴는 감자튀김, 오돌뼈, 튤립닭발세트, 무뼈닭발세트, 튤립국물닭발세트, 무뼈국물닭발세트, 통뼈국물닭발세트 등으로 구성되어 있으며, 대부분 맵기가 있어 매운맛을 즐기는 고객에게 적합합니다. 가격대는 ₩7,900에서 ₩27,900 사이로 중간 수준이며, 한식 테마의 다양한 고기류와 국물류 메뉴를 제공합니다. 매장은 연중무휴로 운영되며, 월~목요일은 오후 5시부터 새벽 2시까지, 금~일요일은 오후 4시부터 새벽 2시까지 영업합니다. 배달업체 맛집랭킹 1위에 오를 만큼 배달 서비스도 우수하며, 데이트나 미팅 장소로도 좋습니다. 인근에 유료 공용주차장이 있습니다. 2021년 4월 20일에 개업하였으며, 공식 인스타그램 계정도 운영 중입니다.",
  "rag_text": "레트로한 인테리어의 닭발 전문 한식당으로, 숯불닭발과 국물닭발, 무뼈닭발 등 다양한 메뉴를 제공하며 매운맛을 즐길 수 있습니다. 세트 메뉴에 주먹밥, 계란찜, 음료가 포함되어 있어 만족도가 높습니다. 연중무휴로 새벽까지 영업하며, 데이트와 미팅에 적합한 분위기를 갖추고 있습니다.",
  "metadata": {
    "budget_range": "중",
    "spicy_available": "O",
    "vegetarian_options": "X",
    "main_ingredients_list": [
      "기타",
      "육류",
      "조류"
    ],
    "low_level_category": "닭발",
    "suitable_for": [
      "데이트",
      "미팅"
    ],
    "food_type_list": [
      "기타",
      "고기류",
      "국물류"
    ],
    "temperature_list": [
      "온"
    ],
    "high_level_category": "한식"
  }
}