{
  "id": 40410,
  "store_name": "더더치치즈앤모어(강남구청점)",
  "llm_summary": "더더치치즈앤모어(강남구청점)은 네덜란드의 프리미엄 치즈 브랜드인 더 더치 치즈앤모어가 한국 본사에서 직접 운영하는 플래그십 레스토랑입니다. 서울 강남구 삼성동 브라운스톤 레전드 108호에 위치해 있으며, 2023년 9월 1일 개업하였습니다. 이곳은 네덜란드 창립자 Dirk Jasper의 정통 유러피언 치즈, 와인, 다이닝 컨셉을 살려 편안하게 와인과 다양한 치즈 요리를 즐길 수 있는 공간입니다. 치즈와 사퀴테리를 곁들인 플래터는 와인 소믈리에가 엄선한 80종 이상의 와인과 환상적인 페어링을 제공합니다. 매장에서는 치즈를 활용한 피자, 파스타, 스테이크, 스튜, 리조또 등 다양한 양식 요리를 맛볼 수 있으며, 치즈 시식과 구매도 가능합니다. 메뉴로는 베이컨포테이토클램차우더, 비화이트라구피자, 머시룸포테이토크림리조토&비프스테이크, 우니&쉬림프, 오션밤세비체, 우니&크랩오션밤크림리조토, 1++한우채끝등심스테이크(300g) 등이 있습니다. 영업시간은 월~금요일 11:00~23:00 (브레이크타임 15:00~17:00), 토~일요일 11:00~23:00이며 연중 무휴입니다. 주차는 브라운스톤레전드 아파트 지하 주차장을 유료로 이용할 수 있습니다. 다양한 프리미엄 치즈와 고급 재료를 사용한 메뉴로 치즈와 와인을 좋아하는 고객에게 적합한 고급 양식 레스토랑입니다.",
  "rag_text": "네덜란드 프리미엄 치즈 브랜드 더 더치 치즈앤모어가 운영하는 플래그십 양식 레스토랑으로, 치즈를 활용한 다양한 피자, 파스타, 스테이크 등 메뉴를 제공합니다. 유럽 정통 치즈, 와인, 다이닝 컨셉의 편안한 분위기에서 와인 소믈리에가 엄선한 80종 이상의 와인과 치즈&사퀴테리 플래터를 즐길 수 있습니다. 고급스러운 치즈 요리와 함께 편안하게 와인을 마시며 식사할 수 있는 공간입니다.",
  "metadata": {
    "budget_range": "고",
    "spicy_available": "X",
    "vegetarian_options": "X",
    "main_ingredients_list": [
      "기타",
      "육류",
      "패류",
      "어류"
    ],
    "low_level_category": "양식",
    "suitable_for": [],
    "food_type_list": [
      "국물류",
      "기타",
      "밥류",
      "해산물류",
      "고기류"
    ],
    "temperature_list": [
      "온",
      "생",
      "냉"
    ],
    "high_level_category": "양식"
  }
}