{
  "id": 40430,
  "store_name": "도우클럽(연희본점)",
  "llm_summary": "도우클럽(연희본점)은 서울 서대문구 연희동에 위치한 이탈리아식 피자 전문점으로, 직접 반죽한 도우를 사용해 만든 피자와 도우샌드가 인기 메뉴입니다. 점심과 저녁 메뉴가 다르며, 점심에는 살구잠봉, 모차렐라치즈카프레제도우샌드 등이, 저녁에는 스파이시 이탈리안 소시지 감자피자가 대표적입니다. 메뉴는 알감자프라이드, 시칠리안미트볼, 시저 샐러드, 새우 요리, 포르치니버섯크림뇨키, 슈림프로제, 5종머시룸피자 등 다양하며, 가격대는 6,900원부터 21,900원까지입니다. 이 가게는 1940~50년대 미국으로 이주한 이탈리아 이민자들의 음식과 문화에서 영감을 받아, 미국 내 이민 초기의 역사적 배경과 문화를 음식으로 표현하고 있습니다. 인테리어와 분위기는 그 시대의 영화, 음악, 디자인에서 영향을 받았으며, 브런치 맛집으로도 알려져 있습니다. 영업시간은 화요일부터 일요일까지 11:30~21:30이며, 매주 월요일은 휴무입니다. 발레파킹이 가능하며, 공식 인스타그램을 통해 소식도 확인할 수 있습니다. 독자 리뷰는 아직 등록되지 않았습니다.",
  "rag_text": "직접 반죽한 도우로 만든 이탈리아식 피자와 도우샌드가 인기인 아메리칸이탈리안 스타일의 브런치 맛집입니다. 1940~50년대 미국 이탈리아 이민자들의 음식과 문화에 영감을 받아, 그 시대의 영화, 음악, 디자인 요소를 반영한 독특한 분위기를 자랑합니다. 점심과 저녁 메뉴가 다르며, 다양한 양식 메뉴를 제공합니다. 편안하고 문화적인 분위기에서 미국 이민자의 역사적 배경을 음식으로 경험할 수 있는 곳입니다.",
  "metadata": {
    "budget_range": "중",
    "spicy_available": "O",
    "vegetarian_options": "X",
    "main_ingredients_list": [
      "기타",
      "육류",
      "패류"
    ],
    "low_level_category": "피자",
    "suitable_for": [
      "브런치",
      "문화적",
      "역사적",
      "아메리칸이탈리안",
      "편안한",
      "연희동맛집"
    ],
    "food_type_list": [
      "기타",
      "고기류",
      "해산물류",
      "면류"
    ],
    "temperature_list": [
      "온",
      "상"
    ],
    "high_level_category": "양식"
  }
}