{
  "id": 40502,
  "store_name": "듀레스트",
  "llm_summary": "듀레스트는 서울 관악구 봉천동에 위치한 케이크 전문점으로, 잠자는 곰돌이 모양의 귀여운 케이크인 '잠자는곰'을 비롯해 무스케이크 등 다양한 무스 및 케이크류를 제공합니다. 잠자는곰 케이크는 딸기, 사과, 망고, 블루베리, 라즈베리, 체리초코 등 여러 맛과 색상으로 즐길 수 있으며, 디저트뿐만 아니라 아메리카노, 카페라테, 수박주스, 자몽얼그레이티 등 다양한 음료 메뉴도 함께 갖추고 있습니다. 메뉴 가격대는 3,800원에서 11,000원 사이이며, 연중무휴로 매일 12시부터 22시까지 운영됩니다. 매장은 귀여운 케이크 디자인과 다양한 음료로 편안하고 아늑한 분위기를 제공하며, SNS 활동도 활발히 하고 있습니다. 블루리본 Pick에 선정되지는 않았으나, 독특한 케이크와 음료 조합으로 지역 내에서 사랑받고 있습니다.",
  "rag_text": "잠자는 곰돌이 모양의 귀여운 케이크와 다양한 무스케이크를 제공하는 케이크 전문점으로, 딸기, 사과, 망고, 블루베리, 라즈베리, 체리초코 맛 등 다채로운 맛과 색상을 즐길 수 있습니다. 아메리카노, 카페라테, 수박주스, 자몽얼그레이티 등 다양한 음료도 함께 제공하며, 편안하고 아늑한 분위기에서 디저트와 음료를 즐길 수 있는 곳입니다.",
  "metadata": {
    "budget_range": "중",
    "spicy_available": "X",
    "vegetarian_options": "X",
    "main_ingredients_list": [
      "기타"
    ],
    "low_level_category": "케이크",
    "suitable_for": [],
    "food_type_list": [
      "디저트류",
      "음료"
    ],
    "temperature_list": [
      "상",
      "냉"
    ],
    "high_level_category": "디저트류"
  }
}