{
  "id": 40579,
  "store_name": "러셀도넛",
  "llm_summary": "러셀도넛은 서울 강동구 성내동에 위치한 도넛 및 베이커리 전문점으로, 16시간 저온 숙성하여 반죽의 깊은 맛과 풍미를 살린 도넛을 제공합니다. 신선한 우유, 버터, 천연 원료만을 사용하여 인공첨가물 없이 자연 그대로의 건강한 맛을 자랑합니다. 부드럽고 쫄깃한 식감이 특징이며, 당일 생산 및 당일 판매를 철칙으로 하여 항상 신선한 제품을 제공합니다. 대표 메뉴로는 슈크림도넛과 우유크림도넛이 있으며, 글레이즈드도넛, 버터넛, 인절미도넛, 말차크림도넛, 딸기우유도넛, 초코유유도넛, 누텔라도넛, 카야버터도넛, 티라미수도넛, 생딸기순우유 도넛 등 다양한 맛의 도넛을 2,800원부터 5,200원 사이에 즐길 수 있습니다. 박스 포장도 가능해 선물용으로도 적합합니다. 영업시간은 화~금요일 11:00~21:30, 토~일요일 10:30~21:30이며, 매주 월요일은 휴무입니다. 재료 소진 시 조기 마감할 수 있습니다. 인스타그램 계정도 운영 중입니다.",
  "rag_text": "크림을 가득 넣은 스타일의 도넛 전문점으로, 다양한 맛의 도넛을 제공하며 우유크림과 슈크림이 인기 메뉴입니다. 16시간 저온 숙성으로 깊은 맛과 풍미를 살리고, 신선한 우유와 천연 원료를 사용해 건강하고 자연스러운 맛을 강조합니다. 인공첨가물 없이 부드럽고 쫄깃한 식감을 자랑하며, 당일 생산 및 당일 판매로 신선함을 유지합니다. 선물용 박스 포장도 가능하며, 느림의 미학과 정성을 담아 만드는 특별한 도넛 경험을 제공합니다.",
  "metadata": {
    "budget_range": "중",
    "spicy_available": "X",
    "vegetarian_options": "X",
    "main_ingredients_list": [
      "기타"
    ],
    "low_level_category": "도넛, 베이커리",
    "suitable_for": [],
    "food_type_list": [
      "디저트류"
    ],
    "temperature_list": [
      "상"
    ],
    "high_level_category": "디저트류"
  }
}