{
  "id": 40955,
  "store_name": "스시범(목동점)",
  "llm_summary": "스시범(목동점)은 서울 양천구 신정동 성광빌딩에 위치한 초밥 전문점으로, 알찬 구성의 초밥을 즐길 수 있습니다. 대표 메뉴로는 우동이 포함된 vip특선초밥이 있으며, 이는 고퀄리티의 다양한 스시를 맛볼 수 있어 인기가 높습니다. 이 외에도 모듬초밥, 오늘의초밥, 연어롤, 회덮밥 등이 많이 찾는 메뉴입니다. 메뉴 가격대는 8,900원부터 24,000원 사이로 합리적이며, 모든 메뉴는 생선류를 주재료로 사용하고 있습니다. 영업시간은 월~일요일 11:00부터 21:30까지이며, 월~금요일에는 15:30부터 17:00까지 브레이크타임이 있습니다. 연중무휴로 운영되어 언제든 방문이 가능합니다. 매장은 블루리본 선정이나 서울 2025 선정에는 포함되어 있지 않으나, 초밥 전문점으로서 꾸준히 사랑받고 있습니다. 메뉴는 회덮밥, 별선초밥, 캘리포니아롤, vip특선초밥, 오늘의초밥, 연어롤, 모듬초밥, 특선초밥 등 다양하게 구성되어 있으며, 모두 맵지 않은 메뉴입니다. 매장 이미지는 별도로 등록되어 있지 않습니다. 방문객 평가는 전반적으로 보통 수준으로, 맛, 분위기, 서비스, 가격대비 만족도, 음식의 창의성과 전통성 모두 중간 정도로 평가받고 있습니다.",
  "rag_text": "스시 전문점으로, 알찬 구성의 초밥과 우동이 포함된 vip특선초밥을 중심으로 고퀄리티 스시를 제공하며, 모듬초밥, 오늘의초밥, 연어롤, 회덮밥 등이 인기 메뉴입니다. 일식 테마의 생선류를 주재료로 한 다양한 초밥과 롤을 제공하는 매장으로, 조용하고 편안한 분위기에서 신선한 초밥을 즐길 수 있습니다.",
  "metadata": {
    "budget_range": "중",
    "spicy_available": "X",
    "vegetarian_options": "X",
    "main_ingredients_list": [
      "어류"
    ],
    "low_level_category": "스시",
    "suitable_for": [],
    "food_type_list": [
      "밥류",
      "해산물류",
      "기타"
    ],
    "temperature_list": [
      "생",
      "냉"
    ],
    "high_level_category": "일식"
  }
}