{
  "id": 40980,
  "store_name": "티하우스나니",
  "llm_summary": "티하우스나니는 서울 중랑구 신내동에 위치한 아담한 티카페로, 다양한 종류의 차를 제공하는 것이 특징입니다. 온갖 종류의 차를 맛볼 수 있으며, 일부 차는 시향 후 선택할 수 있습니다. 또한 밀크티 클래스를 운영하여 차 문화를 체험할 수 있습니다. 메뉴로는 아메리카노, 카페라테, 딸기꽃가람, 리리꽃보라, 바닐라라테, 초콜릿칩블렌디드, 러블리프룻, 우롱차라테 등이 있으며, 가격대는 6,500원에서 8,500원 사이로 다양합니다. 모든 메뉴는 맵지 않으며 주재료는 기타로 분류되어 있습니다. 영업시간은 월요일, 수요일, 금~일요일 12:00~18:00, 목요일 12:00~17:30이며, 매주 화요일은 휴무입니다. 인스타그램 계정도 운영 중입니다. 전반적으로 차 전문성과 다양한 티 메뉴를 갖춘 조용하고 아늑한 공간으로, 차를 좋아하는 이들에게 적합한 장소입니다.",
  "rag_text": "아담한 티카페로 방대한 종류의 차를 제공하며 일부 차는 시향 후 선택 가능. 밀크티 클래스를 운영하는 차 전문 카페. 차 문화에 집중한 조용하고 아늑한 분위기의 티카페.",
  "metadata": {
    "budget_range": "중",
    "spicy_available": "X",
    "vegetarian_options": "X",
    "main_ingredients_list": [
      "기타"
    ],
    "low_level_category": "티카페",
    "suitable_for": [],
    "food_type_list": [
      "음료"
    ],
    "temperature_list": [
      "기타"
    ],
    "high_level_category": "기타"
  }
}