{
  "id": 41,
  "store_name": "경인미술관전통다원",
  "llm_summary": "경인미술관전통다원은 서울 종로구 인사동 경인미술관 내에 위치한 전통차 전문점으로, 태극기를 만든 박영효의 저택에 들어선 한옥 스타일 찻집입니다. 한옥의 멋을 살린 공간에서 정원을 바라보며 전통차를 즐길 수 있으며, 전통차 주문 시 한식 다과가 함께 제공됩니다. 1983년에 개업하여 오랜 역사를 가진 인사동의 상징적인 장소입니다. 메뉴는 수정과, 쌍화차, 식혜, 아메리카노, 유과, 카페라테, 세작, 대추차, 생강차, 오미자차 등으로 구성되어 있으며, 가격대는 6,000원에서 10,000원 사이입니다. 대부분의 메뉴가 맵지 않고, 차가운 음료부터 따뜻한 음료, 디저트류까지 다양하게 제공됩니다. 월요일부터 일요일까지 오전 10시 30분부터 오후 9시 20분까지 영업하며, 명절 연휴에는 휴무합니다. 서울 2025 선정 맛집으로 인증받았으며, 인테리어가 좋고 정원이나 산책로가 있는 테라스가 있어 분위기가 좋습니다. 방문객들은 조용하고 전통적인 분위기에서 차와 다과를 즐길 수 있습니다.",
  "rag_text": "태극기를 만든 박영효의 저택에 들어선 전통 찻집으로, 한옥의 멋을 살린 공간에서 정원을 바라보며 전통차를 즐길 수 있는 전통차전문점입니다. 서울 2025 선정 맛집으로, 인사동의 상징적인 장소이며, 인테리어가 좋고 정원과 산책로가 있는 테라스가 있어 분위기가 매우 좋습니다. 메뉴는 전통차와 한식 다과 중심이며, 차분하고 조용한 분위기로 데이트, 가족모임, 조용한 차 모임에 적합합니다. 다양한 온도의 전통차와 디저트류를 제공하며, 전통성과 고급스러움이 돋보이는 공간입니다.",
  "metadata": {
    "budget_range": "중",
    "spicy_available": "X",
    "vegetarian_options": "X",
    "main_ingredients_list": [
      "기타"
    ],
    "low_level_category": "전통차전문점",
    "suitable_for": [
      "데이트",
      "조용한",
      "가족모임",
      "차 모임"
    ],
    "food_type_list": [
      "음료",
      "디저트류",
      "기타"
    ],
    "temperature_list": [
      "냉",
      "온",
      "상"
    ],
    "high_level_category": "한식"
  }
}