{
  "id": 41221,
  "store_name": "삼정하누(광화문점)",
  "llm_summary": "삼정하누(광화문점)은 서울 종로구 필운동에 위치한 숙성한우 전문 소고기구이 전문점입니다. 2018년 12월에 개업하였으며, 대표 메뉴로는 안심 부위인 샤토브리앙(150g, 60,000원)이 인기가 높습니다. 이외에도 안심추리, 채끝, 꽃등심, 등심, 살치살, 안창살 등 다양한 부위의 한우 고기를 제공하며, 모든 고기는 대파와 버섯과 함께 숯불에 직접 구워줍니다. 고기와 함께 소금, 트러플소금, 생와사비가 제공되어 취향에 맞게 곁들여 먹을 수 있습니다. 매장은 월요일부터 일요일까지 오전 11시부터 오후 10시까지 운영하며, 오후 2시 30분부터 5시까지는 브레이크 타임이 있습니다. 인왕빌딩 주차장 주차권이 제공되고, 인스타그램 계정(@sjhanu_gwanghwamun)을 운영 중입니다. 메뉴 가격대는 50,000원에서 92,000원 사이이며, 한식 테마의 고기류 메뉴만 제공됩니다. 현재까지 블루리본 레드리본 선정이나 서울 2025 선정은 되어 있지 않습니다. 방문객 리뷰는 등록되어 있지 않으나, 숙성한우의 고급스러운 맛과 숯불구이 방식이 돋보이는 전문점입니다.",
  "rag_text": "숙성한우 전문 소고기구이 한식당으로, 안심 부위 샤토브리앙이 인기이며 숯불에 대파, 버섯과 함께 직접 구워주는 정성스러운 조리법이 특징입니다. 소금, 트러플소금, 생와사비를 곁들여 다양한 맛을 즐길 수 있습니다. 고급 한우를 전문으로 하며, 조용하고 품격 있는 분위기에서 프리미엄 한식 고기구이를 경험할 수 있는 곳입니다.",
  "metadata": {
    "budget_range": "고",
    "spicy_available": "X",
    "vegetarian_options": "X",
    "main_ingredients_list": [
      "육류"
    ],
    "low_level_category": "소고기구이",
    "suitable_for": [],
    "food_type_list": [
      "고기류"
    ],
    "temperature_list": [
      "온"
    ],
    "high_level_category": "한식"
  }
}