{
  "id": 41283,
  "store_name": "미엘케이커리",
  "llm_summary": "미엘케이커리는 서울 관악구 봉천동 순희빌딩에 위치한 디저트전문점입니다. 이곳의 인기 메뉴는 꾸덕한 말차갸토쇼콜라와 말차아이스크림이 얹어진 말차플로트이며, 시즌별로 다양한 재료를 활용해 새로운 맛을 선보이는 점이 특징입니다. 또한, 푸딩이 통째로 올려진 달콤한 푸딩빙수도 추천 메뉴로 꼽힙니다. 메뉴는 에스프레소, 아메리카노, 카페라테 등 다양한 음료부터 말차플로트, 말차갸토쇼콜라, 흑임자갸토쇼콜라, 푸딩빙수와 같은 디저트류까지 다양하게 제공되며, 가격대는 5,000원에서 18,000원 사이입니다. 영업시간은 매일 13:00부터 22:00까지이며, 연중 무휴로 운영됩니다. 인스타그램 계정도 운영 중이며, 2024년 2월 1일에 개업한 신생 매장입니다. 매장 분위기나 라벨 관련 정보는 없으나, 다양한 디저트와 음료를 즐길 수 있는 편안한 디저트 카페로 보입니다.",
  "rag_text": "미엘케이커리는 꾸덕한 말차갸토쇼콜라와 말차아이스크림이 얹어진 말차플로트가 인기인 디저트전문점입니다. 시즌별 다양한 재료를 활용해 매번 새로운 디저트를 도전할 수 있으며, 푸딩이 통째로 올려진 달달한 푸딩빙수가 추천 메뉴입니다. 다양한 음료와 디저트류를 제공하는 편안하고 창의적인 디저트 카페입니다.",
  "metadata": {
    "budget_range": "중",
    "spicy_available": "X",
    "vegetarian_options": "X",
    "main_ingredients_list": [
      "기타"
    ],
    "low_level_category": "디저트전문점",
    "suitable_for": [],
    "food_type_list": [
      "음료",
      "디저트류"
    ],
    "temperature_list": [
      "기타",
      "상",
      "냉"
    ],
    "high_level_category": "디저트류"
  }
}