{
  "id": 41313,
  "store_name": "노알커피",
  "llm_summary": "노알커피는 서울 종로구 이화동에 위치한 카페로, 고소한 라테를 주력 메뉴로 선보입니다. 특히 시그니처 메뉴인 노알라떼는 직접 만든 달콤한 우유 베이스를 사용하여 깊은 맛을 자랑합니다. 디저트로는 유럽여행 중 배운 레시피를 바탕으로 만든 스페인식 바스크 치즈케이크와 이탈리아 티라미수를 제공하며, 바스크 치즈케이크가 특히 인기가 많습니다. 메뉴는 아메리카노, 카페라떼, 헤이즐넛아메리카노, 크림캬라멜라떼, 바닐라라떼, 노알라떼, 솔트몽블랑, 시나몬크림라떼 등 다양한 커피 음료와 바스크치즈케이크 하프 및 홀 사이즈가 있습니다. 가격대는 4,500원부터 14,000원까지이며, 영업시간은 월~금 11:30~20:30, 토요일 12:00~20:00, 일요일 12:00~18:00로 연중 무휴입니다. 혜화/대학로 인근을 방문할 때 나이스한 커피와 디저트를 즐기기에 적합한 장소입니다.",
  "rag_text": "종로구 이화동에 위치한 카페로, 고소한 라테를 메인으로 하며 시그니처 커피인 노알라떼는 직접 만든 달콤한 우유 베이스를 사용합니다. 유럽 여행 중 배운 레시피로 만든 스페인의 바스크 치즈케이크와 이탈리아 티라미수를 제공하며, 바스크 치즈케이크가 인기 메뉴입니다. 분위기는 편안하고 아늑하며, 커피와 디저트를 즐기기에 좋은 공간입니다.",
  "metadata": {
    "budget_range": "중",
    "spicy_available": "X",
    "vegetarian_options": "X",
    "main_ingredients_list": [
      "기타"
    ],
    "low_level_category": "카페",
    "suitable_for": [],
    "food_type_list": [
      "음료",
      "디저트류"
    ],
    "temperature_list": [
      "기타",
      "상"
    ],
    "high_level_category": "기타"
  }
}