{
  "id": 41407,
  "store_name": "어린달",
  "llm_summary": "어린달은 서울 성동구 성수동1가 지하 1층에 위치한 한식주점으로, 한쪽 벽면에 실시간 한강뷰를 제공하는 아늑한 분위기의 요리주점입니다. 대표 메뉴로는 사시미모리아와세와 고등어카나페가 있으며, 다양한 전통주와 위스키가 준비되어 있어 요리와 함께 즐기기 좋습니다. 메뉴는 한식 테마로 다양하게 구성되어 있으며, 양맥, 대게딱지장미니밥, 크리스피치킨, 고등어카나페, 떡볶이전, 피자감자전, 불고기피자감자전, 육회타르타르, 차돌박이와인버터전골, 통문어스테이크 짬뽕탕, 광어세로회한상 등 온도별로 다양한 고기류, 해산물류, 밥류, 국물류, 기타 메뉴를 제공합니다. 가격대는 4,900원부터 38,000원까지이며, 매일 17:00부터 24:00까지 영업하며 연중무휴입니다. 카운터석이 있어 편안한 분위기에서 전통주와 위스키를 곁들여 식사할 수 있습니다. 맵기 옵션이 있는 메뉴도 일부 존재하며, 메뉴 전반적으로 한식의 전통성과 창의성을 함께 느낄 수 있습니다.",
  "rag_text": "한쪽 벽면에 실시간 한강뷰를 제공하는 아늑한 분위기의 한식주점입니다. 사시미모리아와세와 고등어카나페가 인기 메뉴이며, 다양한 전통주와 위스키가 준비되어 있어 요리와 함께 즐기기 좋습니다. 한식 테마의 요리주점으로 편안하고 아늑한 분위기에서 전통주와 위스키를 맛볼 수 있는 공간입니다.",
  "metadata": {
    "budget_range": "중",
    "spicy_available": "O",
    "vegetarian_options": "X",
    "main_ingredients_list": [
      "기타",
      "패류",
      "조류",
      "어류",
      "육류"
    ],
    "low_level_category": "한식주점",
    "suitable_for": [
      "아늑한",
      "한강뷰",
      "전통주",
      "위스키",
      "요리주점"
    ],
    "food_type_list": [
      "기타",
      "밥류",
      "고기류",
      "해산물류",
      "디저트류",
      "국물류"
    ],
    "temperature_list": [
      "온",
      "상",
      "생"
    ],
    "high_level_category": "한식"
  }
}