{
  "id": 41450,
  "store_name": "금돈옥(행당점)",
  "llm_summary": "금돈옥(행당점)은 서울 성동구 고산자로 211 가든빌딩에 위치한 돼지고기구이와 소고기구이 전문 한식 레스토랑입니다. 2023년 7월 24일에 개업한 이곳은 한 번도 얼리지 않은 신선한 무항생제 프리미엄 생고기를 사용하며, 생돼지갈비, 생목살, 양념갈비를 주 메뉴로 제공합니다. 직원들이 직접 고기를 구워주어 편안하게 식사할 수 있고, 밑반찬도 다양하고 정갈하게 나오는 편입니다. 또한, 자가제면으로 뽑은 쫄깃한 함흥식 면발과 장시간 우려낸 한우사테와 한우 양지 육수를 사용한 전통 함흥식 육수도 맛볼 수 있습니다. 영업시간은 매일 11:00부터 22:00까지이며, 15:00부터 17:00까지 브레이크타임이 있습니다. 주방 마감은 21:00이고 명절 당일은 휴무입니다. 와인 콜키지는 테이블당 2병까지 무료로 허용하며, 합리적인 가격대의 와인도 준비되어 있습니다. 예약은 4인 이상 가능하며, 오전과 오후 각각 2부제로 운영되고 식사 시간은 2시간 기준입니다. 메뉴는 토속된장찌개, 꽃목살, 삼겹살, 갈빗살, 양념본갈비, 생갈비, 한우손차돌박이, 생고기모둠한판 등으로 구성되어 있으며, 가격대는 8,000원부터 75,000원까지 다양합니다. 당일 예약은 불가하며, 매장 상황에 따라 전화 연결이 어려울 수 있습니다.",
  "rag_text": "금돈옥(행당점)은 신선한 생돼지갈비와 생목살, 양념갈비를 메인으로 하는 한식 돼지고기 및 소고기구이 전문점입니다. 한 번도 얼리지 않은 무항생제 프리미엄 생고기를 사용하며, 직원들이 직접 고기를 구워 편안한 식사를 제공합니다. 자가제면으로 만든 쫄깃한 함흥식 면발과 전통 육수, 다양한 정갈한 밑반찬이 조화를 이루어 깊은 맛을 선사합니다. 와인 콜키지가 무료이며, 합리적인 가격대의 와인도 준비되어 있어 고기구이와 잘 어울립니다. 가족 모임이나 소규모 단체 예약에 적합하며, 정성 어린 서비스와 고급 식재료를 바탕으로 편안하고 품격 있는 한식 고기구이 경험을 제공합니다.",
  "metadata": {
    "budget_range": "중",
    "spicy_available": "X",
    "vegetarian_options": "X",
    "main_ingredients_list": [
      "육류"
    ],
    "low_level_category": "돼지고기구이, 소고기구이",
    "suitable_for": [
      "가족모임",
      "소규모단체",
      "품격있는식사",
      "편안한식사"
    ],
    "food_type_list": [
      "국물류",
      "고기류"
    ],
    "temperature_list": [
      "온"
    ],
    "high_level_category": "한식"
  }
}