{
  "id": 41539,
  "store_name": "칠성집갈매기(문정본점)",
  "llm_summary": "칠성집갈매기(문정본점)은 서울 송파구 문정동에 위치한 돼지고기구이 전문 고깃집으로, 대파를 통으로 감싼 갈매기살이 대표 메뉴입니다. 갈매기살의 막을 제거하지 않아 쫄깃한 식감을 살렸으며, 대파를 넣어 느끼하지 않고 잡내 없이 즐길 수 있도록 사장님이 직접 개발한 특별한 메뉴입니다. 이곳은 강남 역삼동에서 유명했던 칠성집이 문정역으로 확장 이전한 후 매일 웨이팅이 있을 정도로 인기가 많으며, 최고급 생갈매기만을 취급하고 육부실에서 매일 고기를 손질해 신선함을 자부합니다. 밑반찬으로는 파무침, 잡채, 오징어숙회 등 다양한 반찬이 나오며, 모두 칠성집만의 비밀 레시피로 매일 새롭게 조리됩니다. 또한 서울에서 유일하게 직접 대구에서 가져오는 오리지널 대구막창과 국내산 막창을 사용하여 품질을 높였고, 특수 부위인 가브리살을 두툼하게 썰어 통으로 구워내는 '통 가브리살' 메뉴도 제공합니다. 메뉴는 된장찌개, 계란찜, 김치말이국수, 된장술밥 등 다양한 한식 반찬과 국물류, 면류, 밥류, 고기류를 포함하며, 가격대는 5,000원부터 20,000원 사이입니다. 영업시간은 매일 15:30부터 22:30까지이며, 연중 무휴로 운영됩니다. 2018년 11월 22일 개업했으며, 2시간 30분 무료 주차가 가능합니다. 인스타그램(@7starzip)에서 소식을 확인할 수 있습니다.",
  "rag_text": "대파를 통으로 감싼 갈매기살을 맛볼 수 있는 돼지고기구이 전문 한식당으로, 쫄깃한 식감과 신선한 고기, 다양한 밑반찬이 특징입니다. 강남 역삼동에서 유명했던 맛집이 문정역으로 확장 이전하여 매일 웨이팅이 있을 정도로 인기가 많으며, 최고급 생갈매기와 오리지널 대구막창, 특수 부위 가브리살을 제공하여 깊은 풍미와 탱글한 식감을 자랑합니다. 연중무휴 운영하며 가족 모임, 친구 모임, 캐주얼한 식사에 적합한 분위기입니다.",
  "metadata": {
    "budget_range": "중",
    "spicy_available": "O",
    "vegetarian_options": "X",
    "main_ingredients_list": [
      "기타",
      "육류"
    ],
    "low_level_category": "돼지고기구이",
    "suitable_for": [
      "가족모임",
      "친구모임",
      "캐주얼"
    ],
    "food_type_list": [
      "국물류",
      "기타",
      "면류",
      "밥류",
      "고기류"
    ],
    "temperature_list": [
      "온",
      "냉",
      "생"
    ],
    "high_level_category": "한식"
  }
}