{
  "id": 41578,
  "store_name": "라보스테이크하우스(청담점)",
  "llm_summary": "라보스테이크하우스(청담점)은 서울 강남구 청담동에 위치한 미국식 스테이크 하우스입니다. 넓은 테라스와 개방감 있는 통유리, 정원의 풍경이 어우러진 실내 및 정원 공간에서 스테이크를 즐길 수 있으며, 기념일이나 특별한 날을 위한 디저트 레터링 요청도 가능합니다. 메뉴로는 맨하탄겉절이&알타리무김치, 포터하우스스테이크(100g), 라보샐러드, 크랩케이크, 런치코스, 시푸드플래터 등이 있으며, 가격대는 10,000원에서 110,000원까지 다양합니다. 영업시간은 매일 11:30부터 22:00까지(마지막 주문 21:00)이며 연중 무휴로 운영됩니다. SNS 채널로 인스타그램(https://www.instagram.com/labo.steakhouse)을 운영 중이며, 2024년 2월 1일에 개업하였습니다. 현재까지 독자 리뷰는 등록되어 있지 않으나, 테라스가 있는 쾌적한 분위기와 미국식 스테이크 전문점으로서의 특징이 돋보입니다.",
  "rag_text": "넓은 테라스를 보유한 미국식 스테이크 하우스로, 개방감 있는 통유리와 정원의 풍경이 어우러진 실내 및 정원 공간에서 스테이크를 즐길 수 있습니다. 디저트 주문 시 레터링 요청이 가능해 기념일이나 특별한 날 방문하기 좋으며, 양식 테마의 다양한 메뉴를 제공합니다.",
  "metadata": {
    "budget_range": "중",
    "spicy_available": "X",
    "vegetarian_options": "X",
    "main_ingredients_list": [
      "기타",
      "육류",
      "패류"
    ],
    "low_level_category": "스테이크",
    "suitable_for": [
      "기념일",
      "특별한 날",
      "테라스",
      "연중무휴"
    ],
    "food_type_list": [
      "기타",
      "고기류",
      "디저트류",
      "해산물류"
    ],
    "temperature_list": [
      "상",
      "온",
      "기타"
    ],
    "high_level_category": "양식"
  }
}