{
  "id": 4158,
  "store_name": "담장옆에국화꽃",
  "llm_summary": "담장옆에국화꽃은 서울 서초구 센트럴시티 파미에스테이션 2층에 위치한 한식 디저트 카페로, 2025년 블루리본 서베이 서울 맛집에 선정된 곳입니다. 2006년 6월에 개업해 오랜 기간 사랑받고 있으며, 스타일리시하고 조용한 실내 분위기에서 전통 떡과 차, 그리고 다양한 빙수류를 즐길 수 있습니다. 대표 메뉴로는 밤대추팥빙수, 수정과빙수, 홍시빙수, 그리고 시그니처빙수세트 등이 있으며, 특히 여름철에는 대추, 밤, 인절미, 콩고물이 어우러진 팥빙수가 인기가 많습니다. 연유를 듬뿍 뿌린 딸기빙수와 함께, 참한딸기우유, 진한쇼콜라우유, 진한말차우유, 원기차, 아메리카노 등 다양한 음료도 제공합니다. 가격대는 4,800원에서 25,500원 사이로, 빙수세트가 가장 고가입니다. 영업시간은 매일 10:00~21:30(마지막 주문 21:00)이며, 명절 연휴에는 휴무입니다. 고속터미널 4번 출구에서 60m 거리로 접근성이 좋고, 인스타그램(@ccot_famille)에서도 정보를 확인할 수 있습니다. 모든 메뉴는 맵지 않으며, 전통 재료를 현대적으로 해석한 디저트와 음료로 남녀노소 모두에게 적합한 곳입니다.",
  "rag_text": "한식 디저트와 전통차를 모던하고 스타일리시한 분위기에서 즐길 수 있는 카페입니다. 조용한 공간에서 떡과 다양한 전통 빙수류를 제공하며, 여름에는 대추, 밤, 인절미, 콩고물이 어우러진 팥빙수와 전통 재료를 활용한 밤대추빙수, 수정과빙수 등이 인기입니다. 연유를 듬뿍 뿌린 딸기빙수도 유명하며, 전통과 현대가 조화된 디저트와 음료를 경험할 수 있습니다. 서울 2025 선정 맛집으로, 한식 디저트 테마에 충실한 정체성을 갖추고 있습니다. 조용하고 세련된 분위기로 휴식과 담소, 모임에 모두 적합합니다.",
  "metadata": {
    "budget_range": "중",
    "spicy_available": "X",
    "vegetarian_options": "X",
    "main_ingredients_list": [
      "기타"
    ],
    "low_level_category": "한식디저트, 빙수",
    "suitable_for": [
      "서울 2025 선정",
      "조용한",
      "스타일리시",
      "휴식",
      "모임",
      "데이트"
    ],
    "food_type_list": [
      "디저트류",
      "음료"
    ],
    "temperature_list": [
      "냉",
      "기타",
      "온"
    ],
    "high_level_category": "한식"
  }
}