{
  "id": 41684,
  "store_name": "올더어글리쿠키",
  "llm_summary": "올더어글리쿠키는 부산 전포동에서 시작해 인기를 끌었던 아메리칸 스타일 쿠키 전문점으로, 2019년에 개업하여 2023년 서울 마포구 합정동에 2층 분홍색 외관의 매장을 오픈했습니다. 이곳은 바삭하지 않고 오일리하며 꾸덕하거나 촉촉한 식감의 쿠키를 주력으로 하며, 유기농 비정제 설탕과 세 가지 설탕 블렌딩, 프랑스 밀가루, 프랑스 소금, 동물성 생크림, 프랑스 및 벨기에 초콜릿, 견과류, 수제 잼 등 엄선된 재료를 사용해 정성스럽게 만듭니다. 쿠키의 단맛이 강한 편으로 단맛을 선호하지 않는 분에게는 맞지 않을 수 있으며, 쿠키에 대한 자신감을 가지고 있습니다. 메뉴는 아메리카노, 라테, 헤이즐넛엑설런트라테 등 음료와 햄치즈프레첼, 솔티토피프레첼, 어글리쿠키, 두바이피스타치오카다이프, 소금빵, 티라미수 등 다양한 디저트류로 구성되어 있습니다. 영업시간은 매일 12:00부터 20:00까지이며 연중무휴입니다. 고객과의 오랜 마주침을 위해 테이크아웃 위주에서 매장 방문 중심으로 전환한 점이 특징입니다.",
  "rag_text": "부산 전포동에서 시작된 아메리칸 스타일 쿠키 전문점으로, 다양한 종류의 쿠키와 특이한 리본 모양의 소금빵이 유명합니다. 분홍색 2층 건물에 자리하며, 쿠키는 단맛이 강하고 오일리하며 꾸덕하거나 촉촉한 식감이 특징입니다. 유기농 비정제 설탕과 세 가지 설탕 블렌딩, 프랑스 및 벨기에산 재료를 사용해 정성스럽게 만드는 고품질 디저트류와 음료를 제공합니다. 편안한 분위기에서 쿠키에 대한 자신감을 느낄 수 있는 공간입니다.",
  "metadata": {
    "budget_range": "중",
    "spicy_available": "X",
    "vegetarian_options": "X",
    "main_ingredients_list": [
      "기타"
    ],
    "low_level_category": "쿠키, 베이커리",
    "suitable_for": [],
    "food_type_list": [
      "음료",
      "디저트류"
    ],
    "temperature_list": [
      "기타"
    ],
    "high_level_category": "디저트류"
  }
}