{
  "id": 41738,
  "store_name": "문폴",
  "llm_summary": "문폴은 서울 은평구 신사동에 위치한 잔잔한 분위기의 이자카야입니다. 신선한 회를 중심으로 다양한 일식 안주를 제공하며, 도톰한 두께의 연어회와 노른자를 터트려 먹는 한우육회가 특히 인기가 많습니다. 세심한 플레이팅이 돋보이는 안주들이 준비되어 있어 각종 모임 장소로 적합합니다. 메뉴는 포르치니버섯파스타, 한우육회, 연어사시미, 육회물회, 갑오징어물회, 모듬회플래터, 참치+연어, 참치사시미 등 다양한 해산물과 육류 중심의 일식 요리로 구성되어 있습니다. 영업시간은 화요일부터 일요일까지 오후 5시부터 새벽 2시까지이며, 매주 월요일은 휴무입니다. 매장 앞에 1~2대 주차가 가능하며, 카운터석이 있어 저녁 시간대 방문객에게 적합합니다. 2024년 6월 1일 개업한 신생 매장으로, 블루리본 픽에 선정되지는 않았으나 고품질의 일식 안주와 조용한 분위기로 좋은 평가를 받고 있습니다.",
  "rag_text": "잔잔한 분위기의 이자카야로 신선한 회와 세심한 플레이팅의 안주가 돋보이는 일식 전문점입니다. 도톰한 연어회와 노른자를 터트려 먹는 한우육회가 인기 메뉴이며, 다양한 해산물과 육류 중심의 일식 요리를 제공합니다. 저녁 시간대에 영업하며 카운터석이 있어 조용하고 편안한 모임 장소로 적합합니다.",
  "metadata": {
    "budget_range": "중",
    "spicy_available": "X",
    "vegetarian_options": "X",
    "main_ingredients_list": [
      "육류",
      "어류",
      "패류"
    ],
    "low_level_category": "이자카야",
    "suitable_for": [
      "조용한",
      "모임"
    ],
    "food_type_list": [
      "면류",
      "고기류",
      "해산물류"
    ],
    "temperature_list": [
      "온",
      "생"
    ],
    "high_level_category": "일식"
  }
}