{
  "id": 41743,
  "store_name": "카우",
  "llm_summary": "카우는 서울 서대문구 이화여대길에 위치한 떡볶이 전문 분식집으로, 11가지 종류의 튀김과 직접 만든 소스를 곁들여 제공하는 것이 특징입니다. 즉석떡볶이, 치즈쫄라당, 로제떡볶이 등이 인기 메뉴이며, 비건 메뉴도 일부 마련되어 다양한 취향을 만족시킬 수 있습니다. 메뉴는 순대, 참치마요주먹밥, 튀김세트, 불맛가득짜장, 치즈떡볶이, 로제떡볶이, 치즈쫄라당, 산더미쫄라당 등으로 다양하며, 가격대는 4,500원부터 16,500원까지입니다. 영업시간은 월~금요일과 일요일 10:00~21:00 (마지막 주문 20:20)이며, 매주 토요일은 휴무입니다. 주차는 1대 가능하며, 전화문의는 02-313-9999로 할 수 있습니다. 2014년 9월 3일 개업한 이곳은 즉석떡볶이와 짜장, 로제, 마라, 까르보나라 등 다양한 떡볶이 메뉴를 제공하며, 비건 옵션도 갖추고 있어 이대 맛집으로 알려져 있습니다.",
  "rag_text": "푸짐한 양의 다양한 종류 떡볶이와 11가지 튀김을 직접 만든 소스와 함께 제공하는 한식 분식 전문점으로, 즉석떡볶이, 치즈쫄라당, 로제떡볶이 등이 인기 메뉴입니다. 비건 메뉴도 일부 마련되어 있어 다양한 취향을 만족시키는 곳입니다.",
  "metadata": {
    "budget_range": "중",
    "spicy_available": "O",
    "vegetarian_options": "X",
    "main_ingredients_list": [
      "육류",
      "기타"
    ],
    "low_level_category": "떡볶이",
    "suitable_for": [],
    "food_type_list": [
      "고기류",
      "밥류",
      "기타",
      "면류"
    ],
    "temperature_list": [
      "상"
    ],
    "high_level_category": "한식"
  }
}