{
  "id": 41807,
  "store_name": "하오카오스탠",
  "llm_summary": "하오카오스탠은 서울 중구 신당동에 위치한 이색적인 중식당으로, 원시구이와 훠궈를 전문으로 합니다. 독특한 덩굴 같은 인테리어와 원시구이 콘셉트가 돋보이며, 1층에서는 참숯에 대나무 꼬치를 꽂아 구운 오리엔탈 BBQ 구이를, 2층에서는 황동 샤브냄비로 끓이는 현대적인 훠궈를 즐길 수 있습니다. 메뉴는 원시구이하오세트(48,000원), 원시구이스탠세트(78,000원)를 비롯해 바나나튀김, 벌룬탄수육, 마맛탕, 고수크림새우, 고추듬뿍유린기 등 다양한 중식 요리를 제공합니다. 고추듬뿍유린기는 매운맛이 있으며, 해산물과 고기류 메뉴도 포함되어 있습니다. 매장은 월~목, 일요일은 12시부터 자정까지, 금~토요일은 새벽 2시까지 운영하며, 연중무휴입니다. 매장 앞 주차 3대 가능하며, 2024년 5월 1일 개업하였습니다. 인스타그램 공식 계정도 운영 중입니다. 전반적으로 신비롭고 현대적인 인테리어와 독특한 식사 경험을 제공하며, 수준급 중식 요리를 맛볼 수 있는 공간입니다.",
  "rag_text": "이색적인 공간에서 오리엔탈구이와 훠궈를 즐길 수 있는 중식당으로, 덩굴 같은 독특한 인테리어와 원시구이 콘셉트를 갖추었습니다. 1층은 참숯꼬치구이, 2층은 현대적인 황동 샤브냄비의 훠궈를 제공합니다. 메뉴는 다양한 중식 요리와 함께 매운 고추듬뿍유린기가 포함되어 있습니다. 신비롭고 세련된 분위기로 독특한 식기와 먹는 방법을 경험할 수 있으며, 줄서는식당에도 소개된 오리엔탈 중식 브랜드입니다.",
  "metadata": {
    "budget_range": "중",
    "spicy_available": "O",
    "vegetarian_options": "X",
    "main_ingredients_list": [
      "기타",
      "육류",
      "패류",
      "조류"
    ],
    "low_level_category": "훠궈, 퓨전중식",
    "suitable_for": [
      "이색적인",
      "신비로운",
      "모임",
      "중식",
      "퓨전"
    ],
    "food_type_list": [
      "기타",
      "고기류",
      "해산물류"
    ],
    "temperature_list": [
      "온"
    ],
    "high_level_category": "중식"
  }
}