{
  "id": 41939,
  "store_name": "작수불",
  "llm_summary": "작수불은 서울 영등포구 당산동에 위치한 한식주점으로, 2024년 3월 15일에 개업한 비교적 신생 매장입니다. 이곳은 통갈비가 들어간 갈비스지탕과 육회들기름생메밀면이 특히 인기 있으며, 문어숙회도 많이 찾는 메뉴 중 하나입니다. 다양한 한식 안주를 제공하며, 전통주를 이용한 자체 개발 칵테일과 음식과 잘 어울리는 다양한 전통주를 취급하고 있습니다. 매장은 모던함과 전통적인 느낌을 조화롭게 결합하여 무겁지 않은 분위기에서 편안하게 즐길 수 있으며, 전통주에 대한 지식을 갖춘 직원들이 추천 서비스를 제공합니다. 주요 메뉴로는 오징어초무침, 육회, 우삼겹무침, 아육갈, 순두부찌개, 육회들기름생메밀면, 통항정구이, 문어숙회, 스지탕, 소갈비구이가 있으며, 가격대는 16,000원에서 33,000원 사이입니다. 매장은 연중무휴로 운영되며, 월~목요일과 일요일은 오후 5시부터 다음날 1시까지, 금~토요일은 오후 5시부터 다음날 3시까지 영업합니다. 작수불은 작은 규모의 매장이지만, 최고의 맛을 위해 주방장과 직원들이 최선을 다하고 있습니다. 한식과 전통주 페어링, 자체 제작 칵테일을 경험할 수 있는 무겁지 않은 분위기의 한식주점입니다.",
  "rag_text": "통갈비가 들어간 갈비스지탕과 육회들기름막국수가 인기 있는 한식요리주점으로, 한식을 기반으로 다양한 안주와 전통주 페어링 및 자체 제작 전통주 칵테일을 제공합니다. 모던함과 전통적인 느낌이 조화된 무겁지 않은 분위기에서 편안하게 즐길 수 있으며, 전통주에 대한 전문 지식을 갖춘 직원들이 친절하게 추천 서비스를 제공합니다.",
  "metadata": {
    "budget_range": "중",
    "spicy_available": "O",
    "vegetarian_options": "O",
    "main_ingredients_list": [
      "어류",
      "육류"
    ],
    "low_level_category": "한식주점",
    "suitable_for": [
      "무겁지 않은 분위기",
      "한식",
      "전통주 페어링",
      "칵테일",
      "편안한",
      "작은 규모"
    ],
    "food_type_list": [
      "고기류",
      "해산물류",
      "국물류",
      "면류"
    ],
    "temperature_list": [
      "상",
      "생",
      "온"
    ],
    "high_level_category": "한식"
  }
}