{
  "id": 41981,
  "store_name": "르뵈프",
  "llm_summary": "르뵈프는 서울 영등포구 여의도동에 위치한 스테이크 전문 레스토랑으로, 90년대 미국을 연상시키는 이국적인 분위기 속에서 합리적인 가격으로 스테이크 코스 요리를 즐길 수 있는 곳입니다. 6가지 구성의 코스를 제공하며, 감자튀김과 크림스피니치 같은 다양한 사이드 메뉴를 추가 주문할 수 있습니다. 와인 보틀 주문이 필수인 점이 특징이며, 대표 메뉴로는 디너코스(33,000원), 런치플래터(20,000원), 시저샐러드(11,000원)가 있습니다. 영업시간은 월~금요일 11:00~22:00(브레이크타임 15:00~17:00, 마지막 주문 20:00), 토요일 12:00~22:00(브레이크타임 14:30~17:00, 마지막 주문 20:00)이며, 매주 일요일은 휴무입니다. 주차는 여의도종합상가 주차장을 이용할 수 있고, 30분에 2,000원의 요금이 부과됩니다. 현재 블루리본 선정이나 서울 2025 선정에는 포함되어 있지 않으며, 독자 리뷰는 등록되어 있지 않습니다.",
  "rag_text": "이국적인 분위기에서 합리적인 가격으로 스테이크 코스 요리를 즐길 수 있는 양식 레스토랑. 90년대 미국을 연상시키는 공간에서 다양한 사이드 메뉴와 와인과 함께 식사를 즐길 수 있는 곳.",
  "metadata": {
    "budget_range": "중",
    "spicy_available": "X",
    "vegetarian_options": "X",
    "main_ingredients_list": [
      "기타"
    ],
    "low_level_category": "스테이크",
    "suitable_for": [],
    "food_type_list": [
      "기타",
      "디저트류"
    ],
    "temperature_list": [
      "기타",
      "상"
    ],
    "high_level_category": "양식"
  }
}