{
  "id": 42092,
  "store_name": "자양고두리",
  "llm_summary": "자양고두리는 서울 광진구 능동로에 위치한 한식 전문점으로, 두부를 활용한 다양한 메뉴를 제공합니다. 직접 빚은 두부를 넣은 두부만두전골과 흑돼지두부제육, 순두부찌개가 대표 메뉴이며, 삼겹살과 목살도 함께 즐길 수 있습니다. 메뉴는 얼큰차돌순두부찌개, 흑돼지두부제육, 삼겹정식, 삼겹살(170g), 목살(170g), 두부만두전골(중/대) 등으로 구성되어 있습니다. 가격대는 ₩11,000부터 ₩42,000까지 다양하며, 전 메뉴가 맵지 않은 편입니다. 매장은 연중무휴로 오전 11시 30분부터 오후 11시까지 운영하며, 고소한 두부와 돼지고기구이를 중심으로 한 건강한 한식 메뉴를 즐길 수 있습니다. 인스타그램(@jayang_goduri)으로도 소식을 접할 수 있습니다.",
  "rag_text": "두부를 활용해 다양한 메뉴를 선보이는 한식 전문점으로, 직접 빚은 두부를 넣은 두부만두전골, 흑돼지두부제육, 순두부찌개 등이 인기입니다. 삼겹살과 목살 등 돼지고기구이 메뉴도 함께 제공하며, 고소한 두부와 함께 즐길 수 있는 건강한 한식 분위기입니다. 연중무휴로 편안하고 친근한 분위기에서 맛있는 한식을 경험할 수 있습니다.",
  "metadata": {
    "budget_range": "중",
    "spicy_available": "X",
    "vegetarian_options": "O",
    "main_ingredients_list": [
      "기타",
      "육류"
    ],
    "low_level_category": "두부, 돼지고기구이",
    "suitable_for": [],
    "food_type_list": [
      "국물류",
      "고기류"
    ],
    "temperature_list": [
      "온"
    ],
    "high_level_category": "한식"
  }
}