{
  "id": 42138,
  "store_name": "장인닭갈비(종로점)",
  "llm_summary": "장인닭갈비(종로점)은 서울 종로구 청계천로에 위치한 닭갈비 전문점으로, 기본에 충실한 닭갈비를 선보입니다. 대표 메뉴는 장인닭갈비와 치즈닭갈비이며, 쫄깃한 치즈와 부드러운 순살 닭갈비를 함께 즐길 수 있습니다. 직원이 직접 볶아주는 닭갈비와 함께 기본 상차림으로 쌈 채소가 무한리필 셀프바로 제공되어 식사 내내 부족함이 없습니다. 100% 국내산 닭갈비와 순수 모짜렐라 치즈를 사용하며, 다양한 사리 메뉴도 준비되어 있어 닭갈비 맛을 더욱 풍부하게 즐길 수 있습니다. 식사 후에는 장인볶음밥으로 마무리할 수 있으며, 깔끔하고 세련된 인테리어와 단체 이용이 가능한 좌석도 갖추어져 있어 종로역과 종각역 인근에서 맛과 분위기를 동시에 만족시키는 닭갈비 맛집입니다. 메뉴는 닭갈비류 외에도 날치알볶음밥, 김치볶음밥, 장인볶음밥, 모둠사리 등 다양한 한식 밥류와 사리 메뉴로 구성되어 있습니다. 연중무휴로 오전 11시부터 밤 11시까지 운영하며, 마지막 주문은 10시까지 받습니다.",
  "rag_text": "기본에 충실한 닭갈비 전문점으로, 100% 국내산 닭갈비와 순수 모짜렐라 치즈의 조화를 선보입니다. 쫄깃한 치즈와 부드러운 순살 닭갈비를 직원이 직접 볶아 제공하며, 다양한 사리 메뉴와 무한리필 쌈채소 셀프바가 있어 풍성한 식사를 즐길 수 있습니다. 깔끔하고 세련된 인테리어와 단체 모임이 가능한 공간을 갖추어 종로역과 종각역 인근에서 맛과 분위기를 모두 만족시키는 한식 닭갈비 전문점입니다.",
  "metadata": {
    "budget_range": "중",
    "spicy_available": "O",
    "vegetarian_options": "X",
    "main_ingredients_list": [
      "패류",
      "기타",
      "조류"
    ],
    "low_level_category": "닭갈비",
    "suitable_for": [
      "단체모임",
      "데이트",
      "가족모임"
    ],
    "food_type_list": [
      "밥류",
      "기타",
      "고기류"
    ],
    "temperature_list": [
      "온"
    ],
    "high_level_category": "한식"
  }
}