{
  "id": 42143,
  "store_name": "장인닭갈비(건대점)",
  "llm_summary": "장인닭갈비(건대점)은 서울 광진구 아차산로에 위치한 닭갈비 전문점으로, 기본에 충실한 맛과 서비스를 제공하는 맛집입니다. 대표 메뉴로는 쫄깃한 치즈와 부드러운 순살 닭갈비를 함께 즐길 수 있는 장인닭갈비와 치즈닭갈비가 있으며, 직원이 직접 볶아주는 닭갈비와 함께 쌈 채소가 기본 상차림으로 무한리필 셀프바 형태로 제공됩니다. 100% 국내산 닭갈비와 순수 모짜렐라 치즈만을 사용하여 특별한 조화를 이루며, 다양한 사리 메뉴도 준비되어 있어 닭갈비 맛을 더욱 풍부하게 즐길 수 있습니다. 식사 후에는 장인볶음밥으로 마무리할 수 있으며, 깔끔하고 세련된 인테리어로 편안한 식사 분위기를 제공합니다. 메뉴는 닭갈비 외에도 날치알볶음밥, 김치볶음밥, 장인볶음밥, 모둠사리 등이 있으며, 전 메뉴가 온음식으로 제공됩니다. 영업시간은 매일 11시부터 23시까지이며, 연중무휴로 운영됩니다.",
  "rag_text": "기본에 충실한 닭갈비 전문점으로, 쫄깃한 치즈와 부드러운 순살 닭갈비가 조화를 이루는 한식 닭갈비 맛집입니다. 100% 국내산 닭갈비와 순수 모짜렐라 치즈를 사용하며, 직원이 직접 볶아주는 닭갈비와 무한리필 쌈채소 셀프바가 특징입니다. 깔끔하고 세련된 인테리어가 돋보이며, 건대 지역을 대표하는 맛과 분위기를 갖춘 장소입니다.",
  "metadata": {
    "budget_range": "중",
    "spicy_available": "O",
    "vegetarian_options": "X",
    "main_ingredients_list": [
      "패류",
      "기타",
      "조류"
    ],
    "low_level_category": "닭갈비",
    "suitable_for": [
      "가족모임",
      "데이트",
      "편안한",
      "깔끔한",
      "세련된"
    ],
    "food_type_list": [
      "밥류",
      "기타",
      "고기류"
    ],
    "temperature_list": [
      "온"
    ],
    "high_level_category": "한식"
  }
}