{
  "id": 42196,
  "store_name": "라바즈",
  "llm_summary": "라바즈는 서울 마포구 망원동에 위치한 디저트 전문점으로, 프랑스 디저트를 전문으로 합니다. 이상준 파티시에와 그의 팀이 기본 기술과 맛을 중요시하며 계절 과일을 듬뿍 올린 과일 타르트와 캐러멜이 대표 메뉴입니다. 금, 토, 일요일에만 영업하며, 메뉴는 마카총케이크, 레몬라임타르트, 미니에끌레어 2종, 바닐라밀푀유, 프레지에, 딸기라임타르타르 등 다양한 디저트류와 아메리카노, 라테, 시즈널에이드 같은 음료도 제공합니다. 가격대는 ₩3,200에서 ₩20,000 사이이며, 전체적으로 디저트와 음료를 고루 갖춘 카페 스타일입니다. 블루리본 서베이에서 과실의 맛을 담은 디저트로 추천받고 있으며, 인스타그램 계정도 운영 중입니다. 매장 분위기 및 라벨 관련 정보는 없으나, 고급스럽고 계절감을 살린 프랑스식 디저트 전문점으로 평가됩니다.",
  "rag_text": "과실의 맛을 담은 디저트를 제공하는 프랑스 디저트 전문점으로, 기본 기술과 맛을 중시하는 이상준 파티시에와 팀이 운영합니다. 계절 과실을 활용한 과일 타르트가 대표적이며 캐러멜 메뉴도 추천됩니다. 디저트와 음료를 주로 다루며, 금, 토, 일요일에만 영업하는 전문 디저트점입니다. 테마는 기타이며, 고급스럽고 계절감을 살린 프랑스 디저트 전문점 분위기입니다.",
  "metadata": {
    "budget_range": "중",
    "spicy_available": "X",
    "vegetarian_options": "X",
    "main_ingredients_list": [
      "기타"
    ],
    "low_level_category": "디저트전문점",
    "suitable_for": [],
    "food_type_list": [
      "디저트류",
      "음료"
    ],
    "temperature_list": [
      "상",
      "기타"
    ],
    "high_level_category": "디저트류"
  }
}