{
  "id": 42207,
  "store_name": "베지스튜디오",
  "llm_summary": "베지스튜디오는 서울 마포구 공덕동 공덕파크자이에 위치한 비건 전문 채식 레스토랑으로, 베이스이즈나이스로 유명한 장진아 대표의 두 번째 레스토랑입니다. 이곳은 채소를 더욱 맛있고 즐겁게 즐길 수 있도록 영양이 풍부한 다양한 메뉴를 제공하며, 백미 대신 통곡물로 지은 밥을 베이스로 여러 채소와 소스를 곁들인 채소밥이 대표 메뉴입니다. 메뉴로는 뿌리채소수프, 깻잎아보주스, 두부비트주스, 채소밥, 런치세트, 디너채소밥 등이 있으며, 가격대는 3,500원부터 19,500원 사이입니다. 영업시간은 월요일과 목요일부터 일요일까지 오전 10시 30분부터 오후 3시 30분까지이며, 매주 화요일과 수요일은 휴무입니다. 채식과 비건을 지향하는 고객들에게 적합한 건강한 양식 메뉴를 제공하며, 매장 분위기나 라벨 정보는 별도로 표기되어 있지 않습니다.",
  "rag_text": "채식 전문 비건 레스토랑으로, 건강하고 영양 가득한 채소 기반 메뉴를 다양하게 제공하는 양식 스타일의 식당입니다. 통곡물 밥과 다양한 채소, 소스를 활용한 창의적인 채소밥이 대표적이며, 편안하고 즐거운 식사 경험을 지향합니다.",
  "metadata": {
    "budget_range": "중",
    "spicy_available": "X",
    "vegetarian_options": "O",
    "main_ingredients_list": [
      "기타"
    ],
    "low_level_category": "비건",
    "suitable_for": [],
    "food_type_list": [
      "기타",
      "음료",
      "밥류",
      "디저트류"
    ],
    "temperature_list": [
      "온",
      "기타",
      null
    ],
    "high_level_category": "양식"
  }
}