{
  "id": 42315,
  "store_name": "서울깍두기(코엑스점)",
  "llm_summary": "서울특별시 강남구 삼성동 도심공항타워 지하 1층에 위치한 '서울깍두기(코엑스점)'은 설렁탕을 주력 메뉴로 하는 한식 전문점입니다. 2024년 9월 1일 개업한 이곳은 한우사골설렁탕, 한우사골육개장, 한우불고기뚝배기, 한우사골소머리탕, 소갈비찜 등 다양한 한식 국물류와 고기류 메뉴를 제공합니다. 특히 다진 파와 김치통을 제공하여 고객이 원하는 만큼 덜어 먹을 수 있으며, 소갈비찜이 인기 메뉴로 꼽힙니다. 연중무휴로 오전 10시 30분부터 오후 9시까지 운영하며, 마지막 주문은 20시 30분에 받습니다. 고급 한우를 사용한 전통 설렁탕과 육개장 등 한식 메뉴를 합리적인 가격대(₩12,900~₩18,900)로 즐길 수 있습니다. 현재 블루리본 선정이나 서울 2025 선정에는 포함되지 않았으며, 리뷰는 아직 등록되지 않았습니다. 편리한 위치와 전통적인 맛을 자랑하는 한식당으로, 소고기 육류를 중심으로 한 메뉴 구성이 특징입니다.",
  "rag_text": "설렁탕을 메인으로 소갈비찜, 육개장 등을 선보이는 한식집. 다진파와 김치통을 갖다주어 원하는 만큼 덜어 먹을 수 있다. 소갈비찜도 인기 메뉴. 고급 한우를 사용한 전통 한식 전문점으로, 따뜻한 국물 요리와 고기류를 중심으로 하며, 전통성과 한국인의 입맛에 맞춘 맛집이다. 연중무휴로 편리한 접근성을 제공하며, 가족 모임이나 한식 애호가에게 적합한 분위기이다.",
  "metadata": {
    "budget_range": "중",
    "spicy_available": "O",
    "vegetarian_options": "X",
    "main_ingredients_list": [
      "육류"
    ],
    "low_level_category": "곰탕, 설렁탕",
    "suitable_for": [
      "가족모임",
      "전통적",
      "한식",
      "편리한 접근성"
    ],
    "food_type_list": [
      "국물류",
      "고기류"
    ],
    "temperature_list": [
      "온"
    ],
    "high_level_category": "한식"
  }
}