{
  "id": 42381,
  "store_name": "아민이화",
  "llm_summary": "아민이화는 서울 서대문구 이화여대길에 위치한 지중해식 양식 레스토랑으로, 터키, 이스라엘, 모로코, 레바논, 이태리, 포르투갈 등 다양한 지중해 국가의 가정식을 건강하게 선보입니다. 매장은 지중해풍으로 이국적인 분위기를 자아내며, 향신료를 적절히 사용해 호불호 없이 즐길 수 있는 요리를 제공합니다. 대표 메뉴로는 이태리부르스게타플레이트, 레바논마클루바플레이트가 있으며, 이외에도 이스라엘샥슈카플레이트, 터키츨브르플레이트, 모로코잘룩플레이트, 스페인바칼라우플레이트 등이 있습니다. 모든 메뉴는 소스를 직접 제조하며 올리브유와 허브를 조합해 식재료 본연의 맛을 극대화합니다. 붉은 고기 사용을 최소화하여 비건 메뉴가 주를 이루며, 비건과 논비건 고객 모두가 함께 식사하기 좋은 환경을 제공합니다. 식전주로는 올리브오일이 가미된 논알콜 뱅쇼가 제공됩니다. 영업시간은 매일 10:00부터 21:00까지이며, 연중무휴로 운영됩니다. 2014년 7월에 개업했으며, 인스타그램을 통해 소식을 확인할 수 있습니다.",
  "rag_text": "지중해풍의 이국적인 양식 레스토랑으로, 터키, 이스라엘, 모로코, 레바논, 이태리, 포르투갈 가정식을 건강하게 제공하며, 직접 제조한 소스와 올리브유, 허브를 사용해 식재료 본연의 맛을 살립니다. 붉은 고기를 최대한 배제하여 비건과 논비건 모두가 함께 즐길 수 있는 메뉴 구성이 특징입니다. 향신료를 적절히 사용해 호불호 없이 즐길 수 있으며, 식전주로 올리브오일이 가미된 논알콜 뱅쇼를 제공합니다. 연중무휴 운영하는 편안하고 건강한 지중해식 양식 전문점입니다.",
  "metadata": {
    "budget_range": "중",
    "spicy_available": "X",
    "vegetarian_options": "O",
    "main_ingredients_list": [
      "기타",
      "육류",
      "어류"
    ],
    "low_level_category": "지중해식",
    "suitable_for": [
      "비건",
      "논비건",
      "건강식",
      "가족모임",
      "편안한",
      "이국적"
    ],
    "food_type_list": [
      "기타",
      "밥류",
      "해산물류"
    ],
    "temperature_list": [
      "상",
      "온"
    ],
    "high_level_category": "양식"
  }
}