{
  "id": 42440,
  "store_name": "앙꼬",
  "llm_summary": "앙꼬는 서울 강남구 삼성동에 위치한 일본 정통 화과자 전문 디저트점입니다. 일본 유학파 출신 셰프가 국산 팥으로 만든 앙금을 활용한 팥빙수, 시루콩 등 특별한 일본 디저트를 선보이며, 단짠단짠한 쫄깃한 당고가 대표 메뉴입니다. 메뉴는 당고, 밤만주, 통팥도라야키, 고양이모나카, 고양이팥빙수 등 다양한 일본식 디저트와 아메리카노, 카페라테, 미숫가루라테, 교토말차라테 같은 음료류를 포함하며, 가격대는 2,500원부터 9,500원까지 다양합니다. 연중무휴로 운영되며, 평일은 08:00~22:00, 주말은 08:00~21:00까지 영업합니다. 가게는 디저트와 일본식 전통의 맛을 추구하며, 조용하고 아늑한 분위기에서 일본 화과자의 전통성과 창의성을 경험할 수 있는 곳입니다.",
  "rag_text": "일본 유학파 출신 셰프가 운영하는 일본 정통 화과자 전문점으로, 국산 팥 앙금을 사용한 팥빙수와 시루콩 등 특별한 일본 디저트를 제공합니다. 단짠단짠한 쫄깃한 당고가 인기 메뉴이며, 전통적인 일본 디저트의 맛과 창의성을 느낄 수 있는 디저트 전문점입니다. 아늑하고 조용한 분위기에서 일본식 디저트를 즐길 수 있습니다.",
  "metadata": {
    "budget_range": "저",
    "spicy_available": "X",
    "vegetarian_options": "X",
    "main_ingredients_list": [
      "기타",
      "육류"
    ],
    "low_level_category": "디저트전문점, 일본디저트",
    "suitable_for": [],
    "food_type_list": [
      "디저트류",
      "고기류",
      "음료"
    ],
    "temperature_list": [
      "상",
      "기타",
      "냉"
    ],
    "high_level_category": "디저트류"
  }
}