{
  "id": 42483,
  "store_name": "오베이글하우스",
  "llm_summary": "오베이글하우스는 호주 퀸즐랜드에서 시작된 인기 베이글 브랜드로, 서울 마포구 합정동에 위치해 있다. 4층 규모의 쾌적한 공간에서 베이글과 크림치즈, 다양한 토핑을 고객이 원하는 대로 커스텀할 수 있으며, 특히 메이플과 베이컨이 조화된 '굿모닝' 메뉴가 가장 인기 있다. 이외에도 '드롭더비프', 'NYC', '클래시록스', '빅마마' 등 다양한 베이글 샌드위치와 디저트류 메뉴를 제공한다. 또한 호주 3대 로스터리 ST.ALI 커피빈을 국내 최초로 선보이며, 카라멜오트콜드브루, 티라미수클라우드 같은 음료도 즐길 수 있다. 200명 이상 동시 수용 가능한 넓은 매장으로 웨이팅 없이 빠른 입장이 가능하며, 연중무휴로 오전 10시부터 오후 7시까지 운영된다. 가격대는 7,000원부터 14,000원 사이로 합리적인 편이다. 신선한 재료와 쉐프의 정성이 담긴 베이글 샌드위치와 프리미엄 커피를 편안한 공간에서 즐길 수 있는 베이글 전문점이다.",
  "rag_text": "호주에서 인기 있는 베이글 브랜드로, 베이글부터 크림치즈와 토핑까지 원하는 대로 커스텀할 수 있는 베이글 전문점입니다. 메이플과 베이컨이 어우러진 굿모닝 메뉴가 가장 인기 있으며, 드롭더비프와 NYC 메뉴도 많이 찾습니다. 4층 규모의 쾌적한 공간에서 편안하게 즐길 수 있고, 호주 3대 로스터리 ST.ALI 커피빈을 국내 최초로 선보여 커피 또한 프리미엄입니다. 넓은 매장으로 웨이팅 없이 빠른 입장이 가능하며, 연중무휴로 운영됩니다. 다양한 음료와 디저트류 메뉴도 함께 제공하는 베이글 및 디저트 전문점입니다.",
  "metadata": {
    "budget_range": "중",
    "spicy_available": "X",
    "vegetarian_options": "X",
    "main_ingredients_list": [
      "기타",
      "조류"
    ],
    "low_level_category": "베이글",
    "suitable_for": [],
    "food_type_list": [
      "음료",
      "디저트류"
    ],
    "temperature_list": [
      "기타",
      "상"
    ],
    "high_level_category": "기타"
  }
}