{
  "id": 42552,
  "store_name": "호보식당(신사역직영점)",
  "llm_summary": "호보식당(신사역직영점)은 서울 강남구 신사동에 위치한 소갈비와 돼지고기구이 전문 한식 고깃집입니다. 이곳은 달큰한 소스가 특징인 마늘갈비와 다양한 돼지고기구이를 풍성한 반찬과 특제 소스와 함께 제공합니다. 고기는 직원이 직접 구워주어 편안하게 식사할 수 있으며, 시원하고 상큼한 셔벗 하이볼과 함께 즐기기에 좋습니다. 주요 메뉴로는 매콤한 갈비깍두기볶음밥(12,000원), 꿀살(18,000원), 호보갈비(18,500원), 한우육회(29,000원), 매운 땡초육회(29,000원), 그리고 생고기모둠한판(72,000원) 등이 있습니다. 모든 메뉴는 한식 테마로 제공되며, 고기류가 주재료입니다. 연중무휴로 운영하며, 월~금요일은 11:00~22:00(브레이크타임 14:00~16:00), 주말은 13:00~22:00까지 영업합니다. 고객 리뷰는 아직 등록되지 않았으나, 고기의 맛과 서비스, 분위기 모두 보통 이상의 만족도를 기대할 수 있습니다.",
  "rag_text": "달큰한 소스의 마늘갈비와 돼지고기구이를 특제 소스와 풍성한 반찬과 함께 제공하는 한식 고깃집. 직원이 직접 고기를 구워주어 편안한 식사가 가능하며, 시원하고 상큼한 셔벗 하이볼과 함께 즐기기 좋음. 정통 한식 고기구이 전문점으로 가족 모임, 편안한 식사, 캐주얼 모임에 적합함.",
  "metadata": {
    "budget_range": "중",
    "spicy_available": "O",
    "vegetarian_options": "X",
    "main_ingredients_list": [
      "육류"
    ],
    "low_level_category": "소갈비, 돼지고기구이",
    "suitable_for": [
      "가족모임",
      "편안한 식사",
      "캐주얼 모임"
    ],
    "food_type_list": [
      "밥류",
      "고기류"
    ],
    "temperature_list": [
      "온",
      "생"
    ],
    "high_level_category": "한식"
  }
}