{
  "id": 42568,
  "store_name": "띠엘로",
  "llm_summary": "띠엘로는 서울 강남구 역삼동에 위치한 분위기 좋은 와인 다이닝 레스토랑으로, 다양한 모임에 적합한 공간을 제공합니다. 800여 종의 와인을 갖추고 있으며, 전문 소믈리에가 각종 이탈리안 요리에 어울리는 와인을 추천해 페어링할 수 있습니다. 최대 72명까지 수용 가능한 공간으로 홀 대관도 가능합니다. 메뉴는 인살라타부라타, 단새우파스타, 라자냐, 트러플크림뇨끼, 양갈비스테이크, 안심스테이크, 모둠해산물플레이트 등 다양한 양식 요리가 준비되어 있으며, 가격대는 20,000원부터 55,000원 사이입니다. 띠엘로는 'Tierra(땅)', 'Ciel(하늘)', 'O(물)'의 의미를 담아 음식과 와인이 서로 연결되어 고객의 삶에 자연스럽게 어우러지는 와인 전문 레스토랑을 지향합니다. 영업시간은 월~금요일 17:00~01:00, 토요일 15:00~24:00이며, 일요일은 휴무입니다. 공식 인스타그램과 네이버 블로그를 통해 추가 정보를 확인할 수 있습니다.",
  "rag_text": "분위기 있는 와인 다이닝 레스토랑으로, 800여 종의 와인을 갖추고 있으며 전문 소믈리에가 이탈리안 요리와 와인 페어링을 추천합니다. 다양한 모임에 적합하고 72명까지 수용 가능한 공간을 제공하며, 음식과 와인이 서로 연결되어 고객의 삶에 자연스럽게 어우러지는 곳입니다. 편안하고 고급스러운 이탈리안 양식 전문점입니다.",
  "metadata": {
    "budget_range": "중",
    "spicy_available": "X",
    "vegetarian_options": "X",
    "main_ingredients_list": [
      "기타",
      "어류",
      "육류"
    ],
    "low_level_category": "양식",
    "suitable_for": [
      "와인 다이닝",
      "모임",
      "분위기 좋은",
      "홀 대관 가능"
    ],
    "food_type_list": [
      "기타",
      "면류",
      "밥류",
      "고기류",
      "해산물류"
    ],
    "temperature_list": [
      "상",
      "온"
    ],
    "high_level_category": "양식"
  }
}