{
  "id": 42591,
  "store_name": "윤숲(후르츠산도점)",
  "llm_summary": "윤숲(후르츠산도점)은 서울 광진구 중곡동에 위치한 일본 감성의 카페로, 알록달록한 후르츠산도가 대표 메뉴입니다. 식빵 대신 다쿠아즈 사이에 크림과 과일을 넣어 만든 후르츠산도가 인기가 많으며, 커피, 소다, 푸딩 등 아기자기한 비주얼의 다양한 음료와 디저트도 제공합니다. 메뉴는 멜론소다, 크림소다, 사르르푸딩이, 말차말차라테, 후르츠산도, 요거트볼, 멜론파라다이스 등으로 구성되어 있으며 가격대는 5,500원에서 8,700원 사이입니다. 연중무휴로 오전 11시부터 오후 10시까지 운영하며, 개업일은 2024년 8월 3일입니다. 인스타그램(@yoon_forest_fruit)을 통해 소식을 확인할 수 있습니다. 전체적으로 일본식 디저트 카페 분위기로, 과일과 크림을 활용한 창의적인 디저트와 음료를 즐길 수 있는 곳입니다.",
  "rag_text": "알록달록한 후르츠산도가 있는 일본 감성의 카페로, 식빵 대신 다쿠아즈 사이에 크림과 과일을 넣은 후르츠산도가 인기입니다. 각종 과일로 준비된 후르츠산도와 함께 커피, 소다, 푸딩 등 아기자기한 비주얼의 음료와 디저트를 제공합니다. 일본식 디저트 전문 카페로 아기자기하고 감성적인 분위기를 자아냅니다.",
  "metadata": {
    "budget_range": "중",
    "spicy_available": "X",
    "vegetarian_options": "X",
    "main_ingredients_list": [
      "기타"
    ],
    "low_level_category": "카페, 후르츠산도",
    "suitable_for": [],
    "food_type_list": [
      "음료",
      "디저트류"
    ],
    "temperature_list": [
      "기타",
      "상"
    ],
    "high_level_category": "디저트류"
  }
}