{
  "id": 42616,
  "store_name": "바다회사랑2호점",
  "llm_summary": "바다회사랑2호점은 서울 마포구 서교동에 위치한 방어회 전문 일식 레스토랑입니다. 방어회는 두껍게 썰어 부드럽고 쫄깃한 식감과 고소한 풍미가 특징이며, 백김치, 김, 무순 등과 함께 즐길 수 있습니다. 사이드 메뉴로 매운탕 또는 해물라면 추가를 추천합니다. 주요 메뉴로는 키조개, 대방어와 생연어를 조합한 다양한 코스가 있으며, 가격대는 19,000원부터 109,000원까지 다양합니다. 영업시간은 화요일부터 일요일까지 오후 2시 30분부터 11시 30분까지이며, 매주 월요일은 휴무입니다. 2019년 5월 13일에 개업했으며, 블루리본 Pick에 선정되어 신뢰받는 맛집입니다. 전체적으로 신선한 해산물을 중심으로 한 일식 전문점으로, 고급스러운 해산물 요리를 즐길 수 있습니다.",
  "rag_text": "방어회가 유명한 바다회사랑2호점은 부드럽고 쫄깃한 식감의 방어회와 고소한 풍미가 특징인 일식 해산물 전문점입니다. 백김치, 김, 무순과 함께 즐기며 매운탕과 해물라면 사이드 메뉴를 추천합니다. 일식 테마의 해산물 요리를 제공하며, 고급스러운 분위기에서 신선한 생선회를 맛볼 수 있습니다.",
  "metadata": {
    "budget_range": "고",
    "spicy_available": "X",
    "vegetarian_options": "X",
    "main_ingredients_list": [
      "패류",
      "어류"
    ],
    "low_level_category": "방어, 생선회",
    "suitable_for": [],
    "food_type_list": [
      "해산물류"
    ],
    "temperature_list": [
      "상",
      "생"
    ],
    "high_level_category": "일식"
  }
}