{
  "id": 42641,
  "store_name": "나베정",
  "llm_summary": "나베정은 서울 중랑구 면목동에 위치한 일본 스키야키 전문점으로, 관서식과 관동식 스키야키 두 가지 스타일을 모두 맛볼 수 있습니다. 평일 점심에는 합리적인 가격에 제공하며, 채소 리필이 한 번 가능해 가성비가 좋습니다. 대표 메뉴로는 관서식스키야키, 관동식스키야키(평일 점심 및 일반), 신미스키야키, 치킨가라아게, 그리고 사이드 메뉴인 눈꽃오코노미야키가 있습니다. 모든 메뉴는 따뜻하게 제공되며, 맵지 않은 일식 고기류와 기타 메뉴로 구성되어 있습니다. 매장은 화요일부터 일요일까지 오전 11시 30분부터 오후 10시까지 영업하며, 매주 월요일은 휴무입니다. 인근 공영주차장을 이용할 수 있고, 인스타그램(nabe_jung)을 통해 소식을 확인할 수 있습니다. 2021년 11월 9일에 개업했으며, 블루리본 선정이나 서울 2025 선정은 받지 않았습니다. 메뉴 가격대는 13,000원부터 20,900원 사이로 다양합니다. 독자 리뷰는 아직 등록되어 있지 않습니다.",
  "rag_text": "일본 관서식과 관동식 스키야키를 모두 맛볼 수 있는 일식 전문점으로, 평일 점심에는 합리적인 가격에 제공하며 채소 리필이 가능하다. 사이드 메뉴로 눈꽃오코노미야키가 인기이다. 따뜻한 온도감의 일식 고기류와 기타 메뉴를 제공하며, 조용하고 편안한 분위기에서 가성비 좋은 식사를 즐길 수 있다.",
  "metadata": {
    "budget_range": "중",
    "spicy_available": "X",
    "vegetarian_options": "X",
    "main_ingredients_list": [
      "조류",
      "기타",
      "육류"
    ],
    "low_level_category": "스키야키",
    "suitable_for": [],
    "food_type_list": [
      "고기류",
      "기타"
    ],
    "temperature_list": [
      "온"
    ],
    "high_level_category": "일식"
  }
}