{
  "id": 42682,
  "store_name": "미오",
  "llm_summary": "미오는 서울 송파구 소피텔 앰배서더 서울 호텔 내에 위치한 모던 일식 가스트로노미 레스토랑으로, 한식 재료와 일본 요리를 조합한 마리아주 코스를 제공합니다. 가이세키 코스와 스시오마카세를 전문으로 하며, 전문 사케 소믈리에가 페어링을 추천해 줍니다. 매장에는 3개의 별실과 6석의 스시 카운터가 마련되어 있어 프라이빗하고 세심한 다이닝 경험을 선사합니다. 메뉴는 디너와 런치 코스로 구성되어 있으며, 가격대는 10,000원부터 190,000원까지 다양합니다. 대표 메뉴로는 [디너] 오코스(180,000원), [런치] 코스(100,000원), [런치] 스시코스(120,000원), [런치] 스시오마카세(120,000원), [디너] 미코스(150,000원), [디너] 스시오마카세(190,000원)가 있습니다. 일식 전문 셰프가 준비하는 스시 오마카세와 프리미엄 갓포 스타일 단품 메뉴가 와인, 생맥주, 소피텔 사케와 잘 어울리며, 월요일부터 일요일까지 11:30~22:00까지 운영합니다(브레이크타임 14:30~18:00). 발레파킹 서비스를 제공하며, 연중 무휴로 운영됩니다. 최고급 한국 식재료와 일본 요리 테크닉의 조화로 최상의 다이닝을 경험할 수 있는 곳입니다.",
  "rag_text": "모던 일식 가스트로노미 레스토랑으로 한식 재료와 일본 요리의 마리아주 코스를 선보입니다. 가이세키 코스와 스시오마카세를 중심으로 전문 사케 소믈리에의 페어링 추천이 있으며, 프라이빗 별실과 스시 카운터가 마련되어 있어 고급스럽고 세심한 서비스가 특징입니다. 일식 전문 셰프가 준비하는 스시 오마카세와 프리미엄 갓포 스타일 메뉴가 와인, 생맥주, 소피텔 사케와 잘 어울립니다. 호텔 내 위치하여 고급스러운 분위기에서 조용하고 품격 있는 다이닝을 즐길 수 있습니다.",
  "metadata": {
    "budget_range": "고",
    "spicy_available": "X",
    "vegetarian_options": "X",
    "main_ingredients_list": [
      "기타"
    ],
    "low_level_category": "가이세키, 스시",
    "suitable_for": [
      "고급",
      "조용한",
      "프라이빗",
      "호텔내",
      "비즈니스",
      "상견례"
    ],
    "food_type_list": [
      "기타"
    ],
    "temperature_list": [
      "기타",
      "생"
    ],
    "high_level_category": "일식"
  }
}