{
  "id": 42694,
  "store_name": "만주리양꼬치",
  "llm_summary": "만주리양꼬치는 서울 중랑구 신내동에 위치한 양고기 전문점으로, 참숯에 구워 먹기 좋게 익힌 질 좋은 양꼬치와 궈바로우를 즐길 수 있는 곳입니다. 기본 서비스로 제공되는 오이무침과의 궁합이 뛰어나며, 양꼬치, 양갈비, 양등갈비 등의 단품 메뉴와 하얼빈세트, 만주리세트, 칭따오세트 등 다양한 세트 메뉴도 구비되어 있습니다. 메뉴는 중식과 한식 테마가 혼재되어 있으며, 고기류 중심의 메뉴 구성이 특징입니다. 대표 메뉴로는 양꼬치(₩15,000), 궈바로우(₩18,000), 고급양갈비 300g(₩29,000), 향라대하(₩18,000), 양갈빗살(₩19,000), 양등갈비 300g(₩22,000) 등이 있습니다. 연변 출신 사장님이 운영하며, 간이 세지 않고 담백하며 깊은 맛을 내는 요리가 특징입니다. 특히 향라대하와 온면 등 다양한 요리가 유명 양꼬치 거리의 식당들보다 더 좋은 맛을 낸다는 평을 받고 있습니다. 영업시간은 화요일부터 일요일까지 12:00~23:00이며, 매주 월요일은 휴무입니다. 전화번호는 02-491-3373입니다. 전반적으로 깔끔하고 깨끗한 맛과 수준급의 양고기 질을 자랑하며, 가격 대비 만족도가 높은 편입니다.",
  "rag_text": "만주리양꼬치는 참숯에 구워 낸 질 좋은 양꼬치와 궈바로우를 중심으로 한 중식과 한식 테마의 양고기 전문점입니다. 기본 서비스로 제공되는 오이무침과의 조화가 뛰어나며, 연변 출신 사장님이 운영하여 간이 세지 않고 담백하며 깊은 맛을 내는 요리가 특징입니다. 다양한 단품 및 세트 메뉴가 준비되어 있으며, 깔끔하고 깨끗한 맛으로 지역 내에서 좋은 평가를 받고 있습니다. 편안하고 친근한 분위기에서 양고기와 해산물 요리를 즐기기에 적합한 곳입니다.",
  "metadata": {
    "budget_range": "중",
    "spicy_available": "X",
    "vegetarian_options": "X",
    "main_ingredients_list": [
      "육류",
      "패류"
    ],
    "low_level_category": "양고기",
    "suitable_for": [
      "편안한",
      "친근한",
      "가족모임",
      "친구모임"
    ],
    "food_type_list": [
      "고기류",
      "해산물류",
      null
    ],
    "temperature_list": [
      "온",
      null
    ],
    "high_level_category": "한식"
  }
}