{
  "id": 42753,
  "store_name": "덕클(망원점)",
  "llm_summary": "덕클(망원점)은 서울 마포구 망원동에 위치한 중식을 기반으로 한 아시안 퓨전 음식점입니다. 홍콩과 대만 등 중화권의 맛과 멋을 추구하며, 한국인 입맛에 맞는 대중적인 퓨전 중식 요리를 선보이고 있습니다. 대표 메뉴로는 소고기 살치살과 채소를 함께 볶은 몽골리안비프, 에그면에 사천식 소스를 부어 먹는 크리스피 에그누들, 계란 볶음밥과 게살 수프를 함께 제공하는 원앙 볶음밥이 있습니다. 시즌 메뉴로 중화초계면도 제공되어 색다른 맛을 즐길 수 있습니다. 메뉴 가격대는 9,000원에서 32,000원 사이이며, 가지튀김, 탄탄맨, 량멘, 마파두부덮밥, 크림짬뽕, 사천크리피에그누들, 소고기차오미엔 등 다양한 메뉴가 준비되어 있습니다. 영업시간은 화요일부터 일요일까지 오전 11시 30분부터 오후 9시까지이며, 오후 4시부터 5시까지는 브레이크 타임이 있습니다. 주차는 건물 내 불가하며 주변 공영주차장 이용을 권장합니다. 망원역 2번 출구 인근에 위치해 접근성이 좋고, 점심, 저녁, 데이트, 회식, 모임 등 다양한 상황에 적합한 맛집입니다. 인스타그램(https://www.instagram.com/duckle_mangwon/)을 통해서도 소식을 확인할 수 있습니다.",
  "rag_text": "중식 기반 아시안 퓨전 음식점으로, 홍콩과 대만 등 중화권의 맛과 멋을 추구하며 한국인 입맛에 맞는 대중적인 퓨전음식을 제공합니다. 망원동의 핫플레이스로 특별하고 창의적인 메뉴들이 가득하며, 점심, 저녁, 데이트, 회식, 모임에 적합한 분위기를 지닌 곳입니다.",
  "metadata": {
    "budget_range": "중",
    "spicy_available": "O",
    "vegetarian_options": "X",
    "main_ingredients_list": [
      "기타",
      "육류"
    ],
    "low_level_category": "퓨전중식",
    "suitable_for": [
      "점심",
      "저녁",
      "데이트",
      "회식",
      "모임",
      "특별한",
      "창의적"
    ],
    "food_type_list": [
      "기타",
      "면류",
      "밥류",
      "고기류"
    ],
    "temperature_list": [
      "기타",
      "온"
    ],
    "high_level_category": "중식"
  }
}