{
  "id": 42786,
  "store_name": "조광201",
  "llm_summary": "조광201은 서울 송파구 문정동에 위치한 간판 없는 사천식 중식당입니다. 대표 메뉴로는 윤기가 흐르는 진한 갈색의 동파육이 있으며, 청경채와 함께 즐기기 좋습니다. 매콤한 마라탕도 인기 메뉴로, 모든 요리는 매운맛 조절이 가능합니다. 마무리 메뉴로 담백한 크림이 어우러진 두부크림꽃빵이 추천됩니다. 메뉴 가격대는 8,000원에서 27,000원 사이이며, 주요 메뉴로는 두부크림꽃빵, 마라탕, 동파육, 라즈지, 마파두부, 새우완탕, 풍미가지, 마라샹궈 등이 있습니다. 메뉴는 주로 중식 테마이며, 온도는 따뜻한 음식과 상온 음식이 혼합되어 있습니다. 영업시간은 화요일부터 토요일까지 18:00부터 23:00까지이며, 마지막 주문은 21:30입니다. 매주 월요일과 일요일은 휴무입니다. 주차는 가든파이브 주차장을 유료로 이용할 수 있습니다. 공식 인스타그램 계정도 운영 중입니다. 독자 리뷰는 아직 등록되지 않았습니다.",
  "rag_text": "간판 없는 중식당에서 선보이는 사천요리 전문점으로, 대표 메뉴인 동파육과 매콤한 마라탕이 인기입니다. 모든 요리는 매운맛 조절이 가능하며, 담백한 두부크림꽃빵으로 마무리할 수 있습니다. 사천식 중식 테마를 중심으로 따뜻한 음식과 상온 음식이 조화를 이루며, 편안하고 소박한 분위기에서 즐길 수 있는 맛집입니다.",
  "metadata": {
    "budget_range": "중",
    "spicy_available": "O",
    "vegetarian_options": "O",
    "main_ingredients_list": [
      "기타",
      "육류",
      "패류"
    ],
    "low_level_category": "사천식중식",
    "suitable_for": [],
    "food_type_list": [
      "기타",
      "국물류",
      "고기류"
    ],
    "temperature_list": [
      "상",
      "온"
    ],
    "high_level_category": "중식"
  }
}