{
  "id": 42801,
  "store_name": "동강오리(본점)",
  "llm_summary": "동강오리(본점)은 서울 중랑구 망우동에 위치한 오리주물럭 전문점으로, 담백한 양념의 오리주물럭을 푹 익은 통마늘과 함께 구워 먹는 것이 특징입니다. 직접 만든 소스에 버무린 오리주물럭을 미나리 무침, 명이나물, 물김치 등과 함께 즐길 수 있으며, 얼큰한 오리탕과 매실차, 수정과 같은 후식도 준비되어 있습니다. 메뉴는 오리주물럭반마리(38,000원)부터 통마늘오리주물럭한마리(70,000원)까지 다양하며 모두 맵지 않은 한식 고기류입니다. 월요일과 수요일부터 일요일까지 11시부터 22시까지 영업하며, 매주 화요일은 휴무입니다. 공식 인스타그램 계정도 운영 중입니다. 독자 리뷰는 아직 등록되지 않았으나 켈리 더블 임팩트 맛집으로 소개되고 있습니다.",
  "rag_text": "담백한 양념의 오리주물럭 전문 한식당으로, 푹 익은 통마늘과 직접 만든 소스를 사용해 오리주물럭을 미나리 무침, 명이나물, 물김치 등과 함께 즐길 수 있습니다. 얼큰한 오리탕과 매실차, 수정과 후식이 제공되며, 켈리 더블 임팩트 맛집으로 알려져 있습니다. 전통적인 한식 분위기와 고기류 메뉴 중심의 따뜻한 식사 경험을 제공합니다.",
  "metadata": {
    "budget_range": "고",
    "spicy_available": "X",
    "vegetarian_options": "X",
    "main_ingredients_list": [
      "조류"
    ],
    "low_level_category": "오리주물럭",
    "suitable_for": [],
    "food_type_list": [
      "고기류"
    ],
    "temperature_list": [
      "온"
    ],
    "high_level_category": "한식"
  }
}