{
  "id": 42817,
  "store_name": "부타덴(영등포본점)",
  "llm_summary": "부타덴(영등포본점)은 서울 영등포구 선유로에 위치한 일본식 숯불요리 전문점으로, 2021년 4월에 개업했습니다. 이곳은 직접 만든 소스를 발라 비장탄 숯불에 구워낸 부타동을 주메뉴로 하며, 샐러드, 계란, 장국과 함께 한상으로 제공됩니다. 대표 메뉴로는 부타동, 제주흑돼지 꼬들살부타동, 모츠믹스부타동, 무뼈숯불닭발, 제주흑돼지 눈꽃목살부타동, 한돈 모츠나베, 한돈 가브리살부타동, 모둠꼬치 등이 있으며, 가격대는 10,000원에서 15,000원 사이입니다. 모든 메뉴는 주문 즉시 조리되어 신선하며, 숯불에 구운 꼬치류도 추천할 만합니다. 매장은 아늑한 분위기로 혼밥하기 좋으며, 카운터석이 마련되어 있습니다. 영업시간은 월요일부터 토요일까지 오전 11시부터 오후 9시까지이며, 일요일은 휴무입니다. 10시간 정성으로 만든 타래 소스를 사용해 돼지와 닭의 다양한 부위를 정직하게 요리하며, 지역 내에서 소문난 맛집으로 자리 잡았습니다. 인스타그램(@butaden_)을 통해 소식을 확인할 수 있습니다.",
  "rag_text": "일본식 숯불요리 전문점으로, 직접 만든 소스를 발라 비장탄 숯불에 구워낸 부타동과 숯불 꼬치류를 주력으로 합니다. 아늑하고 편안한 공간에서 혼밥하기 좋으며, 신선한 돼지고기와 닭고기를 정성껏 요리합니다. 일본식 전통 숯불구이의 맛과 분위기를 느낄 수 있는 일식덮밥 전문점입니다.",
  "metadata": {
    "budget_range": "중",
    "spicy_available": "O",
    "vegetarian_options": "X",
    "main_ingredients_list": [
      "육류",
      "조류"
    ],
    "low_level_category": "일식덮밥",
    "suitable_for": [
      "혼밥",
      "아늑한",
      "편안한"
    ],
    "food_type_list": [
      "밥류",
      "고기류",
      "국물류"
    ],
    "temperature_list": [
      "온"
    ],
    "high_level_category": "일식"
  }
}