{
  "id": 4288,
  "store_name": "대방골",
  "llm_summary": "대방골은 서울 영등포구 여의도파라곤 지하 1층에 위치한 한정식과 굴비 전문점입니다. 이곳은 잘 말린 짭짤한 굴비를 녹찻물에 말아 먹는 별미로 유명하며, 넓은 공간과 룸 형태의 프라이빗한 분위기로 비즈니스 모임에 적합합니다. 정치인들이 자주 방문하는 명성 높은 식당으로, 1990년대에 개업하였습니다. 메뉴로는 2인 이상 주문 가능한 코스요리(38,000원, 75,000원), 점심메뉴(29,900원), 그리고 참홍어회(100,000원) 등이 있으며, 주재료는 어류를 포함한 해산물류가 주를 이룹니다. 매장은 월요일부터 일요일까지 오전 11시부터 오후 11시까지 운영되며, 공식 인스타그램 계정도 운영 중입니다. 가격대는 10,000원에서 80,000원 사이로 다양하며, 매운 메뉴는 제공하지 않습니다. 방문객을 위한 프라이빗룸이 있어 조용하고 격식 있는 비즈니스 다이닝에 적합한 곳입니다.",
  "rag_text": "잘 말린 짭짤한 굴비를 녹찻물에 말아 먹는 별미가 특징인 한정식 전문점으로, 넓고 프라이빗한 룸이 있어 비즈니스 모임이나 격식 있는 사적인 자리, 정치인들이 자주 찾는 고급 한식당입니다. 조용하고 격조 높은 분위기가 돋보이며, 해산물류와 코스요리를 중심으로 한 전통적인 한식 경험을 제공합니다.",
  "metadata": {
    "budget_range": "중",
    "spicy_available": "X",
    "vegetarian_options": "X",
    "main_ingredients_list": [
      "기타",
      "어류"
    ],
    "low_level_category": "한정식, 굴비",
    "suitable_for": [
      "비즈니스 모임",
      "조용한",
      "격식 있는",
      "정치인 방문"
    ],
    "food_type_list": [
      "기타",
      "해산물류"
    ],
    "temperature_list": [
      "상",
      "기타",
      "생"
    ],
    "high_level_category": "한식"
  }
}