{
  "id": 42895,
  "store_name": "교텐",
  "llm_summary": "교텐은 서울 강남구 신사동에 위치한 심야식당 분위기의 이자카야입니다. 일본 츠지조리학교 출신의 오너쉐프가 운영하며, 작지만 알찬 메뉴와 아늑한 분위기가 특징입니다. 신선한 우니와 함박스테이크를 튀긴 멘치가스가 인기 메뉴이며, 사케 종류도 다양하게 구비되어 있어 사케에 대한 설명을 들으며 즐길 수 있습니다. 메뉴는 멘치가스, 아게다시나스, 수제앙키모폰즈, 광어명란무침, 시메사바, 아마에비카르파치오, 에비덴푸라, 우니 등으로 모두 일식 테마이며, 가격대는 14,000원에서 20,000원 사이입니다. 매장은 테라스와 카운터석이 있으며, 월~토요일 17:00부터 다음날 24:00까지 영업하고 일요일은 휴무입니다. 대화를 나누기 좋은 아늑한 공간으로, 계절마다 바뀌는 음식과 일본 술을 함께 즐길 수 있는 공간입니다.",
  "rag_text": "심야식당 분위기의 이자카야로 신선한 우니와 함박스테이크를 튀긴 멘치가스가 인기이며, 사케 종류가 다양하게 구비되어 사케 설명과 함께 즐길 수 있는 아늑한 공간입니다. 일본 츠지조리학교 출신 오너쉐프가 운영하는 작지만 알찬 일식 이자카야로 계절마다 바뀌는 음식과 일본 술을 함께 즐길 수 있습니다.",
  "metadata": {
    "budget_range": "중",
    "spicy_available": "O",
    "vegetarian_options": "X",
    "main_ingredients_list": [
      "육류",
      "패류",
      "어류",
      "기타"
    ],
    "low_level_category": "이자카야",
    "suitable_for": [
      "아늑한",
      "대화하기 좋은",
      "데이트",
      "조용한"
    ],
    "food_type_list": [
      "고기류",
      "해산물류",
      "기타"
    ],
    "temperature_list": [
      "온",
      "생"
    ],
    "high_level_category": "일식"
  }
}