{
  "id": 42952,
  "store_name": "비프릭",
  "llm_summary": "비프릭은 서울 중랑구 상봉동에 위치한 반려견 동반이 가능한 편안한 분위기의 카페입니다. 상봉역 3번 출구에서 도보 20m 거리에 있으며, 10년 이상 라인, 카카오 등 프랜차이즈에서 F&B 메뉴 개발을 담당한 바리스타가 직접 운영하는 소박한 개인 카페입니다. 스페셜티 커피와 직접 구운 베이커리를 중심으로 콜롬비아 디카페인과 케냐 싱글 원두를 자체 로스팅하여 특별한 커피 경험을 제공합니다. 대표 인기 메뉴는 비법 반죽으로 만든 바삭하고 버터 풍미가 좋은 와플이며, 직접 만든 바닐라빈 시럽을 넣은 바닐라빈플랫화이트도 추천할 만합니다. 메뉴는 아메리카노, 라테, 돌체라테, 토피넛라테, 유기농 제주말차라테, 수제 바닐라빈라테, 오트 바닐라라테 등 다양한 음료와 생크림+사과잼 등의 디저트류로 구성되어 있습니다. 가격대는 3,500원에서 4,800원 사이이며, 연중 화요일부터 일요일까지 오전 8시부터 오후 9시까지 운영하며, 매주 월요일은 휴무입니다. 인스타그램(@befric_coffee)을 통해 소식을 확인할 수 있습니다.",
  "rag_text": "반려견과 함께 방문할 수 있는 편안한 분위기의 카페로, 비법 반죽으로 만든 바삭하고 버터 풍미가 좋은 와플과 직접 만든 바닐라빈 시럽을 넣은 바닐라빈플랫화이트가 인기 메뉴입니다. 10년 이상 프랜차이즈에서 F&B 메뉴 개발을 담당한 바리스타가 운영하며, 스페셜티 커피와 직접 구운 베이커리를 중심으로 콜롬비아 디카페인과 케냐 싱글 원두를 자체 로스팅하여 특별한 커피 경험을 제공합니다. 따뜻하고 정직한 메뉴와 분위기로 지역 주민들과 함께 성장하는 소박한 개인 카페입니다.",
  "metadata": {
    "budget_range": "저",
    "spicy_available": "X",
    "vegetarian_options": "X",
    "main_ingredients_list": [
      "기타"
    ],
    "low_level_category": "카페",
    "suitable_for": [
      "반려견동반",
      "편안한분위기",
      "지역주민",
      "소박한",
      "개인카페"
    ],
    "food_type_list": [
      "음료",
      "디저트류"
    ],
    "temperature_list": [
      "기타",
      "상"
    ],
    "high_level_category": "기타"
  }
}