{
  "id": 42987,
  "store_name": "로기",
  "llm_summary": "로기는 서울 용산구 한남동에 위치한 그릴 전문 레스토랑으로, 우드 파이어 콘셉트의 요리를 선보이는 곳입니다. '불의 신'이라는 의미를 담아 숯에 구운 우대갈비인 비프립을 남플라소스와 훈연 매시감자와 함께 제공하며, 다양한 파스타 메뉴도 준비되어 있습니다. 메뉴로는 훈연아이스크림, 캐비지, 프론파스타, 방어세비체, 성게파스타, 비프립, 쉐프코스 등이 있으며, 가격대는 10,000원부터 135,000원까지 다양합니다. 일반 와인부터 내추럴 와인까지 폭넓은 와인 리스트를 갖추고 있어 와인과 함께 식사를 즐기기 좋습니다. 영업시간은 화~목요일 17:00~24:00, 금~일요일 12:00~24:00이며, 매주 월요일은 휴무입니다. 프라이빗룸과 카운터석이 마련되어 있어 다양한 모임에 적합한 공간을 제공합니다. 현재 레드리본이나 서울 2025 선정은 되어 있지 않으며, 인스타그램을 통해 소식을 확인할 수 있습니다.",
  "rag_text": "우드 파이어 콘셉트의 그릴 전문 양식 레스토랑으로, 숯불에 구운 비프립과 다양한 파스타를 제공하며, 일반 와인부터 내추럴 와인까지 폭넓은 와인 리스트를 갖춘 곳입니다. 프라이빗룸과 카운터석이 있어 조용하고 편안한 분위기에서 식사가 가능하며, 불의 신이라는 콘셉트로 강렬하고 독특한 맛을 추구합니다.",
  "metadata": {
    "budget_range": "고",
    "spicy_available": "X",
    "vegetarian_options": "X",
    "main_ingredients_list": [
      "기타",
      "어류",
      "패류",
      "육류"
    ],
    "low_level_category": "그릴",
    "suitable_for": [
      "조용한",
      "프라이빗룸",
      "카운터석",
      "모임"
    ],
    "food_type_list": [
      "디저트류",
      "기타",
      "면류",
      "해산물류",
      "고기류"
    ],
    "temperature_list": [
      "냉",
      "온",
      null
    ],
    "high_level_category": "양식"
  }
}