{
  "id": 43085,
  "store_name": "스미스앤월렌스키",
  "llm_summary": "스미스앤월렌스키는 뉴욕에서 유명한 스테이크 전문 레스토랑으로, 서울 용산구 한남동에 위치해 있습니다. 28일간 숙성한 미국산 프라임 등급의 고기를 주력으로 제공하며, 와인과 페어링하여 즐길 수 있습니다. 매장은 개방감 있는 공간과 탁 트인 뷰를 자랑하며, 야경과 인테리어, 전망이 뛰어난 점이 특징입니다. 주요 메뉴로는 1.2kg 토마호크 스테이크(420,000원), 1kg 포터하우스 스테이크(360,000원), 월렌스키샐러드(26,000원), 스테이크타르타르(34,000원), 초콜릿케이크(34,000원), 부라타(32,000원), 런치세트(88,000원) 등이 있습니다. 영업시간은 매일 11:30부터 22:00까지이며, 연중무휴로 운영됩니다. 발레파킹 서비스를 제공하며, 공식 인스타그램과 홈페이지를 통해 추가 정보를 확인할 수 있습니다. 2024년 10월 1일에 개업하였으며, 현재까지 독자 리뷰는 등록되어 있지 않습니다.",
  "rag_text": "뉴욕에서 유명한 스테이크 전문 양식당으로, 28일간 숙성한 미국산 프라임 등급 고기를 제공하며 와인 페어링이 추천됩니다. 개방감 있는 공간과 탁 트인 뷰, 야경이 좋은 인테리어와 전망이 특징인 해외 유명 브랜드입니다.",
  "metadata": {
    "budget_range": "고",
    "spicy_available": "X",
    "vegetarian_options": "X",
    "main_ingredients_list": [
      "육류",
      "기타"
    ],
    "low_level_category": "스테이크",
    "suitable_for": [
      "야경이 좋은",
      "인테리어가 좋은",
      "전망이 좋은",
      "해외 유명 브랜드"
    ],
    "food_type_list": [
      "고기류",
      "기타",
      "디저트류"
    ],
    "temperature_list": [
      "온",
      "상",
      null
    ],
    "high_level_category": "양식"
  }
}