{
  "id": 43181,
  "store_name": "장흥집(본점)",
  "llm_summary": "장흥집(본점)은 서울 성동구 상왕십리동 텐즈힐 221동 1층에 위치한 돼지고기구이 전문 고깃집입니다. 이곳은 당일 도축하여 급랭한 삼겹살만을 사용하며, 특히 당일 도축한 암퇘지만을 취급하는 점이 특징입니다. 쾌적한 매장과 다채로운 상차림을 갖추고 있어 냉동삼겹살(170g)과 냉동목살(170g)을 비롯해 한식 면류와 국물류 메뉴도 다양하게 제공합니다. 주요 메뉴로는 냉면류(물냉면, 비빔냉면, 열무냉면), 순두부찌개, 청국장 등이 있으며, 냉면은 냉온 모두 즐길 수 있고, 순두부찌개와 비빔냉면은 매운맛을 선택할 수 있습니다. 가격대는 7,000원에서 15,000원 사이로 합리적이며, 연중무휴로 운영되어 평일과 주말 모두 이용 가능합니다. 냉삼과 함께 냉면 또는 순두부찌개를 사이드 메뉴로 맛볼 수 있어 다양한 한식 경험이 가능합니다. 영업시간은 월~금요일은 오후 2시부터 11시까지, 토~일요일은 오후 1시부터 11시까지이며, 마지막 주문은 22시 10분에 받습니다. 전반적으로 신선한 돼지고기와 한식 메뉴를 쾌적한 환경에서 합리적인 가격에 즐길 수 있는 식당입니다.",
  "rag_text": "당일 도축하여 급랭한 삼겹살만을 사용하는 돼지고기구이 전문 한식당으로, 신선한 암퇘지 고기를 쾌적한 매장에서 제공하며, 냉삼과 함께 다양한 한식 면류와 국물류 메뉴를 즐길 수 있습니다. 연중무휴 운영하며 다채로운 상차림과 편안한 분위기를 갖추고 있습니다.",
  "metadata": {
    "budget_range": "중",
    "spicy_available": "O",
    "vegetarian_options": "O",
    "main_ingredients_list": [
      "기타",
      "육류"
    ],
    "low_level_category": "돼지고기구이",
    "suitable_for": [
      "가족모임",
      "편안한",
      "신선한"
    ],
    "food_type_list": [
      "면류",
      "국물류",
      "고기류"
    ],
    "temperature_list": [
      "냉",
      "온"
    ],
    "high_level_category": "한식"
  }
}