{
  "id": 43197,
  "store_name": "우삼집",
  "llm_summary": "우삼집은 서울 마포구 연남동에 위치한 소고기구이와 돼지고기구이 전문 한식당입니다. 고소한 풍미와 부드러운 식감이 특징인 우삼겹을 주력 메뉴로 하며, 깔끔한 매장에서 질 좋은 우삼겹과 한돈 돼지고기를 맛볼 수 있습니다. 대표 메뉴인 우삼집세트에는 우삼겹, 솥밥, 떡쌈이 포함되어 있어 풍성한 한 끼 식사를 제공합니다. 메뉴는 냉이된장찌개, 수향미솥밥, 육회물비빔냉면, 우삼겹, 한입삼겹살 등 다양한 한식 메뉴로 구성되어 있으며, 가격대는 4,000원에서 50,000원 사이입니다. 영업시간은 매일 오후 3시부터 11시까지이며, 연중 무휴로 운영됩니다. 고객 리뷰는 아직 등록되지 않았으나, 블루리본 Pick으로 선정되어 신뢰할 수 있는 맛집임을 알 수 있습니다. 편안하고 깔끔한 분위기에서 소고기와 돼지고기 구이를 즐기기에 적합한 곳입니다.",
  "rag_text": "고소한 풍미와 부드러운 식감의 우삼겹을 제공하는 한식 소고기구이 및 돼지고기구이 전문점으로, 깔끔한 매장에서 질 좋은 고기를 맛볼 수 있습니다. 우삼집세트가 대표 메뉴이며, 전통적인 한식 메뉴와 솥밥, 떡쌈을 함께 즐길 수 있는 분위기입니다. 편안하고 깔끔한 환경에서 가족 모임이나 친구들과의 식사에 적합한 곳입니다.",
  "metadata": {
    "budget_range": "중",
    "spicy_available": "X",
    "vegetarian_options": "X",
    "main_ingredients_list": [
      "기타",
      "어류",
      "육류"
    ],
    "low_level_category": "소고기구이, 돼지고기구이",
    "suitable_for": [
      "가족모임",
      "친구모임",
      "편안한",
      "깔끔한"
    ],
    "food_type_list": [
      "국물류",
      "밥류",
      "면류",
      "고기류"
    ],
    "temperature_list": [
      "온",
      "생",
      null
    ],
    "high_level_category": "한식"
  }
}