{
  "id": 43292,
  "store_name": "봉래축산",
  "llm_summary": "봉래축산은 서울 중구 만리동1가 지하 1층에 위치한 소고기구이 전문 고깃집입니다. 이곳은 순살만 발라낸 뼈 없는 소양념갈비를 메인 메뉴로 제공하며, 특제 양념으로 맛을 낸 양념소갈비를 숯불에 구워 밥과 함께 즐길 수 있습니다. 육향을 더 잘 느낄 수 있는 생갈비도 준비되어 있어 다양한 소고기 메뉴를 맛볼 수 있습니다. 공간이 넓어 회식 장소로 적합하며, 연중 무휴로 운영됩니다. 주요 메뉴로는 양념돼지갈비, 숯불통갈매기, 로얄생갈빗살, 버터소막창, 목살스테이크, 양념소갈비, 봉래모둠세트, 봉래진갈비세트 등이 있으며, 가격대는 16,000원부터 93,000원까지 다양합니다. 모든 메뉴는 한식 테마의 고기류로, 맵지 않은 온열 음식입니다. 영업시간은 월~금요일 11:30~22:00(브레이크타임 14:30~17:00), 토~일요일 14:00~22:00이며, 마지막 주문은 21:00에 받습니다. 인스타그램 계정(@bongrae_butchery)을 통해 추가 정보를 확인할 수 있습니다.",
  "rag_text": "봉래축산은 순살만 발라낸 뼈 없는 소양념갈비를 메인으로 하는 한식 소고기구이 전문점입니다. 특제 양념으로 맛을 낸 양념소갈비를 숯불에 구워 밥과 함께 즐기며, 육향이 진한 생갈비도 제공합니다. 넓은 공간으로 회식 장소에 적합하며, 전통적인 한식 고기류 메뉴를 중심으로 한 편안하고 실용적인 분위기를 갖추고 있습니다.",
  "metadata": {
    "budget_range": "중",
    "spicy_available": "X",
    "vegetarian_options": "X",
    "main_ingredients_list": [
      "육류"
    ],
    "low_level_category": "소고기구이",
    "suitable_for": [
      "회식"
    ],
    "food_type_list": [
      "고기류"
    ],
    "temperature_list": [
      "온"
    ],
    "high_level_category": "한식"
  }
}