{
  "id": 43314,
  "store_name": "키세카츠(신사역점)",
  "llm_summary": "키세카츠(신사역점)은 서울 강남구 논현동에 위치한 일식 돈가스 전문점으로, 일본 현지에서 공수한 자재로 인테리어한 공간에서 300시간 숙성한 흑돼지 돈가스를 맛볼 수 있습니다. 대표 메뉴는 지방이 붙은 상등심을 사용한 스페셜로스가스로, 고기의 풍미를 끌어올려 주는 소스와 함께 제공됩니다. 메뉴는 스페셜로스가스, 로스가스, 치킨가라아게, 멘치가스, 가쓰오우동, 소바, 히레가스, 치즈가스 등 다양한 일식 고기류와 면류로 구성되어 있습니다. 영업시간은 월~토요일 11:00~21:00이며, 매주 일요일은 휴무입니다. 가격대는 5,500원부터 17,000원까지로 합리적인 편이며, 맵지 않은 메뉴들로 구성되어 있습니다. 인스타그램(@kise.katsu) 계정을 운영 중이며, 2024년 11월 15일 개업한 신생 맛집입니다.",
  "rag_text": "일본 현지에서 공수한 자재로 인테리어한 공간에서 일식 돈가스를 전문으로 하는 레스토랑입니다. 300시간 숙성한 흑돼지 돈가스와 지방이 붙은 상등심을 사용한 스페셜로스가스가 대표 메뉴로, 고기의 풍미를 살린 소스와 함께 제공합니다. 일식 테마의 고기류와 면류 메뉴를 중심으로 따뜻한 음식을 제공하는 곳입니다.",
  "metadata": {
    "budget_range": "중",
    "spicy_available": "X",
    "vegetarian_options": "X",
    "main_ingredients_list": [
      "육류",
      "조류",
      "기타"
    ],
    "low_level_category": "일식돈가스",
    "suitable_for": [],
    "food_type_list": [
      "고기류",
      "면류"
    ],
    "temperature_list": [
      "온"
    ],
    "high_level_category": "일식"
  }
}