{
  "id": 43355,
  "store_name": "비랩",
  "llm_summary": "비랩은 서울 강남구 역삼동에 위치한 프리미엄 칵테일바로, 20년 경력의 월드 챔피언 바텐더이자 현직 심사위원이 운영하는 곳입니다. 60여 가지의 시그니처 칵테일과 하이볼, 데낄라, 양주 샷 등 다양한 주류를 시간 제한 없이 18,000원에 무제한으로 즐길 수 있어 가성비가 뛰어납니다. 편안한 좌식 공간과 특별한 분위기에서 보드게임도 무료로 즐길 수 있어 커플과 친구 모임에 적합하며, 안주 반입과 배달 주문도 가능하지만 국물이 있거나 향이 강한 음식은 제한됩니다. 메뉴로는 매운 한강라면과 버터팝콘, 디저트스폴리아티네, 나초 등 다양한 온기 디저트와 안주류가 준비되어 있습니다. 2016년 개업 이래 연중무휴로 운영하며, 다양한 소주와 맥주도 합리적인 가격에 제공하여 칵테일 문화의 대중화와 질적 향상을 목표로 하고 있습니다.",
  "rag_text": "오랜 경력의 바텐더가 선보이는 60여 가지 칵테일을 시간 제한 없이 무제한으로 즐길 수 있는 프리미엄 칵테일바입니다. 강남역의 특별한 분위기와 편안한 좌석, 보드게임 무료 제공으로 커플과 친구 모임에 최적화된 공간입니다. 20년 이상의 바텐더 경험과 심사위원 경력을 바탕으로 품질 높은 시그니처 칵테일을 합리적인 가격에 제공합니다. 다양한 주류와 지속적인 신메뉴 개발로 칵테일 문화를 친근하게 즐길 수 있는 강남의 대표 칵테일바입니다.",
  "metadata": {
    "budget_range": "중",
    "spicy_available": "O",
    "vegetarian_options": "X",
    "main_ingredients_list": [
      "육류",
      "기타"
    ],
    "low_level_category": "칵테일바",
    "suitable_for": [
      "데이트",
      "친구모임",
      "편안한",
      "특별한 분위기"
    ],
    "food_type_list": [
      "면류",
      "디저트류",
      "음료"
    ],
    "temperature_list": [
      "온",
      "기타"
    ],
    "high_level_category": "기타"
  }
}