{
  "id": 43494,
  "store_name": "담",
  "llm_summary": "담은 서울 서초구 예술의전당 서예박물관 1층에 위치한 한정식 전문 한식당으로, 예술의 전당 인근에서 전시 관람 후 방문하기 좋은 곳입니다. 매장은 넓고 룸 좌석이 마련되어 있어 프라이빗한 식사가 가능합니다. 대표 메뉴로는 고등어구이와 불고기를 메인으로 하는 담한상차림, 보리굴비와 불고기를 메인으로 하는 보리굴비한상차림이 인기가 높습니다. 이 외에도 고등어보쌈정식, 아보카도명란비빔밥정식, 쭈구미비빔정식, 보쌈정식, 떡갈비정식, 바싹불고기정식 등 다양한 한식 정식 메뉴가 준비되어 있습니다. 가격대는 15,000원에서 30,000원 사이이며, 매일 11시부터 21시까지 영업하며 마지막 주문은 20시 30분에 받습니다. 명절 연휴에는 휴무합니다. 메뉴 대부분은 온메뉴이며, 매운 메뉴도 일부 존재합니다. 전통적인 한식의 맛을 유지하면서도 다양한 해산물과 육류를 활용한 메뉴 구성이 특징입니다.",
  "rag_text": "예술의 전당 인근에 위치한 한정식 전문 한식당으로, 고등어구이와 불고기를 중심으로 한 담한상차림과 보리굴비한상차림이 인기입니다. 매장이 넓고 룸 좌석이 있어 프라이빗한 분위기에서 편안하게 식사할 수 있습니다. 전통적인 한식 테마를 기반으로 다양한 육류와 해산물 메뉴를 제공하며, 조용하고 가족 모임이나 전시 관람 후 방문하기 좋은 장소입니다.",
  "metadata": {
    "budget_range": "중",
    "spicy_available": "O",
    "vegetarian_options": "X",
    "main_ingredients_list": [
      "어류",
      "육류",
      "기타"
    ],
    "low_level_category": "한정식",
    "suitable_for": [
      "가족모임",
      "조용한",
      "전시관람후",
      "프라이빗"
    ],
    "food_type_list": [
      "고기류",
      "밥류",
      "해산물류",
      "기타"
    ],
    "temperature_list": [
      "온"
    ],
    "high_level_category": "한식"
  }
}