{
  "id": 43528,
  "store_name": "크루아타이",
  "llm_summary": "크루아타이는 서울 중구 세종대로에 위치한 태국 음식 전문점으로, 부드러운 게살이 들어간 뿌팟퐁커리가 대표 메뉴입니다. 태국의 다양한 요리인 뿌팟퐁커리, 쏨땀, 쌀국수 등을 맛볼 수 있으며, 프라이빗 룸이 있어 모임이나 단체 손님에게 적합합니다. 방콕의 유명 씨푸드 레스토랑인 꽝씨푸드를 한국에 처음 런칭하여 1년 6개월간 운영한 경험이 있으며, soi thai, Tann 브랜드를 통해 태국 현지 맛을 구현하는 등 태국 현지 유명 셰프와 협업하여 매장을 오픈했습니다. 특히 대한민국에서 유일하게 순게살 태국커리를 시그니처 메뉴로 제공하며, 태국 정부가 인정하는 Thai Select 매장으로 선정되어 태국 현지 신문에도 소개되는 등 높은 명성을 자랑합니다. 메뉴는 텃만꿍, 소고기쌀국수, 족발덮밥, 쏨땀, 공심채볶음, 매운우곱탕면, 새우팟타이, 똠얌쌀국수 등 다양하며 가격대는 12,000원에서 37,000원 사이입니다. 영업시간은 평일과 일요일 11:00~21:00(브레이크타임 14:00~17:00), 토요일 12:00~20:00이며, 명절 연휴에는 휴무합니다. 2023년 8월 13일에 개업한 신생 맛집으로, 고객의 관심과 성원에 힘입어 더욱 발전해 나가고자 합니다.",
  "rag_text": "부드러운 게가 들어간 뿌팟퐁커리가 인기 있는 태국 음식 전문점으로, 태국 STREET FOOD를 표방하며 태국 현지 유명 셰프와 협업하여 현지 맛을 구현합니다. 프라이빗 룸이 있어 모임과 사적인 자리에도 적합하며, 태국 정부가 인정하는 Thai Select 매장으로 태국 현지 신문에도 소개된 바 있습니다. 다양한 태국 요리를 제공하며, 조용하고 편안한 분위기에서 태국 전통의 맛을 경험할 수 있습니다.",
  "metadata": {
    "budget_range": "중",
    "spicy_available": "O",
    "vegetarian_options": "X",
    "main_ingredients_list": [
      "패류",
      "육류",
      "기타"
    ],
    "low_level_category": "태국식",
    "suitable_for": [
      "모임",
      "프라이빗룸",
      "태국음식",
      "전통",
      "사적인 자리"
    ],
    "food_type_list": [
      "기타",
      "면류",
      "밥류",
      "국물류",
      "해산물류"
    ],
    "temperature_list": [
      "온"
    ],
    "high_level_category": "동남아"
  }
}