{
  "id": 43545,
  "store_name": "식당민홍",
  "llm_summary": "식당민홍은 서울 강남구 논현동에 위치한 일식당으로, 점심에는 일본식 카레와 라멘을 중심으로 한 다양한 일식 소요리를 제공하며, 저녁에는 주류 무제한이 포함된 합리적인 가격의 오마카세 코스요리를 운영합니다. 제철 재료를 사용하여 작은 그릇에 담아 계절감을 표현하는 일본 소요리를 단품과 코스 형식으로 선보이며, 항상 손수 손질하여 최선을 다해 맛을 내고 있습니다. 대표 메뉴로는 98,000원의 오마카세 코스, 48,000원의 사시미모리아와세, 14,000원의 우니온더타마고+이쿠라, 13,000원의 미노치킨, 45,000원의 규토로우니마키가 있으며, 메뉴 가격대는 13,000원부터 98,000원까지 다양합니다. 매장은 카운터석이 있어 오마카세를 즐기기에 적합하며, 월~금 11:30~23:00(브레이크타임 14:00~18:00), 토요일 18:00~23:00에 운영되고, 일요일과 명절 당일은 휴무입니다. 2024년 1월 10일 개업하였으며, 인스타그램(@seekdang_minhong)을 통해 소식을 접할 수 있습니다.",
  "rag_text": "식당민홍은 제철 일식 소요리를 소규모 그릇에 정성스럽게 담아내는 일본식 일식당입니다. 점심에는 일본식 카레와 라멘을 중심으로 다양한 일식 소요리를 제공하며, 저녁에는 주류 무제한이 포함된 오마카세 코스요리를 합리적인 가격에 선보입니다. 카운터석이 있어 오마카세를 즐기기에 적합하며, 계절감을 살린 창의적인 일본 전통 요리를 경험할 수 있는 곳입니다.",
  "metadata": {
    "budget_range": "고",
    "spicy_available": "X",
    "vegetarian_options": "X",
    "main_ingredients_list": [
      "기타",
      "어류",
      "패류",
      "조류"
    ],
    "low_level_category": "일식",
    "suitable_for": [],
    "food_type_list": [
      "기타",
      "고기류",
      "해산물류"
    ],
    "temperature_list": [
      "기타",
      "생",
      "온"
    ],
    "high_level_category": "일식"
  }
}