{
  "id": 43640,
  "store_name": "오르름",
  "llm_summary": "오르름은 서울 노원구 공릉동 청수대 아파트 1층에 위치한 따뜻한 감성의 카페입니다. 고소한 베이커리부터 달콤한 디저트까지 다양하게 즐길 수 있으며, 조용한 분위기에서 작업이나 휴식을 취하기에 적합한 공간입니다. 신선한 재료가 가득한 클럽샌드위치가 인기 메뉴이며, 샌드위치 구매 시 음료 2,000원 할인이 제공됩니다. 메뉴는 이즈니버터크루아상, 바닐라빈에그타르트, 스트로베리그릭요거트베이글, 그릭요거트플레이트, 더블모차치즈피자, 생딸기생크림케이크, 초코생딸기케이크 등 다양한 디저트류와 에스프레소, 아메리카노, 카페라테 같은 음료로 구성되어 있습니다. 가격대는 3,200원부터 9,500원까지이며, 연중무휴로 오전 9시 30분부터 밤 11시까지 운영됩니다. 블루리본 서베이 및 레드리본 선정은 없으며, 별도의 라벨도 없습니다. 조용하고 아늑한 분위기에서 디저트와 커피를 즐기고 싶은 분들에게 추천하는 카페입니다.",
  "rag_text": "고소한 베이커리와 달달한 디저트를 제공하는 따뜻한 감성의 카페로, 조용한 분위기에서 작업이나 휴식을 취하기에 적합합니다. 신선한 재료를 사용한 샌드위치와 다양한 디저트, 커피 음료를 즐길 수 있습니다. 편안하고 아늑한 공간이며, 특별한 라벨이나 선정 기록은 없으나 조용하고 따뜻한 분위기를 지향합니다.",
  "metadata": {
    "budget_range": "중",
    "spicy_available": "X",
    "vegetarian_options": "X",
    "main_ingredients_list": [
      "기타"
    ],
    "low_level_category": "카페",
    "suitable_for": [
      "조용한",
      "작업",
      "휴식",
      "데이트"
    ],
    "food_type_list": [
      "디저트류",
      "음료"
    ],
    "temperature_list": [
      "상",
      "기타"
    ],
    "high_level_category": "기타"
  }
}