{
  "id": 43695,
  "store_name": "에스메로",
  "llm_summary": "에스메로는 서울 성동구 성수동2가 위즈엘 성수 9층에 위치한 모던 스페인식 타파스 바입니다. 조병수 건축가가 설계한 신축 건물에 자리잡고 있으며, 한국의 아름다운 재료를 사용해 세심함과 정성을 담은 꾸밈없는 스페인 요리를 제공합니다. 대표 메뉴로는 에스메로핀초스, 감바스, 해산물보리파에야, 오징어순대 등이 있으며, 해산물과 육류, 조류 등을 활용한 다양한 온열 메뉴를 4,000원부터 57,000원까지 합리적인 가격에 즐길 수 있습니다. 따스한 채광이 들어오는 통창과 9층에서 바라보는 서울 뷰, 그리고 추운 날씨에도 이용 가능한 테라스가 있어 낭만적이고 포근한 분위기를 자아내며, 소개팅이나 연말 모임 장소로 적합합니다. 셰프가 전국 산지에서 직접 재료를 공수해 직접 소스를 만드는 등 실험정신과 정성이 깃든 요리를 선보입니다. 영업시간은 매일 11:30부터 22:00까지이며, 브레이크타임은 15:00~17:30, 마지막 주문은 21:00입니다. 연중무휴로 운영되며, 발레파킹 서비스를 제공합니다.",
  "rag_text": "모던 스페인 타파스 바로, 세심함과 정성으로 만든 스페인 요리를 합리적인 가격에 제공하며 따뜻하고 친숙한 분위기를 갖춘 공간입니다. 포근하고 낭만적인 분위기와 서울 뷰를 즐길 수 있는 통창, 추운 날씨에도 따뜻한 테라스가 특징입니다. 소개팅과 연말 모임에 적합한 장소로, 신선한 지역 재료와 셰프의 실험정신이 돋보입니다. 양식 테마의 다양한 해산물과 고기류 메뉴를 중심으로 한 온열 요리를 선보입니다.",
  "metadata": {
    "budget_range": "중",
    "spicy_available": "X",
    "vegetarian_options": "X",
    "main_ingredients_list": [
      "기타",
      "패류",
      "육류",
      "어류",
      "조류"
    ],
    "low_level_category": "타파스바",
    "suitable_for": [
      "소개팅",
      "연말 모임",
      "낭만적인 분위기",
      "포근한 분위기",
      "서울 뷰"
    ],
    "food_type_list": [
      "기타",
      "해산물류",
      "고기류"
    ],
    "temperature_list": [
      "온"
    ],
    "high_level_category": "양식"
  }
}