{
  "id": 43800,
  "store_name": "모스가든",
  "llm_summary": "모스가든은 서울 강남구 논현동에 위치한 퓨전 레스토랑으로, 굿사마리안 레시피를 기반으로 지중해식, 베트남식, 중동식이 조화롭게 어우러진 독특한 요리를 선보입니다. 로컬 유기농 식재료와 전국 농수산 브랜드와의 직접 연결을 통해 신선하고 질 좋은 재료를 사용하며, 건강한 맛을 강조합니다. 도심 속 자연을 느낄 수 있는 전망 좋은 정원도 갖추고 있어 쾌적한 분위기에서 식사를 즐길 수 있습니다. 메뉴는 시골농장호박수프, 카이로후무스딥과먹물치아바타, 페스카토레쌀국수, 만가닥버섯명란파스타, 베트남식치킨스타우브그릴, 시칠리아가든라자냐 등 다양한 양식 기반 퓨전 요리로 구성되어 있으며, 가격대는 18,000원에서 38,000원 사이입니다. 영업시간은 월~토요일 11:30~22:00, 일요일 11:30~20:00까지 운영하며, 연중 무휴입니다. 발레파킹 서비스도 제공되어 접근성이 좋습니다. 독자 리뷰는 아직 없으나, 음식의 창의성과 건강함, 그리고 분위기 좋은 정원이 특징인 곳으로 평가받고 있습니다.",
  "rag_text": "굿사마리안 레시피에 기초한 지중해식, 베트남식, 중동식이 어우러진 퓨전 레스토랑으로, 로컬 유기농 식재료를 활용해 건강한 맛을 강조합니다. 도심 속 자연을 느낄 수 있는 전망 좋은 정원이 있으며, 양식 테마의 다양한 퓨전 메뉴를 제공합니다. 편안하고 자연친화적인 분위기에서 건강하고 창의적인 식사를 즐길 수 있는 곳입니다.",
  "metadata": {
    "budget_range": "중",
    "spicy_available": "X",
    "vegetarian_options": "X",
    "main_ingredients_list": [
      "기타",
      "어류",
      "조류"
    ],
    "low_level_category": "퓨전, 프랑스식",
    "suitable_for": [
      "자연친화적",
      "건강식",
      "창의적",
      "조용한",
      "가족모임",
      "데이트"
    ],
    "food_type_list": [
      "국물류",
      "디저트류",
      "면류",
      "고기류"
    ],
    "temperature_list": [
      "온"
    ],
    "high_level_category": "양식"
  }
}