{
  "id": 43857,
  "store_name": "공감식당(노량진점)",
  "llm_summary": "공감식당(노량진점)은 서울 동작구 노량진로8길에 위치한 한식 고깃집으로, 옛날 스타일의 급랭삼겹살을 메인 메뉴로 제공합니다. 도축 당일 신선한 상태로 급랭시킨 1등급 암퇘지를 사용하며, 숙주나물을 곁들인 차돌박이, 탱글한 식감의 항정살, 특제 가루로 버무린 꾸리살 육회 등 다양한 신선한 고기 메뉴가 준비되어 있습니다. 또한 육회비빔냉면, 살얼음 육회물회, 차돌된장술밥 등 사이드 메뉴도 퀄리티가 높습니다. 매장은 레트로 콘셉트의 인테리어로 꾸며져 있으며, 옛날 TV와 뮤직비디오를 활용한 독특한 분위기를 자아냅니다. 청결에 신경 쓴 점과 화장실 내 가글, 탈취제, 핸드크림 구비도 인상적입니다. 단체석은 최대 44석까지 수용 가능해 회식이나 모임 장소로 적합하며, 합리적인 가격과 정성 어린 서비스로 지역 주민들에게 '노량진 고깃집 맛집'으로 입소문이 나 있습니다. 주요 메뉴로는 꾸리살육회(12,000원), 4mm급랭삼겹살(14,000원), 숙주차돌박이(21,000원), 버터김치볶음밥(4,000원), 해물된장찌개(5,000원), 꾸리살육회비빔밥(10,000원), 팔도비빔면(6,000원), 탱글항정살(17,000원), 살얼음 육회물회(27,000원), 치즈 계란찜(6,000원) 등이 있습니다. 주류 반입이 가능하며, 테이블당 1병 콜키지 프리 정책을 운영합니다. 영업시간은 월~토요일 11:00~23:00(마지막 주문 22:00), 일요일 휴무입니다.",
  "rag_text": "옛날 스타일의 급랭삼겹살을 메인으로 하는 한식 고깃집으로, 도축 당일 신선한 1등급 암퇘지를 사용합니다. 숙주나물을 곁들인 차돌박이, 탱글한 항정살, 특제 가루를 버무린 육회 등 신선한 고기 메뉴를 제공합니다. 레트로 콘셉트의 인테리어와 독특한 공간 연출이 특징이며, 청결과 세심한 서비스가 돋보입니다. 단체석이 넉넉해 회식 및 모임에 적합하며, 지역 주민들에게 사랑받는 노량진 고깃집 맛집입니다.",
  "metadata": {
    "budget_range": "중",
    "spicy_available": "O",
    "vegetarian_options": "X",
    "main_ingredients_list": [
      "육류",
      "패류",
      "기타"
    ],
    "low_level_category": "삼겹살, 육회",
    "suitable_for": [
      "회식",
      "모임",
      "가성비",
      "가족모임"
    ],
    "food_type_list": [
      "고기류",
      "밥류",
      "국물류",
      "면류",
      "기타"
    ],
    "temperature_list": [
      "생",
      "온",
      "상"
    ],
    "high_level_category": "한식"
  }
}