{
  "id": 43986,
  "store_name": "마이머랭",
  "llm_summary": "마이머랭은 서울 도봉구 쌍문동에 위치한 2018년 개업한 디저트 전문점으로, 마카롱과 머랭쿠키를 주력으로 판매합니다. 오리지널 마카롱보다 두텁고 개성 있는 모양과 컬러의 꼬끄로 만든 마카롱이 특징이며, 고객이 원하는 마카롱을 선택해 만드는 마카롱케이크도 제공합니다. 메뉴는 마카롱, 머랭쿠키, 에그타르트, 수제쿠키, 피칸파이, 마카롱케이크 등으로 구성되어 있습니다. 이곳은 동갑내기 부부가 정성을 다해 운영하며, 눈과 맛으로 두 번 즐길 수 있는 특별한 디저트를 선사합니다. 영업시간은 화요일부터 일요일까지 오전 10시부터 오후 8시까지이며, 매주 월요일은 휴무입니다. 주소는 서울특별시 도봉구 노해로60길 84 (쌍문동) 1층이며, 인스타그램 계정도 운영 중입니다. 가격대는 2,400원부터 31,000원까지 다양하며, 모든 메뉴는 맵지 않은 디저트류입니다.",
  "rag_text": "마카롱과 머랭쿠키를 전문으로 하는 디저트 전문점으로, 오리지널보다 두텁고 개성 있는 모양과 컬러의 꼬끄를 사용해 독특한 마카롱을 제공합니다. 동갑내기 부부가 정성껏 만든 눈과 맛으로 즐기는 특별한 디저트를 선사하는 곳입니다. 다양한 마카롱과 머랭쿠키, 에그타르트, 수제쿠키, 피칸파이, 마카롱케이크 등 다양한 디저트를 판매합니다.",
  "metadata": {
    "budget_range": "중",
    "spicy_available": "X",
    "vegetarian_options": "X",
    "main_ingredients_list": [
      "기타"
    ],
    "low_level_category": "마카롱, 디저트전문점",
    "suitable_for": [],
    "food_type_list": [
      "디저트류"
    ],
    "temperature_list": [
      "상"
    ],
    "high_level_category": "디저트류"
  }
}