{
  "id": 44015,
  "store_name": "GTS버거(가산점)",
  "llm_summary": "GTS버거(가산점)은 서울 금천구 가산동에 위치한 햄버거 전문점으로, 다양한 맛과 커스터마이징이 가능한 31가지 수제버거를 제공합니다. 소스와 채소의 굽기 정도를 고객이 직접 선택할 수 있어 개인 취향에 맞춘 버거를 즐길 수 있는 것이 특징입니다. 대표 메뉴로는 렌고쿠화이어스파이시버거, 그릴드머시룸버거, GTS더블버거, 배틀쉽슈림프버거, 블랙맘바더블버거, 하오츠마라슈림프베이컨버거, 두바이칼리파버거 등이 있으며, 일부 메뉴는 매운맛 옵션도 포함되어 있습니다. 매장은 넓고 쾌적한 미국식 모던 인테리어로 직장인들이 점심시간에 편안히 머물기 좋으며, 단체석도 마련되어 있어 모임 장소로도 적합합니다. 가산어반워크 1동 주차장을 이용해 2시간 무료 주차가 가능해 방문이 편리합니다. 또한, 리뷰 작성 시 달콤한 츄러스를 제공하는 이벤트도 운영 중입니다. 영업시간은 월~금요일 10:30~21:00(브레이크타임 15:00~16:30), 토~일요일 11:00~20:00이며 연중무휴로 운영됩니다. 가격대는 10,500원부터 19,500원 사이로 합리적인 편입니다.",
  "rag_text": "GTS버거(가산점)는 다양한 맛의 햄버거를 제공하는 양식 전문점으로, 고객이 소스와 채소의 굽기 정도를 커스텀할 수 있는 점이 특징입니다. 모던한 미국 인테리어의 넓고 쾌적한 공간에서 직장인들이 편안히 식사할 수 있으며, 단체석도 갖추어져 있어 동료들과의 모임에 적합합니다. 가산 지역에서 드문 무료 주차 혜택을 제공하며, 리뷰 이벤트로 고객에게 즐거움을 더합니다. 전반적으로 캐주얼하면서도 편리하고 다양한 선택지를 제공하는 햄버거 전문점입니다.",
  "metadata": {
    "budget_range": "중",
    "spicy_available": "O",
    "vegetarian_options": "X",
    "main_ingredients_list": [
      "기타",
      "육류"
    ],
    "low_level_category": "햄버거",
    "suitable_for": [
      "직장인",
      "단체모임",
      "가성비",
      "캐주얼",
      "모던",
      "편안한"
    ],
    "food_type_list": [
      "디저트류",
      "기타"
    ],
    "temperature_list": [
      "상",
      "온"
    ],
    "high_level_category": "양식"
  }
}