{
  "id": 44023,
  "store_name": "호미가",
  "llm_summary": "호미가는 서울 영등포구 아크로타워 스퀘어 12동 1층에 위치한 베트남식 및 태국식 요리를 제공하는 식당입니다. 2017년 12월에 개업했으며, 2025년 1월에 확장 이전하여 더욱 쾌적한 환경에서 식사를 즐길 수 있습니다. 대표 메뉴로는 쌀국수, 바비큐, 팟타이, 전기구이통닭 등이 있으며, 특히 쌀국수가 인기입니다. 쌀국수 주문 시 직접 만든 매콤한 소스와 새콤한 소스를 함께 제공하여 개인 취향에 맞게 즐길 수 있습니다. 메뉴 가격대는 9,000원부터 48,000원까지 다양하며, 메뉴는 소고기쌀국수, 전기구이통닭, 팟타이, 바베큐(중/대)로 구성되어 있습니다. 영업시간은 월~금요일 11:00~20:30(브레이크타임 14:30~17:00), 토요일 11:00~14:30이며, 매주 일요일은 휴무입니다. 주차는 상가주차장을 이용할 수 있습니다. 현재 별도의 독자 리뷰는 등록되어 있지 않으며, 레드리본 및 서울 2025 선정에는 포함되어 있지 않습니다.",
  "rag_text": "베트남식과 태국식 요리를 전문으로 하는 호미가는 쌀국수, 바비큐, 팟타이, 전기구이통닭 등 다양한 메뉴를 갖춘 동남아 음식점입니다. 쌀국수는 직접 만든 매콤하고 새콤한 소스와 함께 제공되어 현지 맛을 살린 것이 특징이며, 2025년 확장 이전으로 쾌적한 분위기에서 식사가 가능합니다. 편안하고 캐주얼한 분위기로 가족 모임이나 친구들과의 식사에 적합합니다.",
  "metadata": {
    "budget_range": "중",
    "spicy_available": "X",
    "vegetarian_options": "X",
    "main_ingredients_list": [
      "육류",
      "패류"
    ],
    "low_level_category": "베트남식, 태국식",
    "suitable_for": [
      "가족모임",
      "친구모임",
      "캐주얼"
    ],
    "food_type_list": [
      "면류",
      "고기류"
    ],
    "temperature_list": [
      "한식",
      "온"
    ],
    "high_level_category": "동남아"
  }
}