{
  "id": 44039,
  "store_name": "마마리펍",
  "llm_summary": "마마리펍은 서울 성동구 성수동에 위치한 한식주점으로, 마마리다이닝의 송하슬람 셰프가 운영하는 와인바 겸 펍입니다. 1층은 반찬가게, 2층은 펍으로 운영되며, 1층에서 구입한 반찬 메뉴를 2층으로 가져가서 먹을 수 있는 독특한 시스템을 갖추고 있습니다. 메뉴는 반찬플래터, 마마리굴라시수프&빵, 김페스토를 곁들인 시저샐러드, 연근닭강정, 씨푸드바질페스토파스타, 닭다리숯불구이와 녹미리조토, 살치살숯불구이 등 양식 테마의 다양한 온·냉 요리로 구성되어 있으며, 가격대는 10,000원에서 30,000원 사이입니다. 닭다리숯불구이와 녹미리조토, 살치살숯불구이 메뉴는 매운맛이 있으며, 주재료로는 조류, 어류, 기타가 사용됩니다. 영업시간은 월~목 17:00~24:00, 금~토 11:00~24:00이며, 일요일은 휴무입니다. 성수주차장 이용시 3시간 무료 주차가 가능합니다. 인스타그램 계정(@mamalee_pub)을 통해 소식을 확인할 수 있습니다. 전반적으로 스타 셰프가 운영하는 테라스가 있는 분위기 좋은 와인바 겸 펍으로, 다양한 양식 메뉴를 안주 삼아 와인과 맥주를 즐기기에 적합한 곳입니다.",
  "rag_text": "마마리펍은 마마리다이닝의 송하슬람 셰프가 운영하는 와인바 겸 펍으로, 1층은 반찬가게, 2층은 펍으로 운영됩니다. 다양한 양식 테마의 요리와 함께 와인과 맥주를 즐길 수 있는 분위기의 공간입니다. 테라스가 있으며, 술 한잔하기 좋은 스타 셰프가 운영하는 장소로, 편안하고 세련된 와인바 겸 펍 분위기를 갖추고 있습니다.",
  "metadata": {
    "budget_range": "중",
    "spicy_available": "O",
    "vegetarian_options": "X",
    "main_ingredients_list": [
      "기타",
      "조류",
      "어류"
    ],
    "low_level_category": "한식주점",
    "suitable_for": [
      "술자리",
      "스타 셰프",
      "테라스",
      "와인바",
      "펍"
    ],
    "food_type_list": [
      "기타",
      "디저트류",
      "고기류",
      "면류"
    ],
    "temperature_list": [
      "온",
      "상",
      "냉"
    ],
    "high_level_category": "양식"
  }
}