{
  "id": 44054,
  "store_name": "부빔",
  "llm_summary": "부빔은 서울 양천구 신정동에 위치한 부담 없는 가격대의 비빔밥 전문점으로, 2022년 4월 25일에 개업했습니다. 전주의 비빔밥 본고장을 목동으로 옮기겠다는 포부를 가지고 시작한 이 가게는 처음에는 배달 전문점이었으나 현지인의 사랑을 받아 지상으로 확장 이전하였습니다. 쌀은 덕성상회의 일정 품질을 보장하는 고급 쌀만 사용하며, 계란은 신선한 3번 계란만을 공급받아 사용합니다. 모든 재료는 당일 손질 및 조리하며, 양념장과 소스는 시판 제품을 사용하지 않고 직접 만들어 메뉴마다 특별한 맛을 제공합니다. 메뉴는 비빔밥, 명란마요비빔밥, 부추비빔밥, 제육비빔밥 등 다양한 비빔밥과 강된장, 돌솥비빔밥, 돼지불고기비빔밥, 우삼겹비빔밥, 육회비빔밥 등이 있으며, 가격대는 8,900원에서 13,500원 사이입니다. 키오스크 주문 시스템을 도입해 편리하며, 먹는 양에 따라 소식좌, 보통, 대식좌 옵션을 선택할 수 있습니다. 영업시간은 매일 11시부터 21시까지이며, 명절 당일은 휴무입니다. 신선한 재료와 정성스러운 조리법으로 현지인들에게 사랑받는 한식 비빔밥 전문점입니다.",
  "rag_text": "부담 없는 가격대의 비빔밥 전문점으로, 고소짭짤한 명란마요비빔밥, 영양 가득한 부추비빔밥, 불향이 살아있는 제육비빔밥 등 다양한 비빔밥 메뉴를 제공합니다. 전주의 비빔밥 본고장을 목동으로 옮기겠다는 포부를 가진 한식 전문점이며, 신선한 재료와 직접 만든 양념장으로 특별한 맛을 선사합니다. 키오스크 주문 시스템으로 간편하며, 현지인들의 사랑을 받는 편안하고 친근한 분위기의 비빔밥 전문점입니다.",
  "metadata": {
    "budget_range": "중",
    "spicy_available": "O",
    "vegetarian_options": "X",
    "main_ingredients_list": [
      "육류"
    ],
    "low_level_category": "비빔밥",
    "suitable_for": [
      "가성비",
      "현지인맛집",
      "친근한",
      "편안한"
    ],
    "food_type_list": [
      "밥류",
      "국물류"
    ],
    "temperature_list": [
      "온",
      "생"
    ],
    "high_level_category": "한식"
  }
}