{
  "id": 44081,
  "store_name": "베이커리우노",
  "llm_summary": "베이커리우노는 서울 강남구 대치동 삼성상가 1층에 위치한 프랑스 스타일 페이스트리 전문 베이커리입니다. 크루아상, 치아바타, 바게트, 캉파뉴, 밤식빵 등 깊은 풍미를 자랑하는 다양한 빵을 프랑스산 밀가루와 버터를 사용해 만듭니다. 메뉴는 소금빵, 호두피칸바게트, 스콘, 플레인퀸아망, 올리브치아바타, 크루아상, 크러핀, 뱅오쇼콜라, 치즈치아바타, 캄파뉴, 밤식빵 등으로 가격대는 3,500원부터 8,900원까지 다양하며 모두 상온에서 제공됩니다. 매장은 화요일부터 일요일까지 오전 10시부터 오후 8시까지 운영하며, 매주 월요일은 휴무입니다. 2024년 9월 19일에 개업하였고, 별도의 독자 리뷰는 아직 등록되어 있지 않습니다. 공식 인스타그램 계정도 운영 중입니다.",
  "rag_text": "프랑스 스타일 페이스트리와 바게트를 전문으로 하는 베이커리로, 크루아상, 치아바타, 바게트, 캉파뉴, 밤식빵 등 깊은 풍미의 빵을 프랑스산 밀가루와 버터로 만듭니다. 다양한 디저트류 메뉴를 제공하며, 고급스럽고 정통적인 프랑스 베이커리 분위기를 지니고 있습니다.",
  "metadata": {
    "budget_range": "저",
    "spicy_available": "X",
    "vegetarian_options": "X",
    "main_ingredients_list": [
      "기타"
    ],
    "low_level_category": "베이커리",
    "suitable_for": [],
    "food_type_list": [
      "디저트류"
    ],
    "temperature_list": [
      "상"
    ],
    "high_level_category": "디저트류"
  }
}