{
  "id": 44214,
  "store_name": "유성옥돼지국밥(서초본점)",
  "llm_summary": "유성옥돼지국밥(서초본점)은 서울 서초구에 위치한 돼지국밥 전문 한식당으로, 돼지국밥, 항정국밥, 돈복쟁반을 주메뉴로 제공합니다. 이곳은 부드러운 목전지살과 항정살이 풍부하게 들어간 돈복쟁반과 함께 막걸리를 곁들여 즐길 수 있는 곳입니다. 고기와 버섯이 우러난 진한 육수에 쫄깃한 칼국수를 넣어 마무리하는 식사법이 인상적입니다. 메뉴는 돼지국밥(₩10,000), 항정국밥(₩13,000), 돈복쟁반(₩50,000), 내장국밥(₩12,000), 냉반(₩12,000), 도토리묵무침(₩15,000), 수육(₩17,000/₩30,000), 매운오돌뼈볶음(₩18,000) 등이 있으며, 대부분 온메뉴로 구성되어 있습니다. 매운 메뉴도 한 가지 있어 다양성을 더합니다. 영업시간은 월~토요일 11:00~22:00이며, 일요일은 휴무입니다. 이 식당은 전통적인 한식 돼지국밥과 다양한 고기 요리를 전문으로 하여, 고기 애호가와 전통 국밥을 즐기는 고객에게 적합합니다.",
  "rag_text": "한식 돼지국밥 전문점으로, 부드러운 목전지살과 항정살이 가득한 돈복쟁반과 고기와 버섯 육수에 쫄깃한 칼국수를 넣어 마무리하는 전통적인 맛을 자랑합니다. 편안하고 정통적인 분위기의 식당으로, 다양한 한식 메뉴를 제공하며, 매운 메뉴도 일부 포함되어 있어 다양한 취향을 만족시킵니다.",
  "metadata": {
    "budget_range": "중",
    "spicy_available": "O",
    "vegetarian_options": "X",
    "main_ingredients_list": [
      "육류",
      "기타"
    ],
    "low_level_category": "돼지국밥",
    "suitable_for": [],
    "food_type_list": [
      "국물류",
      "기타",
      "고기류"
    ],
    "temperature_list": [
      "온",
      "냉",
      "상"
    ],
    "high_level_category": "한식"
  }
}