{
  "id": 44238,
  "store_name": "을지로디핀",
  "llm_summary": "을지로디핀은 서울 중구 을지로3가 홍일빌딩 지하 1층에 위치한 아시아식과 한식주점으로, 노진형 셰프가 아시안 플레이버를 활용해 다양한 메뉴를 선보이는 업장입니다. 주요 메뉴로는 치킨라이스가 함께 나오는 마파두부, 나고야 스타일의 오겹살조림, 매콤한 오리 레드커리, 모듬숙성회, 가리비냉채, XO새우누들, 양갈비튀김 등이 있으며, 가격대는 20,000원에서 42,000원 사이입니다. 매콤오리레드커리를 제외한 대부분의 메뉴는 맵지 않으며, 메뉴는 한식 테마로 해산물류, 고기류, 기타 카테고리로 다양하게 구성되어 있습니다. 영업시간은 화~목요일 17:00~23:00(마지막 주문 22:00), 금~토요일 17:00~24:00(마지막 주문 23:00)이며, 매주 월요일과 일요일은 휴무입니다. 주차는 을지로3가 파인애비뉴 주차장을 유료로 이용할 수 있습니다. 인스타그램 계정(@deepin_euljiro3ga)을 운영 중이며, 현재 독자 리뷰는 등록되어 있지 않습니다. 블루리본 선정이나 서울 2025 선정은 되어 있지 않습니다.",
  "rag_text": "을지로디핀은 노진형 셰프가 주축이 되어 아시안 플레이버를 활용한 한식주점으로, 마파두부, 나고야 스타일 오겹살조림, 매콤한 오리 레드커리 등 다양한 아시안 메뉴를 제공합니다. 고급스럽고 창의적인 아시안 한식 메뉴를 선보이며, 편안한 분위기에서 다양한 해산물과 고기 요리를 즐길 수 있는 공간입니다.",
  "metadata": {
    "budget_range": "중",
    "spicy_available": "O",
    "vegetarian_options": "O",
    "main_ingredients_list": [
      "어류",
      "기타",
      "육류",
      "조류",
      "패류"
    ],
    "low_level_category": "아시아식, 한식주점",
    "suitable_for": [],
    "food_type_list": [
      "해산물류",
      "기타",
      "고기류"
    ],
    "temperature_list": [
      "생",
      "온"
    ],
    "high_level_category": "한식"
  }
}