{
  "id": 44255,
  "store_name": "화계전통",
  "llm_summary": "화계전통은 서울 강북구 수유동에 위치한 전기구이통닭 전문점으로, 전기구이 통닭과 다양한 크림파스타의 조합을 즐길 수 있는 독특한 맛집입니다. 1960년대부터 전해 내려오는 옛날 한방 전기구이 통닭을 찹쌀을 넣어 촉촉하게 구워내어 담백하면서도 특별한 풍미를 자랑합니다. 메뉴로는 청양크림파스타, 로제크림파스타, 카레크림파스타, 아라비아타파스타와 함께 한방 전기구이 옛날통닭이 함께 제공되며, 매콤한 맛과 순한 맛을 모두 경험할 수 있습니다. 매장은 가족, 데이트, 생일파티 등 다양한 모임에 적합하도록 높은 층고와 대형 스크린을 갖춘 쾌적한 공간으로 리모델링되어 편안한 분위기를 제공합니다. 신선한 재료 사용을 위해 삼성웰스토리와 협력하며, HACCP 인증을 받은 24시간 이내 도계한 국산 냉장 닭을 사용하는 등 위생과 맛에 철저히 신경 쓰고 있습니다. 친절한 서비스와 함께 새벽 2시까지 영업하여 늦은 시간에도 방문이 가능합니다. 2022년 7월에 개업한 신생 맛집으로, 전통적인 한방 통닭과 양식 베이스의 파스타가 조화를 이루는 퓨전 한식 경험을 제공합니다.",
  "rag_text": "전기구이 통닭과 다양한 크림파스타가 어우러진 한식 퓨전 맛집으로, 청양크림, 로제크림, 카레크림, 아라비아타파스타 등 다양한 파스타 메뉴를 제공하며, 찹쌀을 넣어 촉촉하게 구운 한방 전기구이 옛날통닭이 인기입니다. 가족, 데이트, 생일파티에 적합한 쾌적하고 넓은 공간과 대형 스크린을 갖추고 있으며, 신선한 재료와 위생에 철저한 관리가 돋보입니다. 친절한 서비스와 새벽까지 영업하는 편리함이 특징입니다.",
  "metadata": {
    "budget_range": "중",
    "spicy_available": "O",
    "vegetarian_options": "X",
    "main_ingredients_list": [
      "조류"
    ],
    "low_level_category": "전기구이통닭",
    "suitable_for": [
      "가족모임",
      "데이트",
      "생일파티",
      "쾌적한",
      "친절한 서비스"
    ],
    "food_type_list": [
      "고기류"
    ],
    "temperature_list": [
      "온"
    ],
    "high_level_category": "한식"
  }
}