{
  "id": 44279,
  "store_name": "플룬",
  "llm_summary": "플룬은 서울 강남구 일원동에 위치한 카페 겸 케이크 전문점으로, 다양한 수제 케이크와 독창적인 커피 메뉴를 즐길 수 있는 곳입니다. 상큼한 과일을 올린 머랭 케이크와 파블로바는 바삭한 겉과 부드러운 속의 조화가 뛰어난 대표 디저트이며, 특히 부드러운 크림과 딸기가 어우러진 딸기 프레지에도 인기입니다. 플룬은 '크림 맛집'으로 불릴 만큼 깊은 풍미와 섬세한 밸런스의 크림을 자랑하며, 모든 디저트는 100% 수제로 제작됩니다. 시그니처 음료는 피스타치오크림라테로, 고소하고 독특한 맛이 디저트와 잘 어울립니다. 이외에도 초당옥수수 커피, 버터크림 라떼 등 개성 있는 커피 메뉴가 준비되어 있습니다. 감성적이고 편안한 분위기에서 젊은 고객부터 동네 주민까지 모두 특별한 시간을 보낼 수 있으며, 연중무휴로 운영됩니다. 메뉴는 아메리카노, 카페라테, 아인슈페너 등 다양한 음료와 딸기피낭시에산도, 바스크치즈케이크, 벨지안가나슈, 떠먹는딸기케이크, 파블로바 등 4,000원부터 8,500원 사이의 가격대로 제공됩니다. 2019년 4월에 개업하였으며, 서울 강남구 일원로5길 7 1층에 위치해 있습니다.",
  "rag_text": "플룬은 다양한 수제 케이크와 독창적인 시그니처 커피를 제공하는 카페로, 바삭하고 부드러운 머랭 케이크와 파블로바, 풍미 깊은 크림 디저트가 유명합니다. 감성적이고 편안한 분위기 속에서 젊은 고객과 지역 주민 모두가 특별한 시간을 즐길 수 있는 곳입니다. 크림 맛집으로 알려져 있으며, 고소한 피스타치오크림라테를 비롯해 초당옥수수 커피, 버터크림 라떼 등 개성 있는 음료가 디저트와 완벽한 조화를 이룹니다. 모든 디저트는 정성을 담아 100% 수제로 만들어집니다. 연중무휴로 운영되어 언제든 방문 가능합니다.",
  "metadata": {
    "budget_range": "중",
    "spicy_available": "X",
    "vegetarian_options": "X",
    "main_ingredients_list": [
      "기타"
    ],
    "low_level_category": "카페, 케이크",
    "suitable_for": [
      "감성적인 분위기",
      "젊은 손님",
      "동네 주민",
      "특별한 시간"
    ],
    "food_type_list": [
      "음료",
      "디저트류"
    ],
    "temperature_list": [
      "기타",
      "상"
    ],
    "high_level_category": "디저트류"
  }
}