{
  "id": 44280,
  "store_name": "피맥4도씨(서울과기대점)",
  "llm_summary": "피맥4도씨(서울과기대점)은 서울 노원구 공릉동에 위치한 피자와 파스타 전문점으로, 2024년 9월 리모델링한 깔끔하고 위생적인 신축 건물 지하에 자리잡고 있습니다. 이곳은 4도씨에서 저온숙성한 도우로 만든 다양한 맛의 피자와 파스타, 치킨 등 미국 가정식 스타일의 메뉴를 제공하며, 특히 국내 최고 브루어리인 핸드앤몰트의 수제맥주(상상페일에일, 슬로우IPA, 구름위트에일)와 소주, 칵테일, 하이볼 등 다양한 주류와 함께 즐길 수 있습니다. 메뉴는 더블치즈, 4도씨콤비네이션, 4도씨슈프림, 더블페페로니, 할라피뇨하와이안, 바질페스토, 미트밥, 와일드로즈슈림프, 크리스피콘, 알리오올리오 등으로 가격대는 10,000원에서 20,000원 사이입니다. 매장은 이국적이고 감성적인 인테리어와 분위기 좋은 조명으로 사진 찍기 좋은 포토존 같은 공간을 제공하며, 데이트 코스, 단체 모임, 회식 장소로도 적합합니다. 연중무휴로 매일 12시부터 다음날 1시까지 운영하며, 주차 공간은 협소합니다. 서울과학기술대학교 인근에서 분위기 좋은 데이트 및 가성비 좋은 맛집, 술집을 찾는 이들에게 추천되는 핫플레이스입니다.",
  "rag_text": "피자와 파스타를 전문으로 하는 미국 가정식 스타일의 양식 맛집으로, 저온숙성 도우와 다양한 수제맥주를 제공하며 이국적이고 감성적인 인테리어와 분위기를 갖춘 데이트 및 모임에 적합한 공간입니다. 젊은 셰프들이 만든 가성비 좋은 메뉴와 분위기 좋은 조명으로 포토존 같은 사진 촬영 장소로도 인기이며, 공릉동에서 분위기 좋은 술집과 데이트 코스 맛집으로 알려져 있습니다.",
  "metadata": {
    "budget_range": "중",
    "spicy_available": "X",
    "vegetarian_options": "X",
    "main_ingredients_list": [
      "육류",
      "기타",
      "패류"
    ],
    "low_level_category": "피자, 파스타",
    "suitable_for": [
      "데이트",
      "단체모임",
      "회식",
      "가성비",
      "분위기좋은"
    ],
    "food_type_list": [
      "기타",
      "밥류",
      "면류"
    ],
    "temperature_list": [
      "온"
    ],
    "high_level_category": "양식"
  }
}