{
  "id": 44347,
  "store_name": "슈네켄베이크하우스",
  "llm_summary": "슈네켄베이크하우스는 서울 광진구 자양동에 위치한 베이커리 전문점으로, 프랑스 버터의 풍미를 깊게 느낄 수 있는 다양한 스콘을 선보입니다. 기본 고메버터스콘부터 초코칩, 월넛다크초코, 에스프레소, 누네띠네스콘 등 특별한 맛의 스콘이 다양하게 구비되어 있으며, 간단한 음료 메뉴도 함께 제공됩니다. 음료로는 아메리카노, 카페라테, 바닐라라테 등이 있어 스콘과 함께 즐기기 좋습니다. 가격대는 3,500원에서 4,500원 사이로 합리적이며, 월요일부터 일요일까지 오전 10시부터 오후 6시까지 영업합니다. 공식 인스타그램(https://www.instagram.com/schnecken_official/)을 통해서도 소식을 확인할 수 있습니다. 2024년 10월 19일 개업한 신생 매장으로, 별도의 블루리본 선정이나 리본 개수는 없으나 프랑스 버터의 고급스러운 풍미를 살린 고메버터스콘이 주력 메뉴입니다. 매장 위치는 서울특별시 광진구 능동로3다길 17이며, 편안한 분위기에서 베이커리와 음료를 즐길 수 있습니다.",
  "rag_text": "프랑스 버터의 풍미가 깊게 느껴지는 베이커리 전문점으로, 기본에 충실한 고메버터스콘부터 초코칩, 월넛다크초코, 에스프레소 등 다양한 특별한 맛의 스콘을 제공합니다. 간단한 음료도 함께 즐길 수 있어 베이커리와 음료를 좋아하는 고객에게 적합한 편안하고 전문적인 분위기의 스콘 카페입니다.",
  "metadata": {
    "budget_range": "중",
    "spicy_available": "X",
    "vegetarian_options": "X",
    "main_ingredients_list": [
      "기타"
    ],
    "low_level_category": "베이커리, 스콘",
    "suitable_for": [],
    "food_type_list": [
      "음료",
      "디저트류"
    ],
    "temperature_list": [
      "기타",
      "상"
    ],
    "high_level_category": "디저트류"
  }
}