{
  "id": 44392,
  "store_name": "용산봉숭아",
  "llm_summary": "용산봉숭아는 서울 용산구 한강로3가에 위치한 전통 한식주점으로, 오래된 주택을 개조하여 아늑하고 감성적인 야외 야장 분위기를 제공합니다. 이곳은 광주식 오리감자탕, 순천식 돼지곱창전골, 제철 숙성 모둠회 등 완성도 높은 한식 시그니처 메뉴를 선보이며, 저녁 4시부터 자정까지 연중무휴로 운영됩니다. 메뉴는 청도미나리새우전, 소고기육전, 고등어초회, 아보카도오이명란구이, 고등어봉초밥, 냉제육미나리무침 등 다양하며, 가격대는 19,000원에서 52,000원 사이입니다. 주차 공간이 협소하므로 방문 시 참고가 필요하며, 인스타그램(@bongsoongah_yongsan)을 통해 추가 정보를 확인할 수 있습니다. 전통적인 맛과 분위기를 중시하는 고객에게 적합한 한식주점입니다.",
  "rag_text": "오래된 주택을 개조한 전통 한식주점으로 아늑하고 감성적인 야외 야장 분위기를 자아냅니다. 광주식 오리감자탕, 순천식 돼지곱창전골, 제철 숙성 모둠회 등 완성도 높은 한식 메뉴를 제공하며, 한식 테마의 다양한 해산물류, 고기류, 밥류, 국물류, 기타 음식을 선보입니다. 전통적인 한식 경험과 편안한 분위기를 원하는 이들에게 적합합니다.",
  "metadata": {
    "budget_range": "중",
    "spicy_available": "X",
    "vegetarian_options": "X",
    "main_ingredients_list": [
      "패류",
      "육류",
      "어류",
      "기타",
      "조류"
    ],
    "low_level_category": "한식주점",
    "suitable_for": [
      "전통적인",
      "아늑한",
      "감성적인",
      "야외공간",
      "한식"
    ],
    "food_type_list": [
      "해산물류",
      "고기류",
      "밥류",
      "기타",
      "국물류"
    ],
    "temperature_list": [
      "온",
      "생"
    ],
    "high_level_category": "한식"
  }
}