{
  "id": 44445,
  "store_name": "일념돼지(마곡본점)",
  "llm_summary": "일념돼지(마곡본점)은 서울 강서구 마곡동에 위치한 돼지고기구이 전문 한식당입니다. 이곳의 대표 메뉴인 일념돼지한판(삼겹살과 목살 포함)은 당일 손질한 신선한 고기로 제공되며, 멜젓과 특제소스를 곁들여 먹는 조합이 추천됩니다. 매장 중앙에는 초벌구이 공간이 있어 화려한 불쇼를 감상할 수 있는 것이 특징입니다. 메뉴는 삼겹살, 가브리살, 항정살, 조선암소육회, 목살 등 다양한 고기류와 매운 시골전통된장찌개, 숙성돼지김치찌개 등 국물류를 포함하며, 가격대는 8,000원부터 55,000원까지 다양합니다. 연중무휴로 운영하며, 평일과 주말 모두 저녁 10시까지 영업하지만 브레이크 타임이 평일 오후 2시부터 4시까지 있습니다. 프라이빗룸을 갖추고 있어 가족 모임이나 소규모 단체에도 적합합니다. 리뷰는 아직 등록되지 않았으나, 블루리본 픽에 선정된 만큼 신뢰도 높은 맛집입니다.",
  "rag_text": "일념돼지(마곡본점)는 삼겹살과 목살이 포함된 일념돼지한판이 인기인 돼지고기구이 전문 한식당으로, 당일 손질한 고기만을 사용하며 멜젓과 특제소스를 곁들여 먹는 조합이 추천됩니다. 매장 중앙에 초벌구이 공간이 있고 화려한 불쇼를 볼 수 있어 다이내믹한 분위기를 자아냅니다. 프라이빗룸이 있어 가족 모임이나 조용한 식사에 적합하며, 연중무휴로 운영됩니다. 다양한 한식 테마의 고기류와 매운 국물류 메뉴를 제공합니다.",
  "metadata": {
    "budget_range": "중",
    "spicy_available": "O",
    "vegetarian_options": "X",
    "main_ingredients_list": [
      "육류"
    ],
    "low_level_category": "돼지고기구이",
    "suitable_for": [
      "가족모임",
      "조용한"
    ],
    "food_type_list": [
      "국물류",
      "고기류"
    ],
    "temperature_list": [
      "온",
      "생"
    ],
    "high_level_category": "한식"
  }
}