{
  "id": 44605,
  "store_name": "이여곰탕(강남삼성직영점)",
  "llm_summary": "이여곰탕(강남삼성직영점)은 3대째 이어온 전통의 한우곰탕 전문점으로, 서울 강남구 삼성동 SISOMO TOWER에 위치해 있습니다. 한우 뼈와 각종 한약재를 넣어 오랫동안 끓여낸 깔끔하고 담백한 국물이 특징이며, 곰탕을 밥 또는 면으로 즐길 수 있습니다. 특히 여름 한정 메뉴인 냉곰탕면이 별미로 추천됩니다. 메뉴는 곰탕, 곰탕면, 냉곰탕면, 곰개장, 육회비빔밥, 한우고기전, 육회(150g), 수육무침, 냉수육, 한우수육전골, 한우불고기전골 등 다양하며, 가격대는 ₩12,000에서 ₩55,000 사이입니다. 곰개장 메뉴는 매운맛이 있으며, 그 외 메뉴는 맵지 않습니다. 이여곰탕은 세종대왕의 17대손이자 한의사였던 조부의 식법을 이어받아 가격과 편리에 타협하지 않고 전통의 맛을 지키고 있습니다. 연중무휴로 운영하며, 월요일은 10:00~24:00, 화~토요일은 24시간, 일요일은 00:00~21:00까지 영업합니다. 발레파킹 서비스가 제공되며, 공식 인스타그램과 홈페이지를 통해 추가 정보를 확인할 수 있습니다. 유퀴즈에서도 인정한 서울 4대 곰탕 중 하나로 남녀노소 모두 즐길 수 있는 건강한 한끼 식사를 제공합니다.",
  "rag_text": "3대째 이어온 한우곰탕 전문 한식당으로, 한우 뼈와 한약재를 사용해 오랫동안 끓여낸 깔끔하고 담백한 국물이 특징입니다. 전통적인 식법을 고수하며 건강한 식재료로 남녀노소 모두가 즐길 수 있습니다. 여름 한정 냉곰탕면이 별미이며, 한식 테마의 다양한 곰탕 및 고기류 메뉴를 선보입니다. 가격과 편리에 타협하지 않는 옹고집의 맛집으로, 전통성과 신뢰를 중요시합니다.",
  "metadata": {
    "budget_range": "중",
    "spicy_available": "O",
    "vegetarian_options": "X",
    "main_ingredients_list": [
      "육류"
    ],
    "low_level_category": "곰탕",
    "suitable_for": [
      "전통적",
      "가족모임",
      "건강식",
      "남녀노소",
      "전통음식"
    ],
    "food_type_list": [
      "국물류",
      "면류",
      "밥류",
      "고기류"
    ],
    "temperature_list": [
      "온",
      "냉",
      "생"
    ],
    "high_level_category": "한식"
  }
}