{
  "id": 44613,
  "store_name": "로운샤브샤브(NC강서점)",
  "llm_summary": "로운샤브샤브(NC강서점)은 서울 강서구 NC 강서점 내에 위치한 샤부샤브 전문점으로, 따끈한 국물 요리가 생각날 때 방문하기 좋은 곳입니다. 이곳은 애피타이저부터 식사, 디저트까지 무제한으로 즐길 수 있는 샤부샤브 뷔페로 유명하며, 단체 모임도 가능한 넓고 쾌적한 매장을 갖추고 있습니다. 매일 아침 신선하게 배송되는 야채와 즉석에서 정형한 소고기를 사용하여 건강한 다이어트 식단에도 적합합니다. 또한 20여 가지의 다양한 샐러드바 메뉴와 6종의 육수를 제공해 고객의 취향에 맞게 샤부샤브를 즐길 수 있습니다. 메뉴는 주로 소고기 샤부샤브 무제한 평일 런치와 주말 메뉴로 구성되어 있으며, 가격대는 7,900원부터 25,900원까지 다양합니다. 영업시간은 매일 오전 11시부터 오후 9시까지이며, 연중무휴로 운영됩니다. 공식 인스타그램과 관련 브랜드 페이지도 운영 중입니다. 전체적으로 신선한 재료와 다양한 메뉴 구성이 돋보이는 샤부샤브 뷔페 전문점입니다.",
  "rag_text": "샤부샤브 전문점으로 따끈한 국물 요리를 제공하며, 애피타이저부터 디저트까지 무제한으로 즐길 수 있는 뷔페 스타일입니다. 신선한 재료와 다양한 샐러드바, 6종의 육수를 통해 취향에 맞춘 식사가 가능하며, 넓고 쾌적한 매장은 단체 모임에도 적합합니다. 건강한 다이어트 식단에 최적화된 신선한 소고기와 야채를 사용하며, 전반적으로 가족 모임이나 단체 방문에 좋은 분위기를 갖추고 있습니다. 테마는 한식과 기타가 혼합된 형태로, 편안하고 실속 있는 식사를 원하는 고객에게 적합합니다.",
  "metadata": {
    "budget_range": "저",
    "spicy_available": "X",
    "vegetarian_options": "O",
    "main_ingredients_list": [
      "육류",
      "기타"
    ],
    "low_level_category": "샤브샤브",
    "suitable_for": [
      "단체모임",
      "가족모임",
      "건강식",
      "뷔페"
    ],
    "food_type_list": [
      "고기류",
      "기타"
    ],
    "temperature_list": [
      "온"
    ],
    "high_level_category": "한식"
  }
}