{
  "id": 44629,
  "store_name": "육결(종로본점)",
  "llm_summary": "육결(종로본점)은 서울 종로구 관철동에 위치한 지속 가능한 한식 브랜드로, 전통의 깊이를 현대적 감각으로 재해석한 한식당입니다. 2024년 7월 17일 개업한 이곳은 돼지고기 100% 원육과 국내산 햅쌀 밥, 1mm 쌀면을 사용하여 맑고 진한 돼지국밥을 비롯해 항정약고추장비빔밥, 푸짐한 토핑의 스지수육전골 등 다양한 메뉴를 제공합니다. 특히 스지전골은 칼칼한 국물 맛으로 술안주로도 적합하며, 육수와 밥은 무료로 리필할 수 있습니다. 육결의 육수는 매일 한 그릇씩 정성껏 끓이며, 화학조미료 대신 채소와 고기의 감칠맛을 살려 깔끔하고 중독성 있는 맛을 자랑합니다. 제주산 무로 담근 깍두기와 직접 만든 궁채 절임, 특제 소스까지 세심하게 준비되어 있습니다. 매장은 월~토요일 11:00~22:00 운영하며, 일요일과 명절 전날 및 당일은 휴무입니다. 주류 반입 가능하며 콜키지 1병 무료 서비스도 제공합니다. 관철동 노상 공영주차장(유료) 이용 가능하며, 자세한 정보는 인스타그램(@yukgyeol)에서 확인할 수 있습니다.",
  "rag_text": "육결(종로본점)은 식사와 해장을 모두 할 수 있는 한식당으로, 전통과 현대가 조화된 지속 가능한 한식 브랜드입니다. 맑은 돼지국밥, 항정약고추장비빔밥, 칼칼한 스지전골 등 다양한 한식 메뉴를 제공하며, 화학조미료를 사용하지 않고 채소와 고기의 감칠맛을 살린 깔끔하고 중독성 있는 맛이 특징입니다. 소박하지만 세련된 한식의 아름다움과 깊은 한식의 철학을 경험할 수 있는 공간입니다.",
  "metadata": {
    "budget_range": "중",
    "spicy_available": "O",
    "vegetarian_options": "X",
    "main_ingredients_list": [
      "기타",
      "육류"
    ],
    "low_level_category": "일반한식",
    "suitable_for": [
      "식사",
      "해장",
      "술안주",
      "가족모임",
      "친구모임"
    ],
    "food_type_list": [
      "국물류",
      "밥류",
      "디저트류",
      "고기류"
    ],
    "temperature_list": [
      "온",
      "상",
      "냉"
    ],
    "high_level_category": "한식"
  }
}