{
  "id": 44644,
  "store_name": "당산오돌(방이점)",
  "llm_summary": "당산오돌(방이점)은 서울 송파구 방이동에 위치한 돼지고기구이 전문점으로, 독특한 돼지고기 특수부위를 맛볼 수 있는 곳입니다. 대표 메뉴인 꼬들살은 쫀득하고 담백한 식감으로 인기가 높으며, 실크망고목살, 오돌갈비, 양갈비 등 다양한 부위를 제공합니다. 식사 메뉴로는 건새우가 듬뿍 들어간 시원한 맛의 뽕잎털레기수제비와 100% 메밀면으로 만든 들기름 막국수가 추천됩니다. 방이역 4번 출구에서 도보 2분 거리에 위치해 접근성이 좋고, 넓은 주차장과 단체룸을 완비하여 모임과 회식에 적합합니다. 연중무휴로 운영하며, 발레파킹 서비스도 제공됩니다. 메뉴는 한식과 기타 테마를 아우르며, 가격대는 15,000원에서 30,000원 사이로 형성되어 있습니다. 매운 메뉴도 일부 준비되어 있어 매운맛을 선호하는 고객도 만족할 수 있습니다. SNS 활동도 활발하여 인스타그램을 통해 소식을 접할 수 있습니다.",
  "rag_text": "독특한 돼지고기 특수부위를 제공하는 한식 돼지고기구이 전문점으로, 꼬들살, 실크망고목살, 오돌갈비, 양갈비 등 다양한 부위를 맛볼 수 있습니다. 쫀득하고 담백한 식감이 특징이며, 건강한 식사 메뉴인 뽕잎털레기수제비와 메밀면 들기름 막국수를 함께 즐길 수 있습니다. 연중무휴로 운영하며, 넓은 주차장과 단체룸을 갖추어 가족 모임, 회식, 다양한 모임에 적합한 편안한 분위기를 제공합니다.",
  "metadata": {
    "budget_range": "중",
    "spicy_available": "O",
    "vegetarian_options": "X",
    "main_ingredients_list": [
      "육류"
    ],
    "low_level_category": "돼지고기구이",
    "suitable_for": [
      "가족모임",
      "회식",
      "모임"
    ],
    "food_type_list": [
      "고기류"
    ],
    "temperature_list": [
      "온",
      "상"
    ],
    "high_level_category": "한식"
  }
}