{
  "id": 44652,
  "store_name": "넴넴(목동직영점)",
  "llm_summary": "넴넴(목동직영점)은 서울 양천구 목동에 위치한 베트남식 전문 음식점으로, 왕갈비쌀국수와 양지쌀국수가 대표 메뉴입니다. 이곳은 코코넛 돼지고기튀김을 직접 만든 튀김 반죽으로 제공하며, 얼큰한 국물에 제철 조개를 넣은 얼큰해산물쌀국수도 추천 메뉴로 꼽힙니다. 메뉴는 얼큰한우소곱창쌀국수, 코코넛닭다리살튀김, 양지쌀국수, 모둠쌀국수, 돼지고기숙주볶음덮밥, 얼큰해산물쌀국수, 치킨라이스, 분짜, 왕갈비쌀국수 등 다양하며, 대부분 온메뉴로 구성되어 있습니다. 가격대는 6,000원에서 15,000원 사이이며, 매운 메뉴도 일부 포함되어 있습니다. 가게는 2023년 5월 18일에 개업했으며, 영업시간은 매일 11시부터 21시까지, 15시부터 17시까지는 브레이크 타임입니다. 주차는 인근 어울림 공영주차장을 유료로 이용할 수 있습니다. 넴넴(목동직영점)은 베트남 전통 쌀국수와 튀김 요리를 현대적으로 재해석한 메뉴를 제공하며, 깔끔하고 편안한 분위기에서 다양한 베트남 음식을 즐길 수 있는 곳입니다.",
  "rag_text": "넴넴(목동직영점)은 베트남식 전문 음식점으로, 왕갈비쌀국수와 양지쌀국수를 중심으로 한 전통적인 베트남 쌀국수와 튀김 요리를 제공합니다. 직접 만든 튀김 반죽을 사용한 코코넛 돼지고기튀김과 얼큰한 국물에 제철 조개를 넣은 얼큰해산물쌀국수가 특징입니다. 메뉴 테마는 한식, 중식, 기타가 혼합되어 있으며, 따뜻한 온메뉴가 주를 이룹니다. 전통적인 베트남 요리의 맛을 현대적으로 재해석하여 편안하고 친근한 분위기에서 즐길 수 있습니다.",
  "metadata": {
    "budget_range": "중",
    "spicy_available": "O",
    "vegetarian_options": "X",
    "main_ingredients_list": [
      "육류",
      "조류",
      "어류",
      "기타"
    ],
    "low_level_category": "베트남식",
    "suitable_for": [],
    "food_type_list": [
      "국물류",
      "고기류",
      "면류",
      "밥류"
    ],
    "temperature_list": [
      "온",
      "상"
    ],
    "high_level_category": "동남아"
  }
}