{
  "id": 44717,
  "store_name": "우나기욘다이메키쿠카와(강남고속터미널점)",
  "llm_summary": "우나기욘다이메키쿠카와(강남고속터미널점)은 서울 서초구 반포동 센트럴시티 내 신세계백화점 지하 1층 하우스 오브 신세계에 위치한 전통적인 일식 장어 전문 브랜드입니다. 1932년부터 이어져 온 활장어 전문점으로, 고급스러운 일식 장어 덮밥과 히츠마부시를 제공합니다. 장어는 한 번 찐 후 숯불에 골고루 구워 부드럽고 촉촉한 식감이 특징이며, 달콤 짭짤한 타레소스가 감칠맛을 더합니다. 히츠마부시는 세 가지 방식으로 즐길 수 있는데, 그냥 먹기, 고명을 올려 먹기, 일본식 오차즈케처럼 다시물에 말아 먹기가 가능합니다. 메뉴는 우나동(33,000원), 히츠마부시(38,000원), 욘다이메키쿠카와정식(40,000원), 욘다이메키쿠카와일품우나쥬(48,000원), 욘다이메키쿠카와일품히츠마부시(50,000원), 시그니처키모야키다이메키쿠카와일품히츠마부시(50,000원), 시그니처우마키정식(60,000원), 시그니처키모야키정식(60,000원), 시그니처정식(68,000원) 등 고급 일식 밥류로 구성되어 있습니다. 매장은 고속터미널역 3호선 8번 출구 지하통로와 연결되어 있어 접근성이 좋으며, 월~일요일 10:30~22:00까지 운영됩니다. 백화점 휴무일에 따라 영업이 조정될 수 있습니다. 2시간 무료 주차가 가능하며, 예약 및 추가 정보는 공식 홈페이지에서 확인할 수 있습니다.",
  "rag_text": "고급스러운 일식 장어 전문점으로, 전통적인 활장어 브랜드에서 제공하는 히츠마부시와 우나동 등 다양한 장어 요리를 즐길 수 있습니다. 숯불에 구운 부드럽고 촉촉한 장어구이와 감칠맛 나는 타레소스가 특징이며, 히츠마부시는 세 가지 방식으로 취향에 맞게 즐길 수 있습니다. 신세계백화점 내에 위치해 고급스러운 분위기이며, 전통성과 정통 일식의 맛을 경험할 수 있는 곳입니다.",
  "metadata": {
    "budget_range": "고",
    "spicy_available": "X",
    "vegetarian_options": "X",
    "main_ingredients_list": [
      "어류"
    ],
    "low_level_category": "일식장어",
    "suitable_for": [
      "전통적",
      "고급스러운",
      "일식",
      "장어전문",
      "백화점내",
      "접근성좋은"
    ],
    "food_type_list": [
      "밥류"
    ],
    "temperature_list": [
      "온"
    ],
    "high_level_category": "일식"
  }
}