{
  "id": 44740,
  "store_name": "돼지공탕하우",
  "llm_summary": "돼지공탕하우는 서울 성동구 성수동2가에 위치한 간판 없는 식당으로, 돼지 육수로 만든 곰탕과 평양식 물냉면이 유명합니다. 문경 약돌돼지를 오랜 시간 저온, 고압에서 끓여내어 맑고 진한 국물이 특징이며, 정갈하게 차려지는 곰탕에 냉제육을 곁들이는 것을 추천합니다. 평양냉면은 깔끔하고 담백한 맛으로 호평받고 있습니다. 주요 메뉴로는 청어알무말랭이, 하우공탕, 하우미역국, 하우냉면, 냉제육 등이 있으며, 가격대는 5,000원부터 28,000원까지 다양합니다. 냉제육은 매운맛이 있으며, 모든 음식은 돼지 육수를 기본으로 사용합니다. 영업시간은 매일 11:30부터 20:30까지이며, 14:30부터 17:30까지 브레이크 타임이 있습니다. 2024년 5월 2일에 개업하였고, 공식 인스타그램과 홈페이지를 운영 중입니다. 조용한 카운터석이 마련되어 있어 편안한 식사가 가능합니다.",
  "rag_text": "돼지 육수로 만든 곰탕과 평양식 물냉면을 전문으로 하는 한식당으로, 문경 약돌돼지를 저온 고압으로 우려낸 맑고 진한 국물이 특징입니다. 간판 없는 소박한 분위기의 식당이며, 깔끔하고 담백한 맛의 평양냉면과 냉제육을 곁들인 곰탕이 인기 메뉴입니다. 여름비처럼 시원한 돼지공탕 하우는 기존 음식과는 다른 새로운 미식의 세계를 추구하며, 조용한 카운터석에서 편안하게 식사할 수 있는 곳입니다.",
  "metadata": {
    "budget_range": "중",
    "spicy_available": "O",
    "vegetarian_options": "X",
    "main_ingredients_list": [
      "어류",
      "기타",
      "육류"
    ],
    "low_level_category": "곰탕, 평양냉면",
    "suitable_for": [
      "조용한",
      "가족모임"
    ],
    "food_type_list": [
      "해산물류",
      "국물류",
      "면류",
      "고기류"
    ],
    "temperature_list": [
      "온",
      "냉"
    ],
    "high_level_category": "한식"
  }
}