{
  "id": 44795,
  "store_name": "도마유즈라멘",
  "llm_summary": "도마유즈라멘은 서울 종로구 재동에 위치한 라멘과 소고기구이 전문점으로, 홍대의 유명 고깃집 도마와 유즈라멘이 결합한 독특한 컨셉을 가지고 있습니다. 이곳은 해산물과 닭을 장시간 우려낸 깔끔한 육수에 유자 향이 더해진 라멘을 제공하며, 직접 제면한 얇은 면이 특징입니다. 숙성 소고기와 함께 그릴링하여 제공하며, 구수한 마약된장찌개도 함께 즐길 수 있어 특별한 맛 경험을 선사합니다. 메뉴로는 마약된장찌개, 유즈시오라멘, 유즈쇼유라멘, 매운유즈쇼유라멘, 유즈츠케멘, 한우육회츠케멘 등이 있으며, 가격대는 8,000원에서 29,000원 사이입니다. 매운유즈쇼유라멘은 매운맛을 제공하는 메뉴로, 온(따뜻한) 음식 위주로 구성되어 있습니다. 영업시간은 화요일부터 일요일까지 11:00~21:30이며, 월요일은 휴무입니다. 인스타그램 계정(@yuzu_ramen2)을 통해 소식을 확인할 수 있습니다. 전체적으로 깔끔하고 산뜻한 풍미의 일식 라멘과 숙성 소고기를 함께 즐길 수 있는 곳으로, 특별한 맛과 조합을 경험할 수 있습니다.",
  "rag_text": "홍대의 유명 고깃집 도마와 유즈라멘이 만난 라멘과 소고기구이 전문점으로, 해산물과 닭을 장시간 우려낸 깔끔한 라멘 육수에 유자 향이 산뜻함을 더합니다. 직접 제면한 얇은 면과 그릴링한 숙성 소고기가 어우러져 특별한 맛을 선사합니다. 깔끔하고 산뜻한 풍미가 특징이며, 한식과 일식 메뉴가 조화를 이루는 곳입니다.",
  "metadata": {
    "budget_range": "중",
    "spicy_available": "O",
    "vegetarian_options": "X",
    "main_ingredients_list": [
      "기타",
      "육류"
    ],
    "low_level_category": "라멘, 소고기구이",
    "suitable_for": [],
    "food_type_list": [
      "국물류",
      "면류"
    ],
    "temperature_list": [
      "온"
    ],
    "high_level_category": "일식"
  }
}