{
  "id": 44812,
  "store_name": "팥고당(명동본점)",
  "llm_summary": "팥고당(명동본점)은 서울 중구 명동길에 위치한 팥빵 전문점으로, 담백하고 고소한 맛의 팥빵을 다양하게 즐길 수 있는 곳입니다. 빵은 얇고 단팥이 가득 차 있어 팥 본연의 맛을 충실히 느낄 수 있으며, 옛날팥빵을 비롯해 견과팥빵, 크림치즈팥빵, 우유크림팥빵, 커스터드크림팥빵, 녹차크림팥빵, 흑임자크림팥빵, 소보로앙버터샌드, 앙버터팥빵 등 다양한 종류의 팥빵과 크림이 들어간 빵을 제공합니다. 또한 음료로 아메리카노와 카페라테를 함께 판매하며, 여름철에는 눈꽃팥빙수도 즐길 수 있습니다. 12년간 안정적인 F&B 운영 경험을 바탕으로 100% 국산 팥을 직접 끓여 달지 않고 건강한 맛을 구현하며, 당일 생산 당일 판매를 원칙으로 신선함을 유지합니다. 연중무휴로 오전 10시부터 오후 10시까지 영업하며, 고객 건강을 고려한 좋은 재료 사용과 정성스러운 제작으로 신메뉴도 꾸준히 선보이고 있습니다. 매장은 명동 중심가에 위치해 접근성이 좋으며, 공식 인스타그램과 홈페이지를 통해 소식을 접할 수 있습니다. 주류 반입은 불가하며, 분점은 없습니다.",
  "rag_text": "담백하고 고소한 맛의 팥빵 전문점으로, 얇은 빵과 가득 찬 단팥으로 순수하고 건강한 맛을 즐길 수 있습니다. 12년간의 안정적인 운영 경험과 100% 국산 팥 사용, 당일 생산 당일 판매 원칙을 지키며 다양한 크림팥빵과 전통 팥빵을 제공합니다. 신선한 재료와 정성으로 만든 건강한 디저트류를 중심으로 한 매장으로, 연중무휴 운영하며 고객 건강을 최우선으로 생각합니다.",
  "metadata": {
    "budget_range": "중",
    "spicy_available": "X",
    "vegetarian_options": "X",
    "main_ingredients_list": [
      "기타"
    ],
    "low_level_category": "팥빵",
    "suitable_for": [],
    "food_type_list": [
      "디저트류",
      "음료"
    ],
    "temperature_list": [
      "상",
      "기타",
      "냉"
    ],
    "high_level_category": "디저트류"
  }
}