{
  "id": 44869,
  "store_name": "장흥집(상암점)",
  "llm_summary": "장흥집(상암점)은 서울 마포구 상암동에 위치한 돼지고기구이 전문점으로, 레트로한 감성의 간판과 인테리어가 인상적인 냉동삼겹살집입니다. 도축 당일 급랭한 100% 국내산 프리미엄 암퇘지를 사용하며, 산지 직송 경북 청도 미나리와 함께 정갈하고 푸짐한 한상을 제공합니다. 고기 자체의 질이 뛰어나며, 미나리, 고사리, 장아찌 등 자극적이지 않은 채소와 반찬들이 고기의 느끼함을 잡아주어 질리지 않게 즐길 수 있습니다. 대표 메뉴로는 냉동삼겹살과 냉동꽃목살(각 160g, 15,000원), 미나리볶음밥(3,000원), 된장찌개(4,000원), 낙지젓갈, 어리굴젓 등 다양한 한식 메뉴가 있으며, 매콤한 메뉴와 비매운 메뉴가 모두 준비되어 있습니다. 연중 무휴로 저녁 시간에만 운영하며, 상암1공영주차장 이용이 가능합니다. 미나리볶음밥으로 식사를 마무리하는 것을 추천합니다.",
  "rag_text": "레트로 감성의 냉동삼겹살 전문 한식당으로, 고기의 질과 함께 산지 직송 신선한 미나리, 고사리, 장아찌 등 채소와 반찬의 조화가 뛰어납니다. 자극적이지 않은 맛으로 고기의 느끼함을 잡아주어 편안하고 질리지 않는 식사가 가능합니다. 한식 테마의 다양한 메뉴가 준비되어 있으며, 전통적인 맛과 정갈한 한상을 제공합니다.",
  "metadata": {
    "budget_range": "중",
    "spicy_available": "O",
    "vegetarian_options": "X",
    "main_ingredients_list": [
      "기타",
      "패류",
      "육류"
    ],
    "low_level_category": "돼지고기구이",
    "suitable_for": [],
    "food_type_list": [
      "밥류",
      "국물류",
      "기타",
      "면류",
      "고기류"
    ],
    "temperature_list": [
      "온",
      "상",
      "냉"
    ],
    "high_level_category": "한식"
  }
}