{
  "id": 44886,
  "store_name": "야키토리무제",
  "llm_summary": "야키토리무제는 서울 강서구 마곡동 발산w타워 114호에 위치한 야키토리 전문점으로, 2024년 5월 20일에 개업하였다. 이곳은 독특한 'ㄷ'자 모양의 테이블 구조를 갖추고 있으며, 중앙에서 직접 숯불로 닭고기 꼬치를 구워 제공하는 오마카세 형식과 단품 꼬치를 모두 즐길 수 있다. 모든 꼬치는 신선한 닭고기로 만들어져 잡내 없이 풍미가 깊으며, 육즙과 숯향이 뛰어나다. 메뉴는 후리소데, 다키미, 모모(각 3,500원), 츠쿠네(4,500원), 츠쿠네미즈타키(14,900원) 등 다양한 닭고기 꼬치류로 구성되어 있다. 영업시간은 월~토요일 18:00부터 다음날 24:00까지이며, 마지막 주문은 23:00, 매주 일요일은 휴무이다. 저녁에만 운영하며 카운터 석이 있는 아담한 공간으로, 정통 야키토리의 맛을 기대할 수 있다. 가격대는 3,500원에서 22,900원 사이로 합리적이며, 매장 인스타그램(@yakitori_muje)을 통해 추가 정보를 확인할 수 있다.",
  "rag_text": "야키토리 전문점으로, 직접 숯불에 구워내는 신선한 닭고기 꼬치를 오마카세 및 단품으로 즐길 수 있다. 독특한 'ㄷ'자 테이블 구조와 카운터 석이 있는 저녁 전용 식당으로, 정통 일식 야키토리의 깊은 풍미와 육즙, 숯향이 특징이다.",
  "metadata": {
    "budget_range": "저",
    "spicy_available": "X",
    "vegetarian_options": "X",
    "main_ingredients_list": [
      "조류",
      "육류"
    ],
    "low_level_category": "야키토리",
    "suitable_for": [],
    "food_type_list": [
      "고기류"
    ],
    "temperature_list": [
      "온"
    ],
    "high_level_category": "일식"
  }
}