{
  "id": 44890,
  "store_name": "독립밀방(청량리)",
  "llm_summary": "독립밀방(청량리)은 신라호텔에서 10년 이상의 경력을 쌓은 오너 셰프 이상훈이 한옥을 개조하여 오픈한 이탈리안 레스토랑입니다. 서울 동대문구 청량리역 롯데백화점 3층에 위치해 있으며, 서울 동북부 지역에서 가장 넓고 쾌적한 공간을 제공합니다. 대표 메뉴로는 촉촉한 부챗살스테이크와 바삭한 감자튀김이 함께 나오는 부챗살스테이크, 쫀득한 도우에 고소한 모차렐라 치즈와 수란, 은은한 불향의 잠봉 햄이 듬뿍 올려진 잠봉햄피자가 있습니다. 파스타, 피자, 스테이크 등 다양한 이탈리아식 양식을 맛볼 수 있으며, 메뉴는 부라타치즈샐러드, 베이컨도피누아즈크림파케리, 베이컨화이트라구리조토, 토마토소스해산물스파게티니, 수비드광어생면파스타, 콰트로포르마지피자 등으로 구성되어 있습니다. 연중무휴로 운영되며, 오전 11시부터 오후 10시까지 영업하고 마지막 주문은 20시 30분입니다. 독립밀방은 익선동 한옥거리에서 시작해 서울역사점과 청량리점까지 확장하며 서울의 역사적인 장소와 특별한 미식 경험을 제공하는 브랜드로 자리매김하고 있습니다.",
  "rag_text": "신라호텔 출신 셰프가 운영하는 한옥 개조 이탈리안 레스토랑으로, 파스타, 피자, 스테이크 등 다양한 양식 메뉴를 선보입니다. 부챗살스테이크와 잠봉햄피자가 대표 메뉴이며, 시간이 흐르는 향기와 비밀스러운 이야기를 담은 분위기의 공간입니다. 서울 동북부 청량리역 인근에 위치해 쾌적하고 넓은 매장에서 특별한 미식 경험을 제공합니다.",
  "metadata": {
    "budget_range": "중",
    "spicy_available": "X",
    "vegetarian_options": "X",
    "main_ingredients_list": [
      "기타",
      "육류",
      "패류",
      "어류"
    ],
    "low_level_category": "이탈리아식",
    "suitable_for": [
      "미식 경험",
      "데이트",
      "조용한",
      "가족모임"
    ],
    "food_type_list": [
      "기타",
      "면류",
      "밥류",
      "고기류"
    ],
    "temperature_list": [
      "상",
      "온"
    ],
    "high_level_category": "양식"
  }
}