{
  "id": 44920,
  "store_name": "장자방",
  "llm_summary": "장자방은 서울 노원구 공릉동 경동상가 1층에 위치한 중식당으로, 2022년 10월에 개업했습니다. 이곳은 주문 즉시 조리하는 방식으로 신선함을 유지하며, 단골손님이 많은 인기 맛집입니다. 대표 메뉴로는 불 향이 진하게 배어 얼큰한 짬뽕과 기본에 충실한 짜장면이 있으며, 국내산 돼지고기 등심과 48시간 숙성된 튀김옷으로 만든 탕수육이 바삭하면서도 촉촉한 식감으로 호평받고 있습니다. 메뉴는 탕수육(12,000원), 짜장면(7,000원), 짬뽕/짬뽕밥(10,000원), 런치세트(12,900원, 오전 11시30분~오후 2시30분 주문 가능), 유린기(15,900원, 4~9월 판매), 깐풍기(15,900원, 10~3월 판매), 마파두부(13,900원, 10~2월 판매), 해물볶음짜장(10,000원), 소고기짬뽕/굴짬뽕(12,000원), 짜장밥(9,000원) 등 다양합니다. 영업시간은 월~토요일 11:30~21:00이며, 15:00~17:00는 브레이크타임, 매주 일요일은 휴무입니다. 주차장은 암사골과 제일콩집 사이 주차장을 이용할 수 있고, 인스타그램(@jangjabang_official)도 운영 중입니다. 가격대는 7,000원에서 15,900원 사이로 합리적이며, 매운 메뉴도 일부 제공됩니다. 리뷰는 아직 등록되지 않았으나, 기본에 충실한 중식의 전통 맛과 신선한 재료 사용으로 좋은 평가를 기대할 수 있습니다.",
  "rag_text": "장자방은 주문 즉시 조리하는 신선한 중식당으로, 단골손님이 많은 곳입니다. 얼큰한 불 향이 배어 있는 짬뽕과 완성도 높은 짜장면, 국내산 돼지고기 등심과 48시간 숙성 튀김옷으로 만든 바삭촉촉한 탕수육이 인기 메뉴입니다. 중식 테마를 기반으로 하며, 전통적인 중식 요리를 충실히 제공하는 분위기의 식당입니다.",
  "metadata": {
    "budget_range": "중",
    "spicy_available": "O",
    "vegetarian_options": "O",
    "main_ingredients_list": [
      "육류",
      "기타",
      "조류",
      "패류"
    ],
    "low_level_category": "일반중식",
    "suitable_for": [],
    "food_type_list": [
      "기타",
      "면류",
      "밥류"
    ],
    "temperature_list": [
      "온",
      null
    ],
    "high_level_category": "중식"
  }
}