{
  "id": 45043,
  "store_name": "쩝스버거",
  "llm_summary": "쩝스버거는 서울 노원구 상계동에 위치한 수제버거 전문점으로, 직접 만든 소스와 신선한 재료를 사용하여 차별화된 버거를 제공합니다. 대표 메뉴인 핫불버거는 알싸한 대파퓨레와 매콤한 크림 불고기 소스가 어우러진 맛이 특징이며, 슈레드치즈가 듬뿍 들어간 더블패티 리치버거도 인기입니다. 모든 치즈버거(포치, 모찌, 리치버거)에는 마요네즈와 케찹 대신 생크림을 사용해 담백하고 진한 소스를 만들고, 100% 미국산 소고기로 만든 육즙 가득한 패티를 아침마다 신선하게 준비합니다. 치킨버거는 국내산 닭다리살, 새우버거는 100% 통새우 패티를 사용하며, 직접 만든 듀록 베이컨도 제공합니다. 캐나다 정통 음식인 푸-틴 프라이(감자튀김 위에 모짜렐라와 슈레드 치즈, 쩝스버거만의 그레이비 소스가 올라간 메뉴)와 매콤달콤한 칠리프라이도 즐길 수 있습니다. 영업시간은 월~토 11:30~21:00(브레이크타임 15:00~16:30), 일요일 휴무이며, 2023년 5월 11일에 개업했습니다. 다양한 버거와 독창적인 사이드 메뉴를 경험하고 싶은 분들에게 추천하는 가게입니다.",
  "rag_text": "노원구 상계동에 위치한 수제버거 전문점으로, 직접 만든 소스와 패티, 베이컨을 사용하여 차별화된 수제버거를 제공합니다. 시그니처 메뉴인 핫불버거는 알싸한 대파퓨레와 매콤한 크림 불고기 소스가 어우러져 독특하며, 리치버거는 슈레드치즈가 듬뿍 들어간 더블패티 버거입니다. 모든 치즈버거에는 마요네즈와 케찹 대신 생크림 소스를 사용해 담백하고 진한 맛을 자랑합니다. 100% 미국산 소고기 패티, 국내산 닭다리살 치킨버거, 100% 통새우 패티 새우버거, 직접 만든 듀록 베이컨 등 신선한 재료와 수제 방식으로 만든 메뉴들이 특징입니다. 캐나다 정통 음식인 푸-틴 프라이를 한국인 입맛에 맞게 재해석하여 제공하며, 매콤달콤한 칠리프라이도 준비되어 있습니다. 양식 테마의 다양한 온기 메뉴를 즐길 수 있는 곳입니다.",
  "metadata": {
    "budget_range": "중",
    "spicy_available": "X",
    "vegetarian_options": "X",
    "main_ingredients_list": [
      "기타",
      "육류"
    ],
    "low_level_category": "햄버거",
    "suitable_for": [
      "수제버거",
      "신선한재료",
      "독특한소스",
      "가성비",
      "캐주얼",
      "가족모임",
      "친구모임"
    ],
    "food_type_list": [
      "기타"
    ],
    "temperature_list": [
      "온"
    ],
    "high_level_category": "양식"
  }
}