{
  "id": 45096,
  "store_name": "호시우보",
  "llm_summary": "호시우보는 서울 영등포구 여의도동 TP Tower 2층에 위치한 소고기구이 전문 한식당입니다. 이곳은 질 좋은 한우와 정갈한 반찬을 함께 즐길 수 있으며, 런치세트와 모둠 메뉴 등 다양한 한우 부위를 맛볼 수 있는 메뉴가 준비되어 있습니다. 대표 메뉴로는 호시모둠, 우보모둠, 한우등심, 한우설화안심, 호시우보런치스페셜, 당일엄선특수부위 등이 있으며, 가격대는 49,000원에서 83,000원 사이입니다. 매장은 많은 좌석이 룸으로 구성되어 있어 가족 모임, 회식, 데이트 등 다양한 모임에 적합한 프라이빗한 분위기를 제공합니다. 영업시간은 월~금요일 11:00~22:00(브레이크타임 14:00~17:00), 토~일요일 12:00~21:30이며 연중 무휴입니다. 2024년 11월 개업한 신생 맛집으로, 인테리어와 전망이 좋고 프라이빗룸이 마련되어 있어 조용하고 편안한 식사가 가능합니다. 현재 블루리본 선정이나 서울 2025 선정은 되어 있지 않으며, 맵지 않은 고기류 위주의 메뉴로 구성되어 있습니다.",
  "rag_text": "호시우보는 질 좋은 한우와 정갈한 반찬을 제공하는 한식 소고기구이 전문점으로, 런치세트와 다양한 모둠 메뉴를 통해 고급 한우 부위를 맛볼 수 있습니다. 인테리어가 좋고 전망이 뛰어나며, 다수의 프라이빗룸을 갖추어 가족 모임, 회식, 데이트 등 다양한 사적인 모임에 적합한 조용하고 편안한 분위기를 자랑합니다. 고기 중심의 한식 메뉴로 구성되어 있으며, 맵지 않은 요리가 주를 이룹니다.",
  "metadata": {
    "budget_range": "중",
    "spicy_available": "X",
    "vegetarian_options": "X",
    "main_ingredients_list": [
      "육류"
    ],
    "low_level_category": "소고기구이",
    "suitable_for": [
      "가족모임",
      "회식",
      "데이트",
      "조용한"
    ],
    "food_type_list": [
      "고기류"
    ],
    "temperature_list": [
      "온"
    ],
    "high_level_category": "한식"
  }
}