{
  "id": 45110,
  "store_name": "카페우디",
  "llm_summary": "카페우디는 서울 용산구 이촌동에 위치한 베이커리 카페로, 나무 테이블과 우디한 인테리어가 인상적입니다. 옆 건물에 별도의 베이커리 공간에서 직접 구운 빵을 판매하며, 특히 올리브가 풍부하게 들어가 씹는 맛이 뛰어난 올리브치아바타가 가장 인기 있는 메뉴입니다. 메뉴는 아메리카노, 카페라테, 바닐라라테, 우디시그니처라테 등 다양한 음료와 크림치즈번, 플레인치아바타, 우유식빵, 호두호밀식빵 등 디저트류 빵을 합리적인 가격대(₩3,500 ~ ₩5,500)로 제공합니다. 매장은 연중무휴로 운영되며, 평일 오전 8시 30분부터 오후 8시까지, 주말 오전 9시부터 오후 6시까지 영업합니다. 매장 앞에 주차 공간 1대가 가능하며, 인스타그램과 공식 홈페이지를 통해 소통합니다. 전반적으로 편안하고 자연적인 분위기에서 신선한 베이커리와 커피를 즐길 수 있는 곳입니다.",
  "rag_text": "나무 테이블과 소품이 어우러진 우디한 인테리어가 돋보이는 베이커리 카페로, 옆 건물 베이커리 공간에서 직접 구운 신선한 빵을 판매합니다. 올리브치아바타가 대표 메뉴이며, 다양한 디저트류와 음료를 제공하는 편안하고 자연스러운 분위기의 공간입니다.",
  "metadata": {
    "budget_range": "중",
    "spicy_available": "X",
    "vegetarian_options": "X",
    "main_ingredients_list": [
      "기타"
    ],
    "low_level_category": "베이커리",
    "suitable_for": [],
    "food_type_list": [
      "음료",
      "디저트류"
    ],
    "temperature_list": [
      "기타"
    ],
    "high_level_category": "디저트류"
  }
}