{
  "id": 45215,
  "store_name": "미스터찜",
  "llm_summary": "미스터찜은 서울 금천구 가산동 우림라이온스밸리 A동 2층에 위치한 해물찜 전문점으로, 각종 해산물이 풍부하게 들어간 해물찜을 주 메뉴로 제공합니다. 해물찜의 맵기는 보통맛, 매운맛, 아주 매운맛으로 조절할 수 있어 매콤한 맛을 선호하는 고객의 입맛에 맞출 수 있습니다. 메뉴는 바지락탕, 매운갈비찜, 커플순살아귀찜, 낙지찜(소, 중, 대), 송아지갈비찜, 산낙지연포탕/산낙지전골 등 다양하며, 가격대는 13,000원에서 91,000원까지 폭넓게 형성되어 있습니다. 특히 낙지찜은 사이즈별로 선택 가능하며, 매운 메뉴와 비매운 메뉴가 혼재해 다양한 취향을 만족시킵니다. 영업시간은 월~금 11:00~22:00이며, 15:00~17:00까지 브레이크타임이 있고, 토요일과 일요일은 휴무입니다. 넉넉한 양과 매콤한 맛으로 인해 대기 시간이 자주 발생하는 인기 맛집입니다. 가게는 해물찜을 중심으로 한 한식 전문점이며, 웨이팅이 있을 정도로 방문객이 많습니다. 아직 독자 리뷰는 등록되어 있지 않으나, 블루리본 Pick으로 소개되어 있습니다.",
  "rag_text": "미스터찜은 각종 해산물이 알차게 들어간 해물찜을 메인으로 하는 한식 전문점으로, 해물찜의 맵기를 보통맛, 매운맛, 아주 매운맛으로 조절할 수 있습니다. 넉넉한 양과 매콤한 맛이 특징이며, 웨이팅이 자주 생기는 인기 맛집입니다. 분위기는 활기차고 편안하며, 가족 모임이나 친구들과의 식사에 적합한 캐주얼한 한식 해물찜 전문점입니다.",
  "metadata": {
    "budget_range": "중",
    "spicy_available": "O",
    "vegetarian_options": "X",
    "main_ingredients_list": [
      "패류",
      "육류",
      "어류"
    ],
    "low_level_category": "해물찜",
    "suitable_for": [
      "가족모임",
      "친구모임",
      "캐주얼"
    ],
    "food_type_list": [
      "국물류",
      "고기류",
      "해산물류"
    ],
    "temperature_list": [
      "온"
    ],
    "high_level_category": "한식"
  }
}