{
  "id": 45239,
  "store_name": "코스믹서울",
  "llm_summary": "코스믹서울은 서울 서초구 법원로2길에 위치한 로스터리 카페 겸 바로, 직접 로스팅한 두 가지 원두로 내린 커피를 비롯해 하이볼, 맥주, 칵테일까지 즐길 수 있는 감성 공간입니다. 대표 메뉴인 코스믹판단라테는 판단잎의 달콤하면서 고소한 향과 부드러운 단맛이 조화를 이루며, 아담한 바 테이블이 아지트 같은 분위기를 자아냅니다. 메뉴는 코스믹오렌지라테, 발로나초코마들렌, 얼그레이마들렌, 황치즈마들렌, 바닐라크림라테, 코스믹초코무스, 버터스카치라테, 아메리카노 등 음료와 디저트류가 다양하게 준비되어 있으며, 가격대는 3,200원부터 8,000원 사이입니다. 서초역과 교대역 사이에 위치해 커피와 라떼 맛집으로 인기가 높으며, 바쁜 일상 속 잠시 머무를 수 있는 작은 우주 같은 공간으로서 감성 카페와 디저트 맛집을 찾는 이들에게 추천됩니다. 영업시간은 월~금 08:00~18:00, 토요일 11:00~18:00이며, 일요일은 휴무입니다.",
  "rag_text": "직접 로스팅한 두 가지 원두로 내린 커피와 다양한 칵테일을 즐길 수 있는 로스터리 카페 겸 바입니다. 판단잎의 달콤하고 고소한 향과 부드러운 단맛이 어우러진 코스믹판단라테가 대표 메뉴이며, 아담한 바 테이블이 인상적인 아지트 같은 감성 공간입니다. 커피 맛집과 라떼 맛집으로 서초역과 교대역 사이에서 인기가 높고, 감성 카페 및 디저트 맛집으로서 바쁜 일상 속 잠시의 여유를 제공하는 작은 우주 같은 공간입니다.",
  "metadata": {
    "budget_range": "중",
    "spicy_available": "X",
    "vegetarian_options": "X",
    "main_ingredients_list": [
      "기타"
    ],
    "low_level_category": "카페",
    "suitable_for": [
      "감성카페",
      "디저트맛집",
      "작은아지트",
      "잠깐의여유"
    ],
    "food_type_list": [
      "음료",
      "디저트류",
      "기타"
    ],
    "temperature_list": [
      "기타",
      "상"
    ],
    "high_level_category": "기타"
  }
}