{
  "id": 45278,
  "store_name": "갈비명가",
  "llm_summary": "갈비명가는 서울특별시 구로구 가마산로 260에 위치한 돼지갈비와 버섯불고기전골이 인기인 한식 고깃집입니다. 버섯불고기전골은 육수와 불고기를 따로 제공하여, 육수에 고기를 넣어 끓여 먹는 방식이며, 단짠의 조화가 좋은 갈비와 냉면 조합을 추천합니다. 밑반찬은 날마다 조금씩 달라져 신선함을 더합니다. 메뉴는 우거지탕, 차돌된장찌개, 명가육개장, 영양갈비탕 등 다양한 국물류와 생삼겹살, 하이포크돼지갈비, 돼지왕갈비, 소왕갈비, 한우생등심 등 고기류가 있으며, 가격대는 8,000원부터 37,000원까지 다양합니다. 연중무휴로 운영되며, 매일 오전 11시부터 오후 10시까지 영업합니다. 매운 메뉴도 일부 있어 다양한 입맛을 만족시킵니다. 현재 독자 리뷰는 등록되어 있지 않으나, 방문객들이 평가할 수 있는 시스템이 마련되어 있습니다.",
  "rag_text": "돼지갈비와 버섯불고기전골이 인기 있는 한식 고깃집으로, 단짠의 조화가 좋은 갈비와 냉면 조합을 추천합니다. 날마다 조금씩 달라지는 밑반찬이 특징이며, 다양한 한식 테마의 메뉴를 제공합니다. 아늑하고 편안한 분위기에서 즐길 수 있는 고기 전문점입니다.",
  "metadata": {
    "budget_range": "중",
    "spicy_available": "O",
    "vegetarian_options": "X",
    "main_ingredients_list": [
      "육류"
    ],
    "low_level_category": "돼지갈비, 돼지갈비찜",
    "suitable_for": [],
    "food_type_list": [
      "국물류",
      "고기류"
    ],
    "temperature_list": [
      "온"
    ],
    "high_level_category": "한식"
  }
}