{
  "id": 45346,
  "store_name": "한반도",
  "llm_summary": "한반도는 서울특별시 성북구 안암동5가에 위치한 돼지고기구이 전문 고깃집입니다. 질 좋은 삼겹살, 목살, 반반(삼겹살+목살), 껍데기 등 다양한 돼지고기 메뉴를 직원이 직접 고소하게 구워 제공하며, 공기밥 주문 시 고봉밥으로 푸짐한 인심을 보여줍니다. 메뉴는 김치말이국수, 김치찌개 같은 한식 면류와 국물류부터 고기류까지 다양하게 준비되어 있으며, 가격대는 4,000원부터 37,000원까지로 중고가 편입니다. 매장은 연중무휴로 저녁 17시부터 다음날 24시까지 운영하며, 분위기는 편안하고 푸짐한 인심이 느껴지는 곳입니다. 현재 레드리본이나 서울 2025 선정은 되어 있지 않으며, 독자 리뷰는 아직 등록되지 않았습니다. 고기는 직원이 직접 구워주어 편리하며, 전통적인 한식 고기구이의 맛과 분위기를 즐길 수 있습니다.",
  "rag_text": "한반도는 질 좋은 고기를 푸짐하게 제공하는 한식 돼지고기구이 전문점으로, 삼겹살, 목살, 반반, 껍데기 메뉴를 직원이 직접 고소하게 구워줍니다. 푸짐한 인심과 전통적인 한식 고기구이 분위기가 돋보이며, 연중무휴 저녁 영업으로 편안하고 친근한 분위기를 자랑합니다.",
  "metadata": {
    "budget_range": "중",
    "spicy_available": "X",
    "vegetarian_options": "X",
    "main_ingredients_list": [
      "기타",
      "고",
      "육류"
    ],
    "low_level_category": "돼지고기구이",
    "suitable_for": [],
    "food_type_list": [
      "면류",
      "국물류",
      "고기류"
    ],
    "temperature_list": [
      "상",
      "온"
    ],
    "high_level_category": "한식"
  }
}