{
  "id": 45595,
  "store_name": "온기",
  "llm_summary": "온기는 서울 성북구 동선동3가에 위치한 구움과자 전문점으로, 마들렌과 피낭시에를 비롯해 다양한 구움과자를 선보이고 있습니다. 모든 구움과자는 단맛이 강하지 않으며, 버터의 향긋한 풍미가 잘 살아 있는 것이 특징입니다. 특히 카늘레는 겉은 바삭하고 속은 부드러운 식감으로 인기가 높습니다. 메뉴는 카늘레, 스모어, 카라멜쇼콜라, 레몬민트, 피스타치오, 슈톨렌, 바나나, 츄러스, 고르곤졸라, 코코넛 등 다양한 디저트류로 구성되어 있으며, 가격대는 2,800원에서 3,400원 사이입니다. 온기는 월요일부터 금요일까지 오후 12시부터 19시까지 운영하며, 주말은 휴무입니다. 2023년 12월 4일에 개업하였고, 인스타그램(@bake_ongi)에서 소식을 확인할 수 있습니다. 방문객 리뷰는 아직 등록되어 있지 않습니다.",
  "rag_text": "구움과자 전문점으로, 다양한 마들렌과 피낭시에 등 단맛이 강하지 않고 버터 향이 풍부한 디저트를 제공합니다. 카늘레는 바삭하고 부드러운 식감을 자랑하며, 전체적으로 고급스럽고 정성스러운 디저트류를 중심으로 한 분위기입니다.",
  "metadata": {
    "budget_range": "중",
    "spicy_available": "X",
    "vegetarian_options": "X",
    "main_ingredients_list": [
      "기타"
    ],
    "low_level_category": "구움과자",
    "suitable_for": [],
    "food_type_list": [
      "디저트류"
    ],
    "temperature_list": [
      "기타"
    ],
    "high_level_category": "디저트류"
  }
}