{
  "id": 45628,
  "store_name": "온초점",
  "llm_summary": "온초점은 서울 금천구 독산동에 위치한 디저트 전문 카페로, 초콜릿과 다양한 디저트를 맛볼 수 있는 곳입니다. 직접 만든 두바이 초콜릿과 스모어 브라우니가 선물용으로 인기가 있으며, 쑥과 인절미 크림으로 만든 쑥인절미가토와 달콤한 보늬밤 티라미수도 추천 메뉴입니다. 커피와 다양한 음료 메뉴도 함께 즐길 수 있으며, 아메리카노, 카페라테, 바닐라라테, 너티크림라테, 바닐라빈크림라테 등 여러 종류의 음료가 준비되어 있습니다. 디저트류로는 에그바게트, 애플크럼블, 퍼지브라우니 등도 판매합니다. 온초점은 음식의 맛, 매장 분위기, 서비스, 친절 등 모든 부분에 집중하여 최고로 대접하겠다는 다짐으로 영업 중이며, 연중무휴로 오전 10시부터 오후 10시까지 운영합니다. 2019년 3월 20일 개업하였고, 공식 인스타그램 계정도 운영 중입니다. 가격대는 3,500원부터 9,500원 사이로 합리적인 편이며, 매장 위치는 서울특별시 금천구 남부순환로124길 17입니다.",
  "rag_text": "온초점은 초콜릿과 다양한 디저트를 제공하는 디저트 전문 카페로, 직접 만든 두바이초콜릿과 스모어브라우니, 쑥인절미가토, 보늬밤티라미수 등 독특하고 달콤한 디저트를 즐길 수 있습니다. 커피와 음료도 함께 제공하며, 음식의 맛과 매장 분위기, 서비스, 친절에 모두 집중하여 최고의 경험을 제공하는 곳입니다. 편안하고 친근한 분위기에서 디저트를 즐기기에 적합한 카페입니다.",
  "metadata": {
    "budget_range": "중",
    "spicy_available": "X",
    "vegetarian_options": "X",
    "main_ingredients_list": [
      "기타"
    ],
    "low_level_category": "디저트전문점",
    "suitable_for": [
      "디저트",
      "카페",
      "친절",
      "편안한 분위기"
    ],
    "food_type_list": [
      "음료",
      "디저트류"
    ],
    "temperature_list": [
      "기타",
      "상"
    ],
    "high_level_category": "디저트류"
  }
}