{
  "id": 45829,
  "store_name": "해품장팔팔장어(도곡점)",
  "llm_summary": "해품장팔팔장어(도곡점)은 서울 강남구 도곡동에 위치한 장어 전문점으로, 특허 받은 기술을 통해 냄새와 연기를 아래로 빨아들여 쾌적한 환경에서 장어를 즐길 수 있습니다. 국내산 자포니카 장어를 숯불에 구워 제공하며, 장어구이뿐만 아니라 장어탕과 양갈비도 메뉴에 포함되어 있습니다. 주요 메뉴로는 누룽지, 된장찌개, 잔치국수, 장어탕 등이 있으며, 가격대는 4,000원에서 84,000원 사이로 다양합니다. 연중무휴로 운영되며, 월요일부터 일요일까지 11:30부터 22:00까지 영업합니다. 맛집 리스트와 지도 기능을 제공하는 블루리본 사이트에 등록되어 있으나, 레드리본이나 서울 2025 선정은 되어 있지 않습니다. 고객 리뷰는 아직 등록되지 않았습니다.",
  "rag_text": "장어 전문점 해품장팔팔장어(도곡점)는 특허 받은 냄새와 연기 저감 기술로 쾌적한 환경을 제공하며, 국내산 자포니카 장어를 숯불에 구워 내는 한식 장어구이 전문점입니다. 메뉴는 한식 테마로 국물류, 면류, 기타 요리를 포함하며, 전통적인 맛과 신선한 재료를 강조합니다. 연중무휴로 운영되며 가족 모임과 편안한 식사에 적합한 분위기를 갖추고 있습니다.",
  "metadata": {
    "budget_range": "중",
    "spicy_available": "X",
    "vegetarian_options": "X",
    "main_ingredients_list": [
      "기타",
      "어류"
    ],
    "low_level_category": "장어",
    "suitable_for": [
      "가족모임",
      "편안한",
      "전통적"
    ],
    "food_type_list": [
      "기타",
      "국물류",
      "면류"
    ],
    "temperature_list": [
      "상",
      "온"
    ],
    "high_level_category": "한식"
  }
}