{
  "id": 46182,
  "store_name": "부산삼정",
  "llm_summary": "부산삼정은 서울 강남구 역삼동에 위치한 소불고기 전문 고깃집으로, 신선하고 부드러운 소불고기를 단일 메뉴로 제공합니다. 대표 메뉴는 1인분에 27,000원인 등심소불고기이며, 한식 테마의 고기류로 맵지 않은 온 메뉴입니다. 식사 시 밑반찬과 공깃밥은 무한리필로 제공되어 푸짐한 식사가 가능합니다. 매장은 연중무휴로 오전 10시부터 오후 10시까지 운영하며, 깔끔하고 편안한 분위기에서 소불고기를 즐길 수 있습니다. 블루리본 선정이나 서울 2025 선정은 되어 있지 않으나, 부드러운 소불고기와 신선한 채소의 조합으로 소불고기 전문점으로서의 정체성을 확실히 보여주고 있습니다. 방문객 리뷰는 아직 등록되지 않았으며, 가격과 메뉴, 영업시간 등은 변동 가능성이 있습니다.",
  "rag_text": "불고기가 유명한 한식 소불고기 전문점으로, 부드러운 소불고기와 신선한 채소가 조화를 이루며, 밑반찬과 공깃밥을 무한리필로 제공하는 푸짐한 식사가 특징입니다. 조용하고 편안한 분위기에서 한식 고기류를 즐길 수 있는 고깃집입니다.",
  "metadata": {
    "budget_range": "고",
    "spicy_available": "X",
    "vegetarian_options": "X",
    "main_ingredients_list": [
      "육류"
    ],
    "low_level_category": "소불고기",
    "suitable_for": [],
    "food_type_list": [
      "고기류"
    ],
    "temperature_list": [
      "온"
    ],
    "high_level_category": "한식"
  }
}