{
  "id": 46244,
  "store_name": "호미정",
  "llm_summary": "호미정은 서울 송파구 문정역테라타워 1차 1층에 위치한 돼지고기구이와 소고기구이 전문점입니다. 이곳은 삼겹살, 목살, 항정살, 꼬들살, 생갈비 등 다양한 고기 메뉴를 제공하며, 특히 통항정살이 인기가 많습니다. 고기는 직원이 직접 구워주어 편리함을 더합니다. 식사 메뉴로는 고기와 호박, 감자가 풍부하게 들어간 고추장찌개가 추천되며, 돼지고기와 고추장찌개를 함께 즐길 수 있는 것이 특징입니다. 메뉴 가격대는 15,000원부터 39,000원까지 다양하며, 대표 메뉴로는 삼겹살(17,000원), 통항정살(18,000원), 한우채끝(39,000원), 한우차돌박이(25,000원), 소갈빗살(19,000원), 유쾌한육회(19,000원), 목살(16,000원), 꼬들살(15,000원), 진꽃살(29,000원) 등이 있습니다. 영업시간은 월~금 11:00~22:00(브레이크타임 14:00~17:00, 마지막 주문 21:30), 토요일 16:00~21:00(마지막 주문 20:30), 일요일 휴무입니다. 고기류 중심의 한식 메뉴를 제공하며, 고기는 모두 온열 상태로 제공되고 맵지 않은 메뉴들로 구성되어 있습니다. 현재까지 등록된 독자 리뷰는 없으나, 전통적인 한식 고기구이 전문점으로서 편안한 식사 경험을 제공합니다.",
  "rag_text": "호미정은 돼지고기와 고추장찌개를 함께 즐길 수 있는 한식 고기구이 전문점입니다. 삼겹살, 목살, 항정살, 꼬들살, 생갈비 등 다양한 고기 메뉴가 준비되어 있으며, 특히 통항정살이 인기입니다. 고기는 직접 구워주며, 식사 메뉴로는 고기와 호박, 감자가 실하게 들어간 고추장찌개를 추천합니다. 전통적인 한식 테마로, 편안하고 정통적인 분위기에서 고품질의 돼지고기와 소고기를 맛볼 수 있는 곳입니다.",
  "metadata": {
    "budget_range": "중",
    "spicy_available": "X",
    "vegetarian_options": "X",
    "main_ingredients_list": [
      "육류",
      "기타"
    ],
    "low_level_category": "돼지고기구이, 소고기구이",
    "suitable_for": [],
    "food_type_list": [
      "고기류",
      "기타"
    ],
    "temperature_list": [
      "온",
      "생"
    ],
    "high_level_category": "한식"
  }
}