{
  "id": 46252,
  "store_name": "함경도찹쌀순대",
  "llm_summary": "함경도찹쌀순대는 서울 송파구 가락동 올림피아오피스텔에 위치한 순댓국 전문 한식당입니다. 명인이 만든 수육과 얼큰한 순댓국이 대표 메뉴이며, 수육은 초장에 무친 새콤한 양파무침과 함께 제공됩니다. 찹쌀 순대, 머릿고기, 내장이 듬뿍 들어간 순댓국은 들깻가루와 다진 양념이 어우러져 얼큰한 맛을 자랑합니다. 메뉴는 순댓국, 순대(소/대), 정식, 수육, 술국, 모둠 등으로 구성되어 있으며, 가격대는 11,000원부터 24,000원까지 다양합니다. 술국은 매운맛이 가미된 메뉴입니다. 24시간 영업하며 명절 연휴에 휴무합니다. 고기류와 국물류 중심의 전통 한식 메뉴를 제공하며, 방문객들은 조용한 분위기에서 전통적인 맛을 즐길 수 있습니다. 블루리본 Pick에도 선정된 맛집으로, 독자 리뷰는 아직 등록되지 않았습니다.",
  "rag_text": "명인이 만든 수육과 얼큰한 순댓국을 제공하는 전통 한식당으로, 찹쌀 순대와 머릿고기, 내장이 듬뿍 들어간 국물이 특징입니다. 한식 테마의 고기류와 국물류 중심 메뉴로 구성되어 있으며, 전통적인 맛과 깔끔한 조리법이 돋보입니다. 조용하고 편안한 분위기에서 가족 모임이나 소규모 식사에 적합한 곳입니다.",
  "metadata": {
    "budget_range": "중",
    "spicy_available": "O",
    "vegetarian_options": "X",
    "main_ingredients_list": [
      "육류",
      "기타"
    ],
    "low_level_category": "순댓국",
    "suitable_for": [
      "가족모임",
      "조용한"
    ],
    "food_type_list": [
      "국물류",
      "고기류",
      "기타"
    ],
    "temperature_list": [
      "온"
    ],
    "high_level_category": "한식"
  }
}