{
  "id": 46340,
  "store_name": "신촌관",
  "llm_summary": "신촌관은 서울 서대문구 창천동에 위치한 3층 규모의 한식주점으로, 대학생들의 단골 술집이자 단체 모임에 적합한 공간입니다. 이곳은 낮은 가격대에 비해 푸짐한 양을 자랑하며, 대표 메뉴로는 로제함박, 로제파스타, 매콤소고기전골이 있습니다. 메뉴는 주로 양식 테마의 고기류, 국물류, 면류 등으로 구성되어 있으며, 차돌숙주볶음, 삼겹살한판, 신촌관로제햄버그, 사천탕수육, 왕돈가스로제파스타, 순살치킨로제파스타, 삼겹살묵은지짜글이, 매콤소고기전골, 얼큰국물보쌈 등이 있습니다. 매콤소고기전골은 매운 맛이 있으며, 전반적으로 온메뉴로 제공됩니다. 신촌관은 17:00부터 다음날 05:00까지 연중무휴 운영하며, 대학생과 단체 손님을 중심으로 가성비 좋은 술집으로 평가받고 있습니다. 현재 블루리본 레드리본, 서울 2025 선정에는 포함되지 않았으며, 별도의 라벨은 없습니다. 주소는 서울특별시 서대문구 연세로7안길 10-4 (창천동)이며, 자세한 정보는 공식 웹사이트에서 확인할 수 있습니다.",
  "rag_text": "대학생들의 단골 술집으로, 단체 모임에 좋은 3층 규모의 한식주점입니다. 양식 테마의 다양한 고기류와 국물류, 면류 메뉴를 제공하며, 로제함박과 로제파스타, 매콤소고기전골이 추천 메뉴입니다. 가성비가 좋고 푸짐한 양을 자랑합니다. 편안하고 활기찬 분위기로 단체 모임에 적합한 요리 주점입니다.",
  "metadata": {
    "budget_range": "중",
    "spicy_available": "O",
    "vegetarian_options": "X",
    "main_ingredients_list": [
      "육류",
      "조류",
      "기타"
    ],
    "low_level_category": "한식주점",
    "suitable_for": [
      "단체 모임",
      "가성비",
      "대학생"
    ],
    "food_type_list": [
      "고기류",
      "국물류",
      "면류"
    ],
    "temperature_list": [
      "온"
    ],
    "high_level_category": "한식"
  }
}