{
  "id": 46356,
  "store_name": "한맥호프",
  "llm_summary": "한맥호프는 서울 중구 충무로3가에 위치한 호프집으로, 옛날 치킨과 맥주를 즐길 수 있는 전통적인 분위기의 한식 호프집입니다. 대표 메뉴로는 치킨, 돈가스, 감자튀김, 쥐포, 오징어, 각종 과일이 함께 나오는 '아무거나' 메뉴가 있으며, 이 메뉴는 다양한 안주를 한 번에 즐길 수 있어 안주 선택에 고민이 있을 때 추천됩니다. 메뉴 구성은 어묵탕, 골뱅이, 닭모래집튀김, 닭발볶음, 오징어튀김, 프라이드치킨, 양념치킨, 치킨골뱅이, 과일치킨, 한맥스페셜 등 다양하며, 가격대는 15,000원에서 45,000원 사이입니다. 매장은 월요일부터 일요일까지 오후 3시부터 다음날 새벽 3시까지 운영하며, 연중 무휴입니다. 전반적으로 전통적인 한식 안주와 치킨을 중심으로 한 호프집으로, 편안하게 맥주 한잔하며 다양한 안주를 즐기기에 적합한 곳입니다. 독자 리뷰는 아직 등록되어 있지 않습니다.",
  "rag_text": "옛날 치킨과 맥주를 즐길 수 있는 전통적인 한식 호프집으로, 다양한 한식 안주가 알차게 구성되어 있습니다. 대표 메뉴인 '아무거나'는 치킨, 돈가스, 감자튀김, 쥐포, 오징어, 각종 과일이 함께 나오는 구성으로, 안주 선택에 고민이 있을 때 추천됩니다. 편안하고 친근한 분위기의 호프집이며, 전통적인 맛과 구성이 돋보이는 곳입니다.",
  "metadata": {
    "budget_range": "중",
    "spicy_available": "O",
    "vegetarian_options": "X",
    "main_ingredients_list": [
      "어류",
      "패류",
      "조류"
    ],
    "low_level_category": "호프",
    "suitable_for": [],
    "food_type_list": [
      "국물류",
      "해산물류",
      "고기류"
    ],
    "temperature_list": [
      "온",
      null
    ],
    "high_level_category": "한식"
  }
}