{
  "id": 46585,
  "store_name": "제주옥탑블랙BBQ",
  "llm_summary": "제주옥탑블랙BBQ는 서울 강남구 신사동에 위치한 돼지고기구이 전문점으로, 깊은 산속의 산장이나 동굴을 연상시키는 이색적인 분위기에서 제주산 흑돼지를 부위별로 즐길 수 있습니다. 대표 메뉴인 시그니처 블랙BBQ는 제주산 흑돼지 부위를 코스 요리로 제공하며, 이 외에도 제주흑돼지 숄더랙, 본삼겹, 본생갈비, 삼겹살, 꽃목살, 특수부위 등 다양한 부위별 흑돼지 고기를 맛볼 수 있습니다. 또한 제주한우 1++ 꽃등심과 제주 한우육회 샐러드도 준비되어 있어 고기 애호가들에게 다양한 선택지를 제공합니다. 이곳은 고기와 숯의 조화, 각 부위가 가진 고유의 맛을 살리는 데 집중하며, 단순한 식사가 아닌 독창적인 이야기와 특별한 경험을 선사합니다. 런치 타임에는 예약 손님에 한해 블랙BBQ 및 고기 단품류 주문이 가능하니 방문 전 확인이 필요합니다. 운영 시간은 매일 오전 11시부터 다음날 새벽 2시까지이며, 15시부터 16시까지 브레이크 타임이 있습니다. 발레파킹 서비스를 제공하며, 인스타그램을 통해 소식을 접할 수 있습니다. 가격대는 19,000원부터 68,000원 사이로 구성되어 있습니다.",
  "rag_text": "깊은 산속의 산장이나 동굴을 연상시키는 이색적인 분위기에서 제주산 흑돼지를 부위별로 즐길 수 있는 한식 돼지고기구이 전문점입니다. 고기와 숯의 조화, 각 부위가 지닌 고유의 맛을 살리며 독창적인 이야기와 특별한 경험을 제공합니다. 편안하고 특별한 공간에서 제주옥탑만의 스토리를 경험할 수 있습니다.",
  "metadata": {
    "budget_range": "중",
    "spicy_available": "X",
    "vegetarian_options": "X",
    "main_ingredients_list": [
      "육류"
    ],
    "low_level_category": "돼지고기구이",
    "suitable_for": [
      "특별한 경험",
      "편안한 분위기",
      "고기 애호가",
      "예약 추천"
    ],
    "food_type_list": [
      "고기류",
      "디저트류"
    ],
    "temperature_list": [
      "온",
      "생"
    ],
    "high_level_category": "한식"
  }
}