{
  "id": 46593,
  "store_name": "후타리(본점)",
  "llm_summary": "후타리(본점)은 서울 광진구 중곡동에 위치한 이자카야로, 뜨끈한 나베와 함께 사케를 즐길 수 있는 곳입니다. 대표 메뉴로는 미소모츠나베, 한우스키야키가 있으며, 매콤한 크림 소스에 반숙 달걀프라이가 올라간 매콤크림파스타도 인기가 많습니다. 메뉴는 허니버터고구마스틱, 우삼겹떡볶이, 메콤크림파스타, 간사이오뎅나베, 차돌탄탄나베, 미소모츠나베, 매운지옥나베, 아카지고쿠나베, 스키야키 등 다양하며, 가격대는 10,000원에서 29,000원 사이입니다. 매운 메뉴도 포함되어 있어 매운맛을 선호하는 고객도 만족할 수 있습니다. 가게는 월요일부터 일요일까지 오후 5시부터 다음날 새벽 3시까지 연중무휴로 운영되며, 새벽까지 영업하는 점이 특징입니다. 이자카야 특유의 분위기에서 따뜻한 국물 요리와 다양한 안주를 즐길 수 있는 곳입니다.",
  "rag_text": "뜨끈한 나베에 사케 한잔 할 수 있는 이자카야로, 미소모츠나베와 한우스키야키를 추천한다. 매콤한 크림 소스에 반숙 달걀프라이가 올라간 매콤크림파스타도 인기가 많다. 한식 테마의 다양한 온기 메뉴를 제공하며, 새벽까지 영업하는 연중무휴의 편안하고 활기찬 분위기의 식당이다.",
  "metadata": {
    "budget_range": "중",
    "spicy_available": "O",
    "vegetarian_options": "X",
    "main_ingredients_list": [
      "기타",
      "어류",
      "육류"
    ],
    "low_level_category": "이자카야",
    "suitable_for": [],
    "food_type_list": [
      "기타",
      "디저트류",
      "면류",
      "국물류"
    ],
    "temperature_list": [
      "온",
      "상"
    ],
    "high_level_category": "한식"
  }
}