{
  "id": 46747,
  "store_name": "도탑다",
  "llm_summary": "도탑다는 서울 중구 충무로에 위치한 레트로 콘셉트의 일본풍 카페로, 옛날 일본 잡지와 다양한 소품이 전시되어 있어 빈티지한 분위기를 느낄 수 있는 매거진리딩샵입니다. 주력 메뉴는 핸드드립 커피를 비롯해 밀크티, 에이드, 우롱차, 하이볼 등 다양한 음료이며, 티라미수, 르벵쿠키, 모나카 같은 디저트도 함께 즐길 수 있습니다. 음료는 테이블로 직접 서빙됩니다. 메뉴 가격대는 2,500원에서 8,500원 사이로 합리적이며, 디저트류와 음료가 주를 이룹니다. 월~화요일, 토~일요일은 12시부터 20시까지, 목~금요일은 21시 30분까지 영업하며, 매주 수요일은 휴무입니다. 2022년 8월 17일 개업하였고, 공식 인스타그램도 운영 중입니다. 현재 블루리본 서베이 선정이나 서울 2025 선정은 되어 있지 않습니다.",
  "rag_text": "레트로 콘셉트의 일본풍 카페로 옛날 일본 잡지와 다양한 소품이 전시되어 있으며, 빈티지 잡지와 책을 보며 커피를 즐길 수 있는 매거진리딩샵입니다. 핸드드립 커피, 밀크티, 에이드 등 다양한 음료와 티라미수, 르벵쿠키, 모나카 같은 디저트를 제공하는 편안하고 달콤한 분위기의 카페입니다.",
  "metadata": {
    "budget_range": "저",
    "spicy_available": "X",
    "vegetarian_options": "X",
    "main_ingredients_list": [
      "기타"
    ],
    "low_level_category": "카페",
    "suitable_for": [
      "레트로",
      "빈티지",
      "편안한",
      "달콤한",
      "일본풍",
      "매거진리딩"
    ],
    "food_type_list": [
      "디저트류",
      "음료"
    ],
    "temperature_list": [
      "기타"
    ],
    "high_level_category": "기타"
  }
}