{
  "id": 46792,
  "store_name": "파이브가이즈 서울역",
  "llm_summary": "파이브가이즈 서울역점은 미국의 유명 햄버거 프랜차이즈로, 서울특별시 용산구 한강대로 405 커넥트플레이스 1층에 위치해 있습니다. 이곳은 기본 햄버거 메뉴를 선택한 후 원하는 토핑을 자유롭게 추가하는 커스터마이징 방식을 채택하고 있으며, 땅콩 기름에 튀긴 프라이즈와 셰이크가 대표 시그니처 메뉴입니다. 메뉴는 프라이즈(S, R, L), 비프핫도그, 리들햄버거, 베지샌드위치, 치즈핫도그, 베이컨핫도그, 햄버거, 치즈버거, 베이컨버거, 베이컨치즈버거 등 다양하며, 가격대는 6,500원부터 17,400원까지 형성되어 있습니다. 모든 메뉴는 따뜻한 상태로 제공되며, 매장은 연중무휴로 오전 10시 30분부터 오후 10시까지 운영됩니다. 공식 인스타그램 계정(@fiveguys.korea)을 통해 소식을 확인할 수 있습니다. 현재 별도의 독자 리뷰는 없으며, 맛과 분위기, 서비스 등 전반적으로 보통 수준으로 평가되고 있습니다. 고객들은 본점을 비롯해 강남, 고속터미널, 광교, 압구정, 여의도, 판교 등 다양한 지점에서도 파이브가이즈를 만나볼 수 있습니다.",
  "rag_text": "파이브가이즈 서울역점은 미국의 유명 햄버거 프랜차이즈로, 햄버거를 기본으로 다양한 토핑을 커스터마이징할 수 있는 양식 전문점입니다. 땅콩 기름에 튀긴 프라이즈와 셰이크가 시그니처 메뉴로, 캐주얼하고 편안한 분위기에서 즐길 수 있습니다. 연중무휴 운영하며, 다양한 핫도그와 샌드위치 메뉴도 제공합니다. 가족, 친구, 캐주얼 모임에 적합한 햄버거 전문 양식당입니다.",
  "metadata": {
    "budget_range": "중",
    "spicy_available": "X",
    "vegetarian_options": "X",
    "main_ingredients_list": [
      "기타",
      "육류"
    ],
    "low_level_category": "햄버거",
    "suitable_for": [
      "캐주얼",
      "가족모임",
      "친구모임"
    ],
    "food_type_list": [
      "기타"
    ],
    "temperature_list": [
      "상"
    ],
    "high_level_category": "양식"
  }
}