{
  "id": 46854,
  "store_name": "분지로(한국본점)",
  "llm_summary": "분지로(한국본점)은 서울 중구 남대문로에 위치한 나가사키를 대표하는 일식 돈가스 전문점의 한국 본점입니다. 이곳은 나가사키에서 공수한 빵가루, 소스, 튀김기, 도자기를 사용하여 전통의 맛을 재현합니다. 돈가스는 살짝 붉은 빛이 도는 부드러운 고기에 바삭한 튀김옷을 입혀 제공되며, 소스는 진한맛과 순한맛 두 가지로 선택할 수 있습니다. 메뉴는 분지로 카츠샌드, 로스카스, 멘치가스, 히레가스, 생선가스, 모차렐라치즈가스 등 다양한 돈가스류를 비롯해 냉소바정식, 카케온우동정식, 어묵온우동정식, 우나기동 등 면류와 밥류도 포함되어 있습니다. 가격대는 15,000원에서 35,000원 사이이며, 매장은 백화점 내에 위치하여 월요일부터 일요일까지 10:30부터 21:00까지 운영됩니다(마지막 주문 20:00). 전통적인 나가사키 돈가스의 맛과 분위기를 한국에서 경험할 수 있는 곳으로, 정통 일식 돈가스를 즐기려는 고객에게 적합합니다.",
  "rag_text": "나가사키 전통 돈가스 전문 일식당으로, 나가사키에서 공수한 빵가루, 소스, 튀김기, 도자기를 사용하여 정통의 맛을 재현합니다. 부드러운 고기와 바삭한 튀김옷이 조화를 이루며, 진한맛과 순한맛 두 가지 소스가 제공됩니다. 다양한 일식 테마 메뉴를 갖춘 곳으로, 백화점 내 위치해 깔끔하고 편안한 분위기에서 전통 일식 돈가스를 즐길 수 있습니다.",
  "metadata": {
    "budget_range": "중",
    "spicy_available": "X",
    "vegetarian_options": "X",
    "main_ingredients_list": [
      "육류",
      "어류",
      "기타"
    ],
    "low_level_category": "일식돈가스",
    "suitable_for": [],
    "food_type_list": [
      "기타",
      "고기류",
      "해산물류",
      "면류",
      "밥류"
    ],
    "temperature_list": [
      "상",
      "온",
      "냉"
    ],
    "high_level_category": "일식"
  }
}