{
  "id": 47044,
  "store_name": "혜원소곱창",
  "llm_summary": "혜원소곱창은 서울 성동구 행당동에 위치한 소곱창 전문 한식당입니다. 주요 메뉴로는 한우소곱창모둠구이, 한우대창구이, 한우소막창구이, 한우소곱창구이, 특양구이, 곱창전골 등이 있으며, 가격대는 24,000원에서 55,000원 사이입니다. 모둠구이는 곱창, 대창, 막창, 염통으로 구성되며, 곱창은 호박, 떡, 감자, 양파와 함께 조리되어 제공됩니다. 기본으로 콩나물국과 다양한 밑반찬이 제공되고, 여러 양념장과 체다치즈 가루가 있어 고소한 맛을 더합니다. 매장은 1층에 위치하며, 연중무휴로 오후 5시부터 다음날 새벽 12시까지 영업합니다. 현재 블루리본 선정이나 서울 2025 선정에는 포함되어 있지 않으며, 독자 리뷰는 등록되어 있지 않습니다. 전체적으로 전통적인 한식 소곱창구이 전문점으로, 다양한 부위의 곱창류를 온기로 즐길 수 있습니다.",
  "rag_text": "소곱창 전문 한식당으로, 모둠구이는 곱창, 대창, 막창, 염통이 포함되어 있으며 곱창은 호박, 떡, 감자, 양파와 함께 조리됩니다. 기본 반찬으로 콩나물국과 다양한 밑반찬이 제공되며, 여러 양념장과 체다치즈 가루로 고소한 맛을 더합니다. 전통적인 한식 분위기로, 켈리 더블 임팩트 맛집으로 소개됩니다.",
  "metadata": {
    "budget_range": "중",
    "spicy_available": "X",
    "vegetarian_options": "X",
    "main_ingredients_list": [
      "기타"
    ],
    "low_level_category": "소곱창",
    "suitable_for": [],
    "food_type_list": [
      "기타",
      "국물류"
    ],
    "temperature_list": [
      "온"
    ],
    "high_level_category": "한식"
  }
}