{
  "id": 47068,
  "store_name": "이항아삼겹살",
  "llm_summary": "이항아삼겹살은 서울 광진구 군자로에 위치한 삼겹살 전문점으로, 가성비 좋은 가격의 삼겹살을 솥뚜껑에서 구워 먹을 수 있는 것이 특징입니다. 삼겹살 기름을 두른 솥뚜껑 판에 김치와 콩나물 등을 올려 밥을 볶아먹는 메뉴가 인기이며, 된장찌개도 푸짐하게 제공되어 고기와 함께 즐기기에 좋습니다. 주요 메뉴로는 삼겹살 3인분, 목살 3인분이 각각 19,900원, 국내산 삼겹살 3인분이 26,900원에 제공되며, 모두 한식 테마의 고기류로 구성되어 있습니다. 영업시간은 매일 15:30부터 다음날 24:00까지이며, 연중 무휴로 운영됩니다. 별도의 매운 메뉴는 없으며, 전통적인 한식 돼지고기구이 전문점으로 가족 모임이나 가성비 좋은 식사를 원하는 고객에게 적합합니다.",
  "rag_text": "가성비 좋은 삼겹살 전문 한식당으로 솥뚜껑에서 구워 먹는 전통적인 돼지고기구이 맛집입니다. 김치와 콩나물로 밥을 볶아 먹는 독특한 조리법과 푸짐한 된장찌개가 특징이며, 편안하고 부담 없이 즐길 수 있는 분위기입니다.",
  "metadata": {
    "budget_range": "중",
    "spicy_available": "X",
    "vegetarian_options": "X",
    "main_ingredients_list": [
      "육류"
    ],
    "low_level_category": "삼겹살, 돼지고기구이",
    "suitable_for": [
      "가성비"
    ],
    "food_type_list": [
      "고기류"
    ],
    "temperature_list": [
      "온"
    ],
    "high_level_category": "한식"
  }
}