{
  "id": 47156,
  "store_name": "쭌곱창",
  "llm_summary": "쭌곱창은 서울 마포구 서교동에 위치한 돼지곱창 전문 한식당입니다. 아늑한 분위기에서 곱창, 갈비, 닭발을 한 번에 맛볼 수 있으며, 세트를 주문하면 곱창과 닭발, 소고기, 치즈, 어묵탕, 계란찜을 토치를 이용해 직화로 조리하여 제공합니다. 밑반찬과 3가지 소스, 파인애플이 들어간 생크림이 함께 나와 취향에 맞게 곁들여 먹을 수 있습니다. 메뉴는 마요김치주먹밥, 눈꽃치즈계란찜, 곱창, 갈비, 닭발, 육회, 쭌세트 등으로 구성되어 있으며, 가격대는 4,000원부터 39,000원까지 다양합니다. 영업시간은 매일 16:00부터 23:00까지이며 연중무휴입니다. 인스타그램 계정(@jjungobchang)을 운영 중이며, 고객 평가는 아직 등록된 리뷰가 없습니다.",
  "rag_text": "아늑한 분위기의 돼지곱창 전문 한식당으로, 곱창, 갈비, 닭발을 중심으로 다양한 고기 요리를 토치 직화로 제공하며 세트 메뉴로 소고기, 치즈, 어묵탕, 계란찜을 함께 즐길 수 있습니다. 밑반찬과 3가지 소스, 파인애플 생크림이 특징이며, 한식 테마의 고기류와 밥류 메뉴가 조화를 이루는 곳입니다.",
  "metadata": {
    "budget_range": "중",
    "spicy_available": "X",
    "vegetarian_options": "X",
    "main_ingredients_list": [
      "기타",
      "육류"
    ],
    "low_level_category": "돼지곱창",
    "suitable_for": [],
    "food_type_list": [
      "밥류",
      "기타",
      "고기류"
    ],
    "temperature_list": [
      "온",
      "생",
      null
    ],
    "high_level_category": "한식"
  }
}