{
  "id": 47212,
  "store_name": "오리재",
  "llm_summary": "오리재는 서울 마포구 대흥동에 위치한 오리구이 전문점으로, 숙성된 오리고기를 숯불에 구워 제공하는 것이 특징입니다. 오리 가슴살, 다리살, 날개 등 다양한 부위를 즐길 수 있으며, 기본 반찬으로 나오는 미나리쏨땀과 함께 먹으면 별미입니다. 재료 소진 시 조기 마감할 수 있으므로 예약 방문을 권장합니다. 메뉴는 약밥, 점심오리뚝배기, 점심오리주물럭(2인), 생오리구이(반마리 및 한마리), 활력세트(2인), 기력세트(4인), 횔기력세트(6인) 등 다양하며, 가격대는 9,000원부터 280,000원까지 폭넓습니다. 영업시간은 화~금요일 11:30~21:30(브레이크타임 14:30~17:30), 토~일요일 11:30~21:30이며, 매주 월요일은 휴무입니다. 주차는 인근 염리 공영주차장을 이용할 수 있습니다. 2023년 6월 1일에 개업한 신생 맛집으로, 신선한 생오리 요리를 도심에서 즐길 수 있습니다. 현재 독자 리뷰는 등록되어 있지 않습니다.",
  "rag_text": "숙성 오리고기 전문 한식당으로, 숯불에 구운 오리 가슴살, 다리살, 날개를 제공하며 미나리쏨땀과 함께 먹는 별미가 특징입니다. 도심에서 신선한 생오리 요리를 즐길 수 있는 곳으로, 조용하고 가족모임이나 건강한 한식 식사를 원하는 고객에게 적합합니다.",
  "metadata": {
    "budget_range": "중",
    "spicy_available": "X",
    "vegetarian_options": "X",
    "main_ingredients_list": [
      "기타",
      "조류"
    ],
    "low_level_category": "오리구이",
    "suitable_for": [
      "가족모임",
      "건강식",
      "조용한"
    ],
    "food_type_list": [
      "밥류",
      "고기류"
    ],
    "temperature_list": [
      "온",
      null
    ],
    "high_level_category": "한식"
  }
}