{
  "id": 47253,
  "store_name": "마라쿠시",
  "llm_summary": "마라쿠시는 서울 용산구 이태원로4길 26 (한강로1가) 2층에 위치한 중식주점으로, 사천식 마라 요리를 중심으로 다양한 중식 요리를 고량주와 함께 즐길 수 있는 곳입니다. 대표 메뉴인 얼얼한 매운맛의 마라탕에 다양한 재료의 꼬치를 넣어 먹는 사천식 훠궈 마라촨이 유명하며, 런치에는 향신료와 고기 육향이 진하게 배어 있는 대만식 홍소우육면이 메인 메뉴로 제공됩니다. 메뉴는 차오판, 산동식물만두, 토마토달걀볶음, 오향사태와해파리발냉채, 바지락볶음&옥수수면, 미나리블랙유린기, 마라제육샹궈, 마라촨, 홍소우육면 등 다양한 중식 요리로 구성되어 있으며, 가격대는 15,000원에서 33,000원 사이입니다. 매장은 월~목요일 11:30~23:00, 금요일 11:30~24:00, 토요일 17:00~24:00, 일요일 15:00~22:00 운영하며 연중무휴입니다. 21시 이후 매장 앞 무료 주차가 가능하고 전쟁기념관 공영주차장도 이용할 수 있습니다. 또한, 10년 경력의 현지 중국요리 전문가가 엄선한 30여 종 이상의 바이주를 페어링할 수 있는 공간으로, 주류 반입도 가능하며 금요일과 토요일을 제외한 날에는 바이주 콜키지가 무료입니다. 분위기는 술 한잔하기 좋은 중식주점으로, 매운 마라 요리를 즐기며 다양한 고량주와 함께 편안한 시간을 보낼 수 있습니다.",
  "rag_text": "사천식 마라 요리를 포함한 중식 요리 전문 중식주점으로, 얼얼한 매운맛의 마라탕과 사천식 훠궈 마라촨이 대표 메뉴입니다. 다양한 종류의 고량주와 30여 종 이상의 바이주를 페어링할 수 있는 공간이며, 중국 10년 경력의 현지 요리사가 엄선한 정통 중식 요리를 제공합니다. 분위기는 술 한잔하기 좋은 편안한 중식주점으로, 고급스럽고 정통적인 맛과 함께 다양한 중식 요리를 즐길 수 있습니다.",
  "metadata": {
    "budget_range": "중",
    "spicy_available": "O",
    "vegetarian_options": "X",
    "main_ingredients_list": [
      "육류",
      "기타",
      "패류",
      "조류"
    ],
    "low_level_category": "중식주점",
    "suitable_for": [
      "술자리",
      "편안한",
      "중식 전문"
    ],
    "food_type_list": [
      "기타",
      "면류",
      "고기류"
    ],
    "temperature_list": [
      "온"
    ],
    "high_level_category": "중식"
  }
}