{
  "id": 47402,
  "store_name": "청자골",
  "llm_summary": "청자골은 서울 강남구 대치동 경희빌딩에 위치한 소고기구이 전문점으로, 질 좋은 한우와 키조개 삼합을 맛볼 수 있는 곳입니다. 전라도 강진에서 당일 도축한 암소를 사용하며, 대표 메뉴는 차돌박이, 키조개, 송화버섯을 함께 구워 먹는 키조개삼합입니다. 신선한 육사시미도 추천할 만한 메뉴입니다. 메뉴로는 설겹살, 꼬들살, 한우꽃등심, 한우갈빗살, 한우특수부위(모두 150g 단위)와 키조개삼합이 있으며, 가격대는 22,000원부터 138,000원까지 다양합니다. 영업시간은 매일 11:30부터 22:00까지이며, 14:30부터 17:00까지는 브레이크타임입니다. 연중 무휴로 운영됩니다. 현재 레드리본 선정이나 서울 2025 선정에는 포함되어 있지 않으며, 리뷰는 아직 등록되지 않았습니다. 청자골은 한식 고기류와 해산물류를 주로 취급하며, 매운 메뉴는 없습니다. 분위기에 대한 구체적 언급은 없으나, 프리미엄 한우와 신선한 재료를 강조하는 전통적이고 품질 중심의 맛집임을 알 수 있습니다.",
  "rag_text": "청자골은 질 좋은 한우와 키조개 삼합을 제공하는 한식 소고기구이 전문점으로, 전라도 강진에서 당일 도축한 암소를 사용합니다. 대표 메뉴인 키조개삼합은 차돌박이, 키조개, 송화버섯을 함께 구워 먹는 전통적인 조합입니다. 신선한 육사시미도 추천 메뉴로 포함되어 있습니다. 한식 테마의 고기류와 해산물류를 중심으로 하며, 고급 한우와 신선한 재료를 기반으로 한 전통적인 맛을 자랑합니다. 매운맛은 없으며, 프리미엄 한우 전문점으로 조용하고 품격 있는 분위기에서 식사가 가능합니다.",
  "metadata": {
    "budget_range": "고",
    "spicy_available": "X",
    "vegetarian_options": "X",
    "main_ingredients_list": [
      "육류",
      "패류"
    ],
    "low_level_category": "소고기구이",
    "suitable_for": [],
    "food_type_list": [
      "고기류",
      "해산물류"
    ],
    "temperature_list": [
      "온"
    ],
    "high_level_category": "한식"
  }
}