{
  "id": 47414,
  "store_name": "반포교집",
  "llm_summary": "반포교집은 서울 서초구 고속터미널 인근 반포쇼핑타운 4동에 위치한 돼지고기구이 전문점입니다. 제주산 돼지고기를 사용하여 삼겹살, 항정살, 목살 등 다양한 고기 부위를 제공하며, 은박지가 덮인 불판에 고기와 함께 고사리, 김치 등을 올려 구워 먹는 독특한 방식이 특징입니다. 고기 식사 후에는 볶음밥이 필수 메뉴로 추천됩니다. 메뉴는 미나리무침, 깍두기볶음밥, 얼큰순두부, 차돌된장짜글이 등 한식 국물류와 밥류, 그리고 뽈항정살, 냉삼, 목살, 꽃삼겹살 등의 고기류로 구성되어 있습니다. 대부분의 메뉴가 한식 테마이며, 매운 메뉴도 일부 포함되어 있습니다. 고기는 150g 단위로 판매되며, 가격대는 4,500원부터 16,000원 사이입니다. 영업시간은 매일 15:00부터 23:00까지이며 연중 무휴로 운영됩니다. 별도의 리본 선정이나 서울 2025 선정은 없으며, 현재 등록된 리뷰는 없는 상태입니다. 고기와 함께 구워 먹는 고사리와 김치, 그리고 마무리 볶음밥이 고객들에게 좋은 평가를 받고 있습니다.",
  "rag_text": "고속터미널 인근에 위치한 제주산 돼지고기 전문 냉동삼겹살 맛집으로, 삼겹, 항정, 목살 부위를 은박지 덮인 불판에 고사리, 김치와 함께 구워 먹는 독특한 한식 돼지고기구이 전문점입니다. 다양한 한식 메뉴와 매운 국물류, 볶음밥이 함께 제공되어 전통적인 한식의 맛을 경험할 수 있습니다.",
  "metadata": {
    "budget_range": "중",
    "spicy_available": "O",
    "vegetarian_options": "O",
    "main_ingredients_list": [
      "기타",
      "육류"
    ],
    "low_level_category": "돼지고기구이",
    "suitable_for": [],
    "food_type_list": [
      "기타",
      "밥류",
      "국물류",
      "고기류"
    ],
    "temperature_list": [
      "상",
      "온"
    ],
    "high_level_category": "한식"
  }
}