{
  "id": 47479,
  "store_name": "하츠노스시",
  "llm_summary": "하츠노스시는 서울 강남구 압구정동 갤러리아백화점 지하 1층에 위치한 회전스시 전문점입니다. 스시코우지의 오너셰프인 나카무라 코우지 셰프가 오픈한 이 가게는 200년 이상의 전통을 자랑하는 일본 식초를 포함해 세 가지 식초를 블렌딩하여 사용하며, 주문 카드에 원하는 스시를 적어 바로 만든 신선한 스시를 제공하는 것이 특징입니다. 메뉴는 주로 생어류를 사용한 회전스시로 구성되어 있으며, 가격대는 약 30,000원에서 50,000원 사이로 변동됩니다. 매장은 월~목요일 10:30부터 20:00까지, 금~일요일은 20:30까지 영업하며, 마지막 주문 시간은 평일 19:00, 주말 19:30입니다. 현재 레드리본이나 서울 2025 선정에는 포함되어 있지 않으며, 리뷰는 아직 등록되지 않았습니다. 전반적으로 전통적인 일본식 회전스시를 전문으로 하는 중상급 일식당입니다.",
  "rag_text": "스시코우지의 오너셰프 나카무라 코우지가 운영하는 전통 일본 식초를 블렌딩해 사용하는 회전스시 전문점으로, 신선한 생어류 스시를 주문 카드로 즉석에서 제공하는 일식당입니다. 전통적인 맛과 신선함을 중시하며 조용하고 정통적인 분위기의 일식 회전스시 전문점입니다.",
  "metadata": {
    "budget_range": "중",
    "spicy_available": "X",
    "vegetarian_options": "X",
    "main_ingredients_list": [
      "어류"
    ],
    "low_level_category": "회전스시",
    "suitable_for": [],
    "food_type_list": [
      "고기류"
    ],
    "temperature_list": [
      "생"
    ],
    "high_level_category": "일식"
  }
}