{
  "id": 47510,
  "store_name": "취야벌",
  "llm_summary": "취야벌은 서울 종로구 인사동에 위치한 국수와 만두 전문 한식당입니다. 대표 메뉴인 취야국시는 삼삼한 국물 맛과 대파 양념장이 특징이며, 속이 꽉 찬 만두와 함께 즐기기에 좋습니다. 칼칼한 국물의 만두전골도 인기 메뉴 중 하나입니다. 메뉴는 취야국시, 만둣국, 접시만두, 만두전골, 국수전골, 샤부샤부, 해물파전, 한우샤부샤부, 보쌈, 문어 등 다양하며, 가격대는 10,000원부터 45,000원까지 형성되어 있습니다. 모든 메뉴는 온(따뜻한) 음식이며, 매운 메뉴는 없습니다. 주재료로는 육류, 패류, 기타 재료가 사용됩니다. 2005년 11월 15일 개업하였으며, 매주 일요일 휴무입니다. 분위기 및 라벨 정보는 따로 없으나, 전통적인 한식 국수와 만두를 중심으로 한 메뉴 구성이 돋보입니다.",
  "rag_text": "국수와 만두를 중심으로 한 전통 한식당으로, 삼삼한 국물 맛의 취야국시와 칼칼한 만두전골이 인기입니다. 대파 양념장이 들어가 맛의 깊이를 더하며, 속이 꽉 찬 만두와 함께 즐기는 것을 추천합니다. 한식 테마의 다양한 국물류, 고기류, 해산물류 메뉴를 제공하며, 전통적이고 편안한 분위기의 식사 공간입니다.",
  "metadata": {
    "budget_range": "중",
    "spicy_available": "X",
    "vegetarian_options": "X",
    "main_ingredients_list": [
      "기타",
      "육류",
      "패류"
    ],
    "low_level_category": "국수, 만두",
    "suitable_for": [],
    "food_type_list": [
      "국물류",
      "기타",
      "면류",
      "해산물류",
      "고기류"
    ],
    "temperature_list": [
      "온"
    ],
    "high_level_category": "한식"
  }
}