{
  "id": 47547,
  "store_name": "본가진미간장게장",
  "llm_summary": "본가진미간장게장은 서울 송파구 백제고분로에 위치한 간장게장 전문점으로, 게장과 정갈한 밑반찬으로 구성된 한상을 제공한다. 매년 봄 서해에서 직접 경매로 확보한 최상급 국내산 꽃게를 급냉 보관하여 사용하며, 암꽃게장과 숫꽃게장이 구분되어 있다. 대표 메뉴로는 암꽃게 간장모듬장 정식과 양념모듬장 정식, 암꽃게 간장게장 정식, 숫꽃게장 간장정식 등이 있다. 모둠장 세트에는 간장게장 외에도 연어장, 새우장, 전복장이 포함되어 다양한 해산물 맛을 즐길 수 있다. 꽃게탕과 꽃게양념찜 같은 2인용 메뉴도 준비되어 있으며, 매장은 중간 유통 없이 직접 공수한 꽃게로 합리적인 가격에 고퀄리티 음식을 제공한다. 포장 및 선물세트, 전국 택배 서비스도 가능하다. 영업시간은 매일 11시부터 22시까지이며, 명절 당일 휴무이다. 주류 반입 가능하며 콜키지는 무료이다. 전체적으로 진짜 간장게장을 찾는 고객에게 최상급 꽃게와 정성스러운 한정식 스타일의 한 상을 제공하는 신뢰받는 맛집이다.",
  "rag_text": "본가진미간장게장은 게장과 정갈한 밑반찬으로 구성된 한식을 제공하는 전문 게장 맛집이다. 매년 봄 서해에서 직접 경매로 확보한 최상급 국내산 꽃게를 급냉 보관하여 사용하며, 암꽃게장과 숫꽃게장을 구분해 제공한다. 간장게장뿐 아니라 연어장, 새우장, 전복장 등 다양한 해산물 모둠장 세트도 인기다. 정갈한 한정식 스타일의 한 상을 합리적인 가격에 즐길 수 있으며, 포장과 전국 택배 서비스도 가능하다. 최고급 재료와 정성으로 준비하는 본가진미간장게장은 가족 모임, 선물용, 특별한 식사에 적합한 한식 해산물 전문점이다.",
  "metadata": {
    "budget_range": "중",
    "spicy_available": "O",
    "vegetarian_options": "X",
    "main_ingredients_list": [
      "패류"
    ],
    "low_level_category": "게장",
    "suitable_for": [
      "가족모임",
      "선물용",
      "특별한식사"
    ],
    "food_type_list": [
      "해산물류",
      "고기류"
    ],
    "temperature_list": [
      "생",
      "온"
    ],
    "high_level_category": "한식"
  }
}