{
  "id": 47551,
  "store_name": "팬팬",
  "llm_summary": "팬팬은 서울 영등포구 당산동1가 에이블허브에 위치한 떡볶이 전문점으로, 국내 최초로 모자반(완도산 해초)과 완도돌김을 사용한 독특한 떡볶이를 선보입니다. 30년간 이어온 고집 있는 레시피를 바탕으로 해장과 해독에 탁월한 모자반과 염증 제거 및 면역력 향상에 도움을 주는 완도산 곱창돌김의 감칠맛이 매콤한 떡볶이와 잘 어우러져 기존 떡볶이와 차별화된 맛을 제공합니다. 라면사리, 볶음밥 재료, 튀김 등 11가지 셀프 코너 메뉴를 자유롭게 즐길 수 있으며, 메뉴는 새우다시마채튀김전, 팬팬떡볶이, 짜장떡볶이, 완도돌김팬팬떡볶이, 차돌떡볶이, 꼬꼬닭떡볶이, 완도돌김치차돌떡볶이, 완도돌김닭떡볶이, 차돌몸떡볶이, 꼬꼬닭몸떡볶이 등 다양합니다. 대부분의 떡볶이 메뉴는 매운 맛을 포함하며, 해산물과 고기류 카테고리가 혼재되어 있습니다. 영업시간은 월~토요일 11:00~21:00이며, 매주 일요일 휴무입니다. 2022년 3월 31일 개업했으며, 당산1동 공영주차장을 이용할 수 있습니다. 팬팬은 전통적인 한식 떡볶이의 틀을 깨고 새로운 방향을 제시하는 혁신적인 맛집입니다.",
  "rag_text": "팬팬은 국내 최초로 모자반과 완도돌김을 사용한 매콤한 떡볶이를 선보이는 한식 전문점입니다. 30년의 고집과 해장, 해독에 좋은 바다 나물인 모자반과 강렬한 감칠맛의 완도산 곱창돌김이 어우러져 독창적인 맛을 자랑합니다. 셀프 코너에서 라면사리, 볶음밥 재료, 튀김 등 다양한 재료를 자유롭게 즐길 수 있는 편안한 분위기의 떡볶이 전문점입니다.",
  "metadata": {
    "budget_range": "중",
    "spicy_available": "O",
    "vegetarian_options": "X",
    "main_ingredients_list": [
      "패류",
      "기타",
      "조류"
    ],
    "low_level_category": "떡볶이",
    "suitable_for": [],
    "food_type_list": [
      "해산물류",
      "기타",
      "고기류"
    ],
    "temperature_list": [
      "온"
    ],
    "high_level_category": "한식"
  }
}