{
  "id": 47603,
  "store_name": "포유성수",
  "llm_summary": "포유성수는 서울 성동구 성수동에 위치한 베트남식, 아시아식 전문 레스토랑입니다. 이곳은 베트남 현지의 맛을 재현하는 데 중점을 두고 있으며, 대표 메뉴인 쌀국수는 24시간 이상 우려낸 한우 사골 육수를 사용합니다. 쌀국수는 소 목심을 사용한 생소고기 쌀국수와 차돌 양지를 넣은 쌀국수로 나뉘며, 소스, 국수, 숙주 및 레몬이 3단 그릇에 따로 담겨 제공되는 것이 특징입니다. 메뉴는 쌀국수, 반쎄오, 족발쌀국수, 고등어덮밥, 반미비프, 월남쌈, 그린망고고등어샐러드, 생소고기쌀국수, 돼지고기조림, 분짜, 매운팟타이 등 다양하며, 대부분 온 메뉴로 구성되어 있습니다. 매운 메뉴도 하나 포함되어 있어 매운맛을 원하는 고객도 만족할 수 있습니다. 2024년 2월 20일 개업하였고, 연중무휴로 오전 11시부터 오후 11시까지 운영됩니다. 쾌적한 분위기에서 베트남 현지의 정통 맛을 경험할 수 있는 곳입니다.",
  "rag_text": "베트남 현지의 맛을 느낄 수 있는 베트남식, 아시아식 전문점으로, 쌀국수는 24시간 이상 우려낸 한우 사골 육수를 사용하며, 소스, 국수, 숙주 및 레몬을 3단 그릇에 담아 제공하는 독특한 방식이 특징입니다. 다양한 온 메뉴와 아시아 전통 요리를 선보이며, 매운 메뉴도 포함되어 있습니다. 전통적인 베트남 음식의 맛과 현대적인 감각이 조화된 분위기입니다.",
  "metadata": {
    "budget_range": "중",
    "spicy_available": "O",
    "vegetarian_options": "X",
    "main_ingredients_list": [
      "기타",
      "육류",
      "어류"
    ],
    "low_level_category": "베트남식",
    "suitable_for": [],
    "food_type_list": [
      "기타",
      "면류",
      "밥류",
      "고기류"
    ],
    "temperature_list": [
      "온",
      "냉"
    ],
    "high_level_category": "동남아"
  }
}