{
  "id": 47615,
  "store_name": "위켄드컴퍼니",
  "llm_summary": "위켄드컴퍼니는 서울 송파구 문정동 문정역 SKV1 건물 내에 위치한 카페로, 야외 테라스 자리가 마련되어 있어 햇살을 느끼며 커피를 즐기기에 좋은 공간입니다. 2022년 12월 19일에 개업한 이 카페는 시그니처 음료인 위켄드커피가 특히 유명하며, 식물성 크림과 오트 밀크, 스카치 버터로 만든 크림 커피를 제공합니다. 또한 과하지 않은 산미를 가진 브루잉커피도 준비되어 있어 커피 애호가들에게 다양한 선택지를 제공합니다. 메뉴는 아메리카노, 데일리커피, 카페라테, 밀크소프트아이스크림, 바닐라빈라테, 황미숙, 메샷추, 아이스크림밀크티 등 다양한 음료를 포함하며, 가격대는 3,000원에서 5,900원 사이로 합리적입니다. 월~금요일은 08:00부터 22:00까지, 주말은 09:00부터 20:00까지 운영하며 연중무휴입니다. 카페는 편안한 분위기와 함께 다양한 커피 음료를 제공하여 일상 속 휴식 공간으로 적합합니다.",
  "rag_text": "야외 테라스가 있는 카페로, 햇살을 느끼며 커피를 즐길 수 있는 공간입니다. 시그니처 음료는 식물성 크림과 오트 밀크, 스카치 버터로 만든 크림 커피인 위켄드커피이며, 과하지 않은 산미의 브루잉커피도 준비되어 있습니다. 편안하고 여유로운 분위기에서 다양한 커피 음료를 제공하는 카페입니다.",
  "metadata": {
    "budget_range": "중",
    "spicy_available": "X",
    "vegetarian_options": "X",
    "main_ingredients_list": [
      "기타"
    ],
    "low_level_category": "카페",
    "suitable_for": [],
    "food_type_list": [
      "음료"
    ],
    "temperature_list": [
      "기타"
    ],
    "high_level_category": "기타"
  }
}