{
  "id": 47678,
  "store_name": "푸른농장(성신여대1호점)",
  "llm_summary": "푸른농장(성신여대1호점)은 서울 성북구 보문로에 위치한 한식 소고기구이 및 돼지고기구이 전문점입니다. 이곳은 소고기와 돼지고기의 다양한 부위를 맛볼 수 있으며, 여러 부위를 즐길 수 있는 한마리, 반마리 세트를 특히 추천합니다. 불판 중앙에 놓인 뚝배기에서 된장찌개를 끓여 먹을 수 있으며, 육수를 계속 추가할 수 있어 따뜻하고 풍성한 식사가 가능합니다. 메뉴로는 돼지한마리(1kg), 소한마리(1kg), 우삼겹(200g), 갈빗살(200g), 꽃살(200g), 돼지반마리(500g), 소반마리(500g) 등이 있으며, 가격대는 15,000원부터 63,000원 사이입니다. 매장은 월요일부터 일요일까지 오전 10시부터 다음날 새벽 1시까지 운영하며, 연중무휴입니다. 현재 레드리본이나 서울 2025 선정은 되어 있지 않으며, 인스타그램 계정(@prnj_2017)을 통해 소식을 접할 수 있습니다. 방문객들의 리뷰는 아직 등록되지 않았으나, 전반적인 분위기와 맛에서 보통 수준의 평가를 받고 있습니다.",
  "rag_text": "소고기와 돼지고기의 다양한 부위를 즐길 수 있는 한식 고기구이 전문점으로, 한마리 및 반마리 세트가 인기 메뉴입니다. 불판 중앙에 뚝배기 된장찌개를 끓여 먹으며 육수를 추가할 수 있어 따뜻하고 편안한 식사 경험을 제공합니다. 전통적인 한식 고기구이 분위기를 갖추고 있으며, 가족 모임이나 친구들과의 편안한 외식에 적합한 곳입니다.",
  "metadata": {
    "budget_range": "중",
    "spicy_available": "X",
    "vegetarian_options": "X",
    "main_ingredients_list": [
      "육류"
    ],
    "low_level_category": "소고기구이, 돼지고기구이",
    "suitable_for": [
      "가족모임",
      "친구모임",
      "편안한외식"
    ],
    "food_type_list": [
      "고기류"
    ],
    "temperature_list": [
      "온"
    ],
    "high_level_category": "한식"
  }
}