{
  "id": 47707,
  "store_name": "고블린피자(공덕경의선숲길점)",
  "llm_summary": "고블린피자(공덕경의선숲길점)은 서울 마포구 대흥동에 위치한 미국식 피자 전문점으로, 피자와 맥주를 함께 즐길 수 있는 아메리칸 다이닝 공간입니다. 20년 경력의 젊은 셰프가 운영하며, 느끼하지 않고 건강한 미국식 이탈리안 음식을 모토로 합니다. 모든 피자는 화산석 데크 오븐에서 400도의 고온으로 구워내어 바삭하고 쫄깃한 씬 도우가 특징이며, 1인용과 2인용 사이즈가 제공됩니다. 대표 메뉴인 살라미바질페스토피자는 살라미, 바질페스토, 버섯이 듬뿍 올라가 있으며, 그 외 치즈피자, 페퍼로니피자, 파인애플익스프레스피자, 아메리칸핫치킨피자 등 다양한 피자와 파스타, 샐러드 메뉴를 갖추고 있습니다. 100% 홈메이드 도우는 이태리 피제리아 밀가루와 버진 올리브오일, 효모 발효종으로 48시간 냉장 숙성하며, 100% 수제 피자소스와 자연 모짜렐라 치즈, 국내산 돼지고기와 호주산 청정우를 블렌딩한 수제 크러쉬드 미트를 사용해 깊은 풍미를 자랑합니다. 주문 후 바로 조리되어 10~15분 소요되며, 매주 월요일 휴무, 화~일요일 11:00~22:30 영업(브레이크타임 16:00~17:00), 마지막 주문 21:30까지 받습니다. 어린이용으로는 치즈피자, 파인애플익스프레스피자, 선드라이토마토파스타가 추천됩니다. 피자에 자연 발생하는 그을음(레오파드 스팟)은 고온 화덕에서 생기는 자연 현상으로 안전하며, 매운맛은 소량의 크러쉬드 페퍼로 인해 어린이에게는 다소 매울 수 있으나 주문 시 조절 가능합니다. 다양한 미국식 피자와 어울리는 맥주와 와인도 제공하며, 편안하고 따뜻한 분위기에서 진정한 미국 피자 맛과 피맥 문화를 경험할 수 있는 곳입니다.",
  "rag_text": "피자와 맥주를 함께 즐길 수 있는 미국식 피자 전문점으로, 400도의 고온 화산석 데크 오븐에서 바삭하고 쫄깃한 씬 도우 피자를 제공한다. 100% 홈메이드 수제 도우와 수제 피자소스, 자연 모짜렐라 치즈, 수제 크러쉬드 미트를 사용하여 건강하고 풍부한 감칠맛이 특징이다. 깔끔하고 담백하며 자연스러운 미국식 이탈리안 다이닝으로, 1인 손님부터 가볍게 맥주와 피자를 즐기고 싶은 고객에게 적합하다. 편안하고 따뜻한 분위기에서 진정한 미국 피자와 피맥 문화를 경험할 수 있는 아메리칸 다이너이다.",
  "metadata": {
    "budget_range": "중",
    "spicy_available": "X",
    "vegetarian_options": "X",
    "main_ingredients_list": [
      "기타"
    ],
    "low_level_category": "미국식피자",
    "suitable_for": [
      "가볍게 맥주와 피자를 즐기는 손님",
      "1인 손님",
      "편안한 분위기",
      "따뜻한 공간",
      "아메리칸 다이닝"
    ],
    "food_type_list": [
      "기타",
      "면류"
    ],
    "temperature_list": [
      "온",
      "상"
    ],
    "high_level_category": "양식"
  }
}