{
  "id": 47785,
  "store_name": "쟌니",
  "llm_summary": "쟌니는 서울 광진구 구의동에 위치한 이탈리아식 레스토랑으로, 이탈리안 요리와 와인을 함께 즐길 수 있는 곳입니다. 이곳은 한국의 계절 재료를 활용해 다양한 이탈리아 요리를 선보이며, 대표 메뉴로는 송화버섯, 양송이, 느타리버섯에 트러플오일을 가미한 포르치니크림뇨키가 있습니다. 2014년 이탈리아 현지 alma 학교를 졸업하고 미슐랭 스타지 및 국내 이탈리안 다이닝에서 경력을 쌓은 셰프가 운영하며, 성수의 오스테리아쟌니를 8년간 운영한 후 구의동에 작은 이탈리아라는 컨셉으로 현지 느낌의 인테리어와 이탈리아 음악, 전통 이탈리아 음료를 갖추고 있습니다. 메뉴는 포르치니크림뇨키(23,000원), 문어새우비스크파스타(25,000원), 포트와인버섯스칼로피네(45,000원), 리볼리타콘살시챠(15,000원), 카르보나라(22,000원), 보타르가파스타(24,000원), 참치타다끼(25,000원), 모르타델리 리코타샐러드(18,000원), 비텔로토나토(23,000원) 등으로 구성되어 있으며, 모든 메뉴는 맵지 않고 주로 온음식입니다. 매장은 화~토요일 11:30~22:00 운영하며, 매주 월요일과 일요일, 명절 연휴에는 휴무입니다. 주류 반입이 가능하며 콜키지 비용은 2만원입니다. 카운터석이 있으며, 매장 앞에 주차 공간 2대가 마련되어 있습니다. 인스타그램 계정은 @gianni.cucina92입니다.",
  "rag_text": "이탈리안 요리에 와인을 함께 즐길 수 있는 레스토랑으로, 한국의 계절 재료를 더해 다양한 이탈리안 요리를 선보입니다. 전통 이탈리안 요리를 기반으로 한국적 터치를 가미한 특색 있는 이탈리안 다이닝이며, 현지 느낌의 인테리어와 이탈리아 음악, 이탈리아 주류를 갖추고 있습니다. 분위기는 작고 아늑한 작은 이탈리아 컨셉으로, 카운터석이 있어 편안하고 세련된 공간에서 식사를 즐길 수 있습니다. 메뉴는 양식 테마이며, 온음식 위주로 구성되어 있습니다. 와인과 함께하는 고급 이탈리안 요리를 경험할 수 있습니다.",
  "metadata": {
    "budget_range": "중",
    "spicy_available": "X",
    "vegetarian_options": "X",
    "main_ingredients_list": [
      "기타",
      "패류",
      "어류"
    ],
    "low_level_category": "이탈리아식",
    "suitable_for": [
      "데이트",
      "조용한",
      "가족모임"
    ],
    "food_type_list": [
      "기타",
      "면류",
      "해산물류"
    ],
    "temperature_list": [
      "온",
      "냉"
    ],
    "high_level_category": "양식"
  }
}