{
  "id": 47814,
  "store_name": "얼큰본가연품뼈해장국24시(본점)",
  "llm_summary": "얼큰본가연품뼈해장국24시(본점)은 서울 송파구 방이동에 위치한 뼈다귀해장국 전문 한식당으로, 24시간 운영되어 언제든지 부담 없는 가격에 진한 뼈해장국을 즐길 수 있다. 대표 메뉴인 뼈해장국은 고기가 실하게 붙어있는 뼈와 우거지가 푸짐하게 들어가며, 맵기 조절이 가능해 취향에 맞게 선택할 수 있다. 고기군만두를 추가해 먹는 것을 추천하며, 양파, 고추, 깍두기를 자유롭게 가져다 먹을 수 있는 셀프바도 마련되어 있다. 메뉴는 뼈해장국, 선지해장국, 우거지콩나물뼈전골 등 다양한 국물류와 고기류로 구성되어 있으며, 가격대는 10,000원부터 53,000원까지 다양하다. 본점은 1, 2층에 위치해 있으며, 편리한 접근성과 합리적인 가격으로 지역 주민들에게 사랑받고 있다. 아직 독자 리뷰는 없으나, 블루리본 Pick에도 선정되어 신뢰할 만한 맛집임을 알 수 있다.",
  "rag_text": "부담 없는 가격으로 맛볼 수 있는 뼈해장국 전문 한식당으로, 고기가 실하게 붙어있는 뼈와 푸짐한 우거지가 들어간 국물 요리가 특징이다. 맵기 조절이 가능하며, 군만두를 추가해 먹는 것을 추천한다. 셀프바에서 양파, 고추, 깍두기를 자유롭게 이용할 수 있어 편리하다.",
  "metadata": {
    "budget_range": "중",
    "spicy_available": "O",
    "vegetarian_options": "X",
    "main_ingredients_list": [
      "육류"
    ],
    "low_level_category": "뼈다귀해장국",
    "suitable_for": [],
    "food_type_list": [
      "국물류",
      "고기류"
    ],
    "temperature_list": [
      "온"
    ],
    "high_level_category": "한식"
  }
}