{
  "id": 47838,
  "store_name": "올루올루(광화문점)",
  "llm_summary": "올루올루(광화문점)은 서울 종로구 새문안로5길에 위치한 카페로, 달콤한 과일로 만든 하와이 인기 디저트인 아사이볼을 전문으로 제공합니다. 아사이볼은 건강한 한 끼 대용으로 적합하며, 다양한 토핑을 취향에 맞게 선택할 수 있습니다. 대표 메뉴로는 아사이시그니처, 피타야시그니처, 그린시그니처, 요거트아이스크림시그니처 등이 있으며, 가격대는 7,900원에서 9,800원 사이입니다. 또한 달지 않게 즐길 수 있는 타이밀크티도 추천 메뉴 중 하나입니다. 영업시간은 월~토요일 10:00~23:00, 일요일 10:00~21:30이며, 2024년 7월 15일에 개업했습니다. 매장 위치는 광화장여관 3층에 있으며, 인스타그램 계정(https://www.instagram.com/oluolu_official/)도 운영 중입니다. 메뉴는 주로 냉온 디저트류로 구성되어 있으며, 맵지 않은 건강한 디저트를 찾는 고객에게 적합합니다.",
  "rag_text": "달콤한 과일로 만든 아사이볼 전문 카페로, 하와이에서 인기 있는 건강한 디저트를 제공합니다. 다양한 토핑 선택이 가능하며, 달지 않은 타이밀크티도 추천 메뉴입니다. 편안하고 건강한 디저트를 즐기기에 적합한 분위기의 카페입니다.",
  "metadata": {
    "budget_range": "중",
    "spicy_available": "X",
    "vegetarian_options": "X",
    "main_ingredients_list": [
      "기타"
    ],
    "low_level_category": "카페",
    "suitable_for": [],
    "food_type_list": [
      "디저트류"
    ],
    "temperature_list": [
      "기타",
      "냉"
    ],
    "high_level_category": "디저트류"
  }
}