{
  "id": 47947,
  "store_name": "중화요리연(가산본점)",
  "llm_summary": "중화요리연(가산본점)은 서울 금천구 가산동에 위치한 중식 다이닝 레스토랑으로, 30년 경력의 셰프가 운영합니다. 이곳에서는 짜장, 짬뽕, 탕수육과 같은 익숙한 중식 메뉴뿐 아니라 유산슬, 팔보채, 송이 요리 등 고급 중식 요리도 맛볼 수 있습니다. 특히 시그니처 메뉴 1가지와 제철 요리 3가지를 포함한 오마카세 메뉴가 준비되어 있어 다양한 맛의 경험을 제공합니다. 대표 메뉴로는 담백특짜장, 삼선짬뽕, 마장면, 통전복잡탕밥, 크림새우, 전복자연송이, 동파육, 연마카세, 그리고 2인 이상 주문 가능한 B세트가 있습니다. 가격대는 12,000원부터 135,000원까지 다양하며, 매주 토요일은 휴무이고 평일과 일요일은 각각 정해진 영업시간 내에 운영됩니다. 중화요리연은 전통 중식의 맛을 유지하면서도 고급스러운 메뉴 구성을 자랑하는 곳으로, 가산디지털단지 인근에서 중식을 즐기기에 적합한 장소입니다.",
  "rag_text": "30년 경력의 셰프가 선보이는 중식 다이닝으로, 익숙한 짜장, 짬뽕, 탕수육부터 유산슬, 팔보채, 송이 요리 등 고급 중식 요리를 제공하며, 시그니처 메뉴와 제철 오마카세를 갖춘 중식 전문점입니다.",
  "metadata": {
    "budget_range": "중",
    "spicy_available": "O",
    "vegetarian_options": "X",
    "main_ingredients_list": [
      "육류",
      "패류",
      "기타",
      "어류"
    ],
    "low_level_category": "일반중식",
    "suitable_for": [],
    "food_type_list": [
      "면류",
      "밥류",
      "해산물류",
      "기타",
      "고기류"
    ],
    "temperature_list": [
      "온",
      "기타"
    ],
    "high_level_category": "중식"
  }
}