{
  "id": 47951,
  "store_name": "금복정",
  "llm_summary": "금복정은 서울 동작구 사당동에 위치한 전통 한식 전문점으로, 2025년 2월 25일에 개업하였습니다. 이곳은 육개장과 육개장칼국수를 대표 메뉴로 제공하며, 차돌박이가 들어간 칼칼한 국물이 특징입니다. 또한 가브리살로 만든 미나리수육이 인기 안주 메뉴로, 향긋한 미나리와 두부를 곁들여 맛볼 수 있습니다. 메뉴는 해장 차돌 육칼, 새우미나리전, 들기름 미나리 칼국수, 가브리돌판제육볶음, 차돌육개장전골, 접시왕만두 등 다양하며, 각 메뉴는 정성껏 직접 손질한 신선한 재료로 조리됩니다. 금복정은 전통 한식의 깊은 맛을 현대적인 감각으로 풀어내어 건강한 한 끼 식사를 원하는 고객에게 추천되며, 월요일부터 토요일까지 오전 11시부터 오후 11시 50분까지 운영되고 일요일은 휴무입니다. 주차는 인근 엔제리너스 주차타워를 유료로 이용할 수 있습니다. 주류 반입은 불가하며, 가격대는 9,000원에서 46,000원 사이입니다. 인스타그램(@geumbokjeong)을 통해 소식을 확인할 수 있습니다.",
  "rag_text": "전통 한식의 깊은 맛을 현대적으로 재해석한 한식 전문점으로, 육개장과 육개장칼국수를 비롯해 미나리수육, 새우미나리전 등 정갈하고 진한 맛의 메뉴를 제공합니다. 신선한 재료와 정성스러운 조리로 건강한 한 끼 식사를 중점으로 하며, 차돌박이가 들어간 칼칼한 국물이 특징입니다. 차분하고 편안한 분위기에서 가족 모임이나 건강식을 원하는 분들에게 적합한 한식당입니다.",
  "metadata": {
    "budget_range": "중",
    "spicy_available": "O",
    "vegetarian_options": "O",
    "main_ingredients_list": [
      "육류",
      "패류",
      "기타"
    ],
    "low_level_category": "일반한식",
    "suitable_for": [
      "가족모임",
      "건강식",
      "차분한"
    ],
    "food_type_list": [
      "고기류",
      "면류",
      "국물류",
      "해산물류"
    ],
    "temperature_list": [
      "온",
      "상"
    ],
    "high_level_category": "한식"
  }
}