{
  "id": 47992,
  "store_name": "마그넷",
  "llm_summary": "마그넷은 서울 종로구 내자동에 위치한 와인바로, 퓨전 요리와 다양한 와인을 함께 즐길 수 있는 공간입니다. 가정집을 리모델링하여 편안하고 아늑한 분위기를 제공하며, 대표 메뉴로는 토하젓 베이스의 크림소스를 곁들인 토하젓크림뇨키와 불고기와 바질페스토로 맛을 낸 불고기바질소바가 있습니다. 메뉴는 양식 테마를 기반으로 하며, 온도는 따뜻한 요리부터 냉요리까지 다양합니다. 주요 메뉴로는 가지롤과 어향소스, 스테이크(200g), 홍새우파피요트, 트러플프라이, 관자세비체, 치즈플래터 등이 있으며, 가격대는 12,000원에서 67,000원 사이입니다. 영업시간은 주중과 주말에 따라 다르며, 편안한 분위기에서 와인과 함께 퓨전 양식 요리를 맛볼 수 있는 곳입니다.",
  "rag_text": "퓨전 요리와 와인을 즐길 수 있는 와인바로, 가정집을 리모델링하여 편안하고 아늑한 분위기를 제공합니다. 양식 테마의 다양한 메뉴를 선보이며, 창의적인 퓨전 요리를 중심으로 한 공간입니다.",
  "metadata": {
    "budget_range": "고",
    "spicy_available": "O",
    "vegetarian_options": "X",
    "main_ingredients_list": [
      "기타",
      "육류",
      "패류"
    ],
    "low_level_category": "와인바",
    "suitable_for": [],
    "food_type_list": [
      "기타",
      "면류",
      "고기류",
      "해산물류"
    ],
    "temperature_list": [
      "온",
      "냉"
    ],
    "high_level_category": "양식"
  }
}