{
  "id": 48000,
  "store_name": "카페르상스",
  "llm_summary": "카페르상스는 서울 용산구 한남동 사운즈한남 BC동 지하 1층에 위치한 테라스 카페이자 와인바입니다. 2023년 1월에 개업한 이곳은 다섯 가지 감각의 만족을 경험할 수 있는 복합 문화 공간으로, 프렌치 스타일의 베이커리와 스페셜티 커피, 나가사키 지역 장인의 고급 녹차로 만든 티 음료, 그리고 가볍고 편안한 화이트 와인과 핑거푸드를 제공합니다. 야외 테라스에서 향긋한 커피와 와인을 즐기기 좋으며, 감각적인 인테리어와 음악이 편안하고 즐거운 분위기를 조성합니다. 메뉴는 아메리카노(5,500원), 고메치즈박스(18,900원), 르상스크림커피(7,000원) 등 음료와 믹스올리브볼(7,900원), 카페라(6,500원), 클램차우더(9,900원), 리얼초콜릿(8,000원) 등의 디저트류가 포함되어 있습니다. 주류 반입은 불가하며, 영업시간은 매일 오전 10시부터 오후 10시까지(마지막 주문 21:30)입니다. 인스타그램을 통해서도 소식을 확인할 수 있습니다. 전반적으로 이곳은 감각적인 인테리어와 테라스 공간에서 커피, 와인, 베이커리, 핑거푸드를 즐기며 여유로운 시간을 보내기에 적합한 장소입니다.",
  "rag_text": "다섯 가지 감각을 경험할 수 있는 테라스 카페로, 프렌치 스타일 베이커리와 스페셜티 커피, 고급 녹차 티음료, 가볍고 편안한 화이트 와인과 핑거푸드가 조화를 이루는 복합 문화 공간입니다. 야외 테라스와 감각적인 인테리어, 음악이 어우러져 편안하고 즐거운 분위기를 제공합니다. 카페와 와인바의 특성을 지닌 공간으로, 일상에서의 즐거움과 여유를 추구하는 고객에게 적합합니다.",
  "metadata": {
    "budget_range": "중",
    "spicy_available": "X",
    "vegetarian_options": "X",
    "main_ingredients_list": [
      "기타"
    ],
    "low_level_category": "카페, 와인바",
    "suitable_for": [
      "감각적인",
      "테라스",
      "여유로운",
      "편안한",
      "복합 문화 공간"
    ],
    "food_type_list": [
      "음료",
      "디저트류"
    ],
    "temperature_list": [
      "기타",
      "상"
    ],
    "high_level_category": "기타"
  }
}