{
  "id": 48061,
  "store_name": "로컬코너(1호점)",
  "llm_summary": "로컬코너(1호점)은 서울 양천구 목동서로에 위치한 카페로, 달콤한 디저트와 다양한 커피 메뉴를 제공합니다. 대표 시그니처 디저트로는 복숭아케이크, 판나코타, 자몽얼그레이케이크가 있으며, 그 외에도 레몬바질소르베, 플레인피낭시에, 추러스피낭시에, 무화과크림치즈피낭시에, 얼그레이피낭시에 등 다양한 디저트류가 준비되어 있습니다. 음료 메뉴로는 아메리카노와 카페라테가 있으며, 전체 메뉴 가격대는 2,400원에서 7,300원 사이입니다. 매장은 날씨가 좋은 날에는 통창을 열어 선선한 바람을 맞으며 여유로운 시간을 보내기 좋은 분위기를 자랑합니다. 2022년 10월 3일에 개업했으며, 평일 오전 8시부터 오후 8시까지, 주말은 오전 9시부터 오후 7시까지 운영합니다. 명절 연휴에는 휴무입니다. 메뉴는 맵지 않으며, 주재료는 주로 기타 재료로 구성되어 있습니다. 인스타그램 계정도 운영 중입니다.",
  "rag_text": "달콤한 디저트와 커피를 다양하게 제공하는 카페로, 복숭아케이크, 판나코타, 자몽얼그레이케이크가 시그니처 메뉴입니다. 날씨 좋은 날 통창을 열어 선선한 바람을 맞으며 여유로운 시간을 즐길 수 있는 편안하고 아늑한 분위기의 공간입니다. 다양한 테마의 디저트류와 음료를 제공하며, 특별한 라벨 없이 누구나 부담 없이 방문할 수 있는 카페입니다.",
  "metadata": {
    "budget_range": "중",
    "spicy_available": "X",
    "vegetarian_options": "X",
    "main_ingredients_list": [
      "기타"
    ],
    "low_level_category": "카페",
    "suitable_for": [
      "여유로운 시간",
      "편안한 분위기"
    ],
    "food_type_list": [
      "디저트류",
      "음료"
    ],
    "temperature_list": [
      "상",
      "기타",
      "냉"
    ],
    "high_level_category": "기타"
  }
}