{
  "id": 48149,
  "store_name": "누룩앤몰트",
  "llm_summary": "누룩앤몰트는 서울 마포구 서교동에 위치한 무국적술집으로, 전통주와 주인장이 직접 블렌딩한 위스키를 다양한 요리와 함께 즐길 수 있는 주점입니다. 스테이크, 해산물, 회, 피자 등 폭넓은 안주 메뉴를 제공하며, 대표 메뉴로는 브리&카망베르치즈구이플람베, 대하버터구이, 갈빗살스테이크, 광어세비체, 차돌관자새우삼합버터구이, 감바스알아히요, 오징어버터구이, 소시지베이컨구이, 콤비네이션피자, 해각포가 있습니다. 모든 메뉴는 온음식이며, 가격대는 7,000원에서 20,000원 사이입니다. 매주 일요일 휴무이며, 영업시간은 월~토요일 18:00부터 다음날 02:00까지 (마지막 주문 01:00)입니다. 술과 함께 즐기기 좋은 분위기의 장소로, 다양한 양식 안주를 전통주와 위스키와 함께 경험할 수 있습니다. 현재 독자 리뷰는 없으며, 레드리본이나 서울 2025 선정은 되어 있지 않습니다.",
  "rag_text": "누룩앤몰트는 다양한 요리를 전통주와 위스키와 함께 즐길 수 있는 무국적술집입니다. 스테이크, 해산물, 회, 피자 등 양식 테마의 다양한 안주가 준비되어 있으며, 주인장이 직접 블렌딩한 위스키를 맛볼 수 있습니다. 술 한잔하기 좋은 분위기로 편안하게 즐길 수 있는 공간입니다.",
  "metadata": {
    "budget_range": "중",
    "spicy_available": "X",
    "vegetarian_options": "X",
    "main_ingredients_list": [
      "기타",
      "패류",
      "육류",
      "어류"
    ],
    "low_level_category": "무국적술집",
    "suitable_for": [
      "술자리",
      "편안한"
    ],
    "food_type_list": [
      "기타",
      "해산물류",
      "고기류"
    ],
    "temperature_list": [
      "온"
    ],
    "high_level_category": "양식"
  }
}