{
  "id": 48173,
  "store_name": "사케즈키",
  "llm_summary": "사케즈키는 서울 동대문구 용두동에 위치한 이자카야로, 10년 이상 요리 경력을 가진 셰프가 운영하는 무국적 수제요리 주점입니다. 신촌에서 6년간 운영 후 이사한 아담하고 편안한 분위기의 매장으로, 테라스 공간은 합법적인 옥외영업 허가를 받았습니다. 모든 재료는 직접 선별하여 구매하며, 대부분의 요리는 수제로 조리되고 주문 즉시 조리가 시작됩니다. 메뉴는 100여 가지 이상으로 지속적으로 개발 및 리뉴얼되어 다양한 소스와 조리법을 활용한 다채로운 요리를 선보입니다. 대표 메뉴로는 쯔유오일로 숙성한 와규 설깃살 소고기다타키, 노르웨이산 슈페리얼급 생연어회, 해산물과 사골베이스 육수를 활용한 매콤한 나가사키짬뽕나베가 있으며, 구이, 튀김, 탕 등 다양한 일식 요리를 즐길 수 있습니다. 기본 안주로 양배추가 제공되며, 주류 반입 시 콜키지 비용이 부과됩니다. 영업시간은 월~목요일 17:30~24:00, 금~토요일 17:30~01:00이며, 매주 일요일은 휴무입니다. 주차는 골목에 가능하며, 예약도 가능합니다. 가성비 좋은 가격대에 다양한 일식 메뉴와 술을 편안한 분위기에서 즐길 수 있는 이자카야입니다.",
  "rag_text": "다양한 요리와 술을 즐길 수 있는 이자카야로, 구이, 튀김, 탕 등 다채로운 일식 메뉴를 제공하며 대표 메뉴는 소고기다타키와 나가사키짬뽕나베입니다. 10년 이상 경력의 셰프가 직접 조리하는 무국적 수제요리 주점으로, 아담하고 편안한 분위기에서 가성비 좋은 다양한 소스와 조리법의 수제 요리를 즐길 수 있습니다. 테라스 공간이 있어 쾌적한 식사가 가능하며, 다양한 주류와 함께 술 한잔하기 좋은 장소입니다.",
  "metadata": {
    "budget_range": "중",
    "spicy_available": "O",
    "vegetarian_options": "X",
    "main_ingredients_list": [
      "육류",
      "어류",
      "기타",
      "패류",
      "조류"
    ],
    "low_level_category": "이자카야",
    "suitable_for": [
      "가성비",
      "편안한 분위기",
      "술자리",
      "테라스"
    ],
    "food_type_list": [
      "고기류",
      "기타",
      "면류",
      "해산물류"
    ],
    "temperature_list": [
      "온",
      "생",
      null
    ],
    "high_level_category": "일식"
  }
}