{
  "id": 4820,
  "store_name": "솔터",
  "llm_summary": "서울 강동구 암사동에 위치한 '솔터'는 2003년에 개업한 전골요리 전문점입니다. 이곳은 갖가지 한약재를 넣어 진하게 끓인 사골 육수를 사용해 건강과 맛을 모두 잡은 한방오리전골, 도가니전골, 꼬리전골 등 다양한 전골 메뉴를 선보입니다. 메뉴는 한식 테마의 국물류로, 온기가 있는 전골 요리들이 주를 이루며, 꼬리전골은 매운맛 옵션도 제공합니다. 외관은 가정집과 비슷해 아늑한 분위기에서 식사할 수 있으며, 특허를 받은 전골요리가 이 집의 자랑입니다. 영업시간은 월요일부터 토요일까지 11시부터 22시까지이며, 일요일은 휴무입니다. 가격대는 35,000원에서 75,000원 사이로 중고가에 속합니다. 공식 웹사이트를 운영하며, 전화 예약도 가능합니다.",
  "rag_text": "암사동에 위치한 전골요리 전문 한식당으로, 갖가지 한약재를 넣은 진한 사골 육수로 건강과 맛을 동시에 추구합니다. 외관은 가정집과 비슷해 아늑한 분위기를 자아내며, 특허받은 전골요리가 자랑인 한식 국물류 전문점입니다.",
  "metadata": {
    "budget_range": "중",
    "spicy_available": "O",
    "vegetarian_options": "X",
    "main_ingredients_list": [
      "조류",
      "육류",
      "기타"
    ],
    "low_level_category": "오리탕",
    "suitable_for": [],
    "food_type_list": [
      "국물류"
    ],
    "temperature_list": [
      "온"
    ],
    "high_level_category": "한식"
  }
}