{
  "id": 48260,
  "store_name": "육국",
  "llm_summary": "육국은 서울 성동구 성수동2가에 위치한 대구식 육개장 전문점으로, 일반적인 육개장과 차별화된 진하게 고아낸 사골육수에 양념을 더한 육개장 스타일의 홍국과 깔끔한 맛이 돋보이는 백국을 주메뉴로 제공합니다. 사이드 메뉴로는 얇게 썬 사태를 비롯해 매운사태볶음, 수육냉채 등이 있으며, 한식 국물류와 고기류 중심의 메뉴 구성을 갖추고 있습니다. 가격대는 11,000원부터 25,000원 사이로 중간 수준이며, 맵지 않은 메뉴가 주를 이루나 매운사태볶음은 매운맛 옵션도 제공합니다. 매장은 월요일부터 토요일까지 오전 11시부터 오후 9시까지 운영하며, 매주 일요일은 휴무입니다. 아크밸리 지식산업센터 민영 주차장을 이용할 수 있고, 인스타그램(@yookguk_zip)으로도 소식을 접할 수 있습니다. 블루리본 선정이나 서울 2025 선정은 되어 있지 않으며, 독자 리뷰는 아직 등록되지 않았습니다.",
  "rag_text": "대구식 육개장 전문 한식당으로, 진한 사골육수와 양념이 조화된 홍국과 깔끔한 백국을 중심으로 한 국물류 및 고기류 메뉴를 제공합니다. 전통적인 한식의 맛을 살리면서도 매운사태볶음과 같은 매운 메뉴도 갖추고 있어 다양한 입맛을 만족시킵니다. 조용하고 편안한 분위기에서 가족 모임이나 점심 식사에 적합한 곳입니다.",
  "metadata": {
    "budget_range": "중",
    "spicy_available": "O",
    "vegetarian_options": "X",
    "main_ingredients_list": [
      "기타",
      "육류"
    ],
    "low_level_category": "육개장",
    "suitable_for": [
      "가족모임",
      "점심식사",
      "조용한"
    ],
    "food_type_list": [
      "국물류",
      "기타",
      "고기류"
    ],
    "temperature_list": [
      "온"
    ],
    "high_level_category": "한식"
  }
}