{
  "id": 48427,
  "store_name": "청류(문정점)",
  "llm_summary": "청류(문정점)은 서울 송파구 문정동에 위치한 평양냉면 전문 한식당으로, 2024년 8월에 개업하였다. 이곳은 경기도 파주 DMZ 인근에서 조달한 신선한 재료와 충북 음성의 최고 등급 투뿔한우(1++)를 사용하여 깊고 정갈한 평양냉면과 한우곰탕 등 다양한 메뉴를 제공한다. 대표 메뉴인 평양냉면은 내몽골산 프리미엄 메밀면에 투뿔한우 양지, 사태, 스지 부위를 활용한 맑고 청량한 육수가 특징이며, 직접 끓인 간장으로 맛을 더해 반찬과 함께 즐기기 좋다. 메뉴는 평양냉면, 한우곰탕, 청류식 한우투뿔 불고기, 얼큰한우곰탕, 서울식진한비빔냉면, 한우수육냉채, 한돈냉제육, 청류고사리만두 등 다양하며, 매일 신선한 재료와 엄격한 육수 관리로 전통성과 품질을 유지한다. 영업시간은 매일 11시부터 22시까지이며, 14:30~16:00 브레이크타임이 있다. 청류는 자연과 농부의 정성을 담아 조용하고 깊은 평양의 맛을 선사하며, 쌀, 메밀, 한우, 배식초 및 간장 등 모든 재료를 철저히 관리하여 자극적이지 않고 은은한 단맛과 고유의 맛을 살리고 있다. 고객에게는 선물과 같은 한 그릇 음식을 제공하는 것을 목표로 한다.",
  "rag_text": "평양냉면 전문 한식당으로, 청류(문정점)는 고요하고 깊은 평양의 맛을 담아내며, DMZ 인근 청정지역에서 조달한 신선한 재료와 최고급 투뿔한우를 사용한다. 자연의 풍요로움과 농부의 정성을 담아낸 음식으로, 전통적이면서도 정직한 맛을 추구한다. 조용하고 품격 있는 분위기에서 평양냉면과 한우곰탕, 불고기 등 다양한 한식 메뉴를 제공한다. 자극적이지 않고 은은한 단맛과 깊은 육수 맛이 조화를 이루며, 건강한 재료 관리와 전통성을 강조한다.",
  "metadata": {
    "budget_range": "중",
    "spicy_available": "O",
    "vegetarian_options": "X",
    "main_ingredients_list": [
      "기타",
      "육류"
    ],
    "low_level_category": "평양냉면",
    "suitable_for": [
      "조용한",
      "전통적",
      "품격있는",
      "가족모임",
      "비즈니스"
    ],
    "food_type_list": [
      "면류",
      "국물류",
      "고기류",
      "기타"
    ],
    "temperature_list": [
      "냉",
      "온"
    ],
    "high_level_category": "한식"
  }
}