{
  "id": 48535,
  "store_name": "루미노다이닝바",
  "llm_summary": "루미노다이닝바는 서울 서초구 반포동에 위치한 이탈리안 와인바로, 2024년 3월에 개업한 신생 다이닝 바입니다. 이곳은 이탈리안 요리와 와인을 함께 즐길 수 있으며, 대표 메뉴로는 한우 1+ 등급 우둔살을 사용한 비프타르타르가 있습니다. 비프타르타르는 안초비 아이올리와 김부각을 곁들여 제공되며, 생면으로 만든 버섯크림파스타, 라자냐, 파리지엥느뇨키 등 다양한 파스타류도 인기가 많습니다. 고기류 메뉴로는 한우채끝스테이크와 가리비관자스테이크가 있고, 해산물류인 광어세비체, 디저트류인 가지부르스게타도 제공합니다. 메뉴 가격대는 15,000원에서 43,000원 사이이며, 매주 일요일 휴무, 월요일부터 토요일까지는 오후 6시부터 자정까지 영업합니다. 매장 분위기는 이탈리안 다이닝 바로 와인과 함께 고급스러운 식사를 즐길 수 있는 곳으로, 인스타그램 계정(@lumino.dining)을 통해 소식을 확인할 수 있습니다. 현재까지 독자 리뷰는 등록되어 있지 않습니다.",
  "rag_text": "이탈리안 요리와 와인을 함께 즐길 수 있는 다이닝 바로, 대표 메뉴는 한우 1+ 우둔살 비프타르타르이며 생면 파스타도 인기가 많습니다. 와인바 분위기의 고급 양식 전문점으로, 편안하고 세련된 분위기에서 다양한 이탈리안 고기류, 해산물, 파스타 및 디저트를 제공합니다.",
  "metadata": {
    "budget_range": "중",
    "spicy_available": "X",
    "vegetarian_options": "X",
    "main_ingredients_list": [
      "육류",
      "기타",
      "어류"
    ],
    "low_level_category": "와인바",
    "suitable_for": [],
    "food_type_list": [
      "고기류",
      "면류",
      "해산물류",
      "디저트류"
    ],
    "temperature_list": [
      "생",
      "온",
      "상"
    ],
    "high_level_category": "양식"
  }
}