{
  "id": 4861,
  "store_name": "시추안하우스",
  "llm_summary": "시추안하우스는 서울 강남구 삼성동 M타워 1층에 위치한 사천식 중식 레스토랑으로, 2009년 8월에 개업하여 오랜 전통을 자랑합니다. 블루리본 서베이 2025년판에 수록된 레드리본 선정 맛집이며, 2개의 리본을 획득해 신뢰받는 품질을 보장합니다. 이곳에서는 강한 향과 매운맛이 특징인 사천 요리를 한국인의 입맛에 맞게 선보이며, 대표 메뉴로는 마라탕면, 해산물마라샹궈, 라즈지, 마라소고기전골, 사천식게살볶음밥 등이 있습니다. 매운 음식을 선호하지 않는 고객을 위해 탕수육, 궈바로우, 대게살볶음, 동파육 등도 준비되어 있습니다. 모든 메뉴는 온(따뜻한) 요리로 제공되며, 가격대는 18,000원에서 55,000원 사이로 중상급에 해당합니다. 주재료는 육류, 어류, 패류, 조류 등 다양하며, 해산물과 고기 요리가 고루 분포되어 있습니다. 매장은 가족 외식, 비즈니스 다이닝, 연인과의 데이트에 모두 적합하며 프라이빗룸이 구비되어 있습니다. 발레파킹이 제공되고, 삼성역 5번 출구에서 도보로 접근이 용이합니다. 영업시간은 매일 11:30~22:00(마지막 주문 21:00)이며 연중무휴입니다. 공식 홈페이지와 인스타그램 계정을 운영하고 있습니다.",
  "rag_text": "강한 향과 매운맛을 한국인의 입맛에 맞춰 선보이는 사천식 중식 레스토랑. 레드리본 선정 및 서울 2025 맛집으로, 다양한 중식 테마의 요리를 제공한다. 라즈지, 마라상궈, 마라탕면 등 사천 특유의 매운 요리가 인기이며, 매운 음식을 선호하지 않는 이들을 위한 탕수육, 궈바로우, 대게살볶음 등도 준비되어 있다. 가족 외식, 비즈니스 다이닝, 연인과의 데이트에 모두 어울리며 프라이빗룸이 있어 사적인 모임에도 적합하다. 전체적으로 고급스럽고 쾌적한 분위기의 중식당이다.",
  "metadata": {
    "budget_range": "중",
    "spicy_available": "O",
    "vegetarian_options": "X",
    "main_ingredients_list": [
      "기타",
      "어류",
      "육류",
      "조류",
      "패류"
    ],
    "low_level_category": "사천식중식",
    "suitable_for": [
      "레드리본",
      "서울 2025",
      "가족모임",
      "비즈니스",
      "연인",
      "프라이빗룸",
      "고급",
      "사적인모임"
    ],
    "food_type_list": [
      "면류",
      "해산물류",
      "고기류",
      "국물류",
      "밥류"
    ],
    "temperature_list": [
      "온"
    ],
    "high_level_category": "중식"
  }
}