{
  "id": 48831,
  "store_name": "오일리버거(잠실석촌호수직영점)",
  "llm_summary": "오일리버거(잠실석촌호수직영점)은 서울 송파구 백제고분로41길에 위치한 햄버거 전문점으로, 신선한 채소와 두툼한 소고기 패티가 특징인 다양한 햄버거를 제공합니다. 대표 메뉴로는 오일리버거, 트로피칼버거, 새우버거, 아보카도버거, 더블오일리버거, 맥앤치즈버거, 더블트러블버거, 더블치즈버거가 있으며, 가격대는 9,800원에서 15,000원 사이입니다. 새우버거는 통새우의 식감이 살아있고, 아보카도버거는 담백한 맛이 햄버거와 잘 어울립니다. 매장은 1~2층에 위치해 있으며, 석촌역 인근 노상공영주차장을 유료로 이용할 수 있습니다. 영업시간은 화~목요일 11:00~21:00, 금~토요일 11:00~22:00, 일요일 11:00~21:00이며, 매주 월요일은 휴무입니다. 브레이크타임은 15:00~16:30 또는 16:00까지이고, 마지막 주문 시간은 영업 종료 30분 전입니다. 인스타그램 계정(http://instagram.com/oilyburger)도 운영 중입니다. 블루리본 사이트에서는 아직 독자 리뷰가 등록되어 있지 않으며, 가격과 메뉴, 영업시간 등은 변동될 수 있습니다.",
  "rag_text": "오일리버거(잠실석촌호수직영점)는 신선한 채소와 두툼한 패티가 들어간 햄버거 전문 양식당입니다. 소고기 패티는 육즙이 풍부하고, 새우버거는 통새우의 식감이 뛰어나며, 아보카도는 담백한 맛으로 햄버거와 잘 어울립니다. 전반적으로 깔끔하고 신선한 재료를 사용하는 캐주얼한 분위기의 햄버거 전문점입니다.",
  "metadata": {
    "budget_range": "중",
    "spicy_available": "X",
    "vegetarian_options": "X",
    "main_ingredients_list": [
      "육류",
      "패류"
    ],
    "low_level_category": "햄버거",
    "suitable_for": [],
    "food_type_list": [
      "기타"
    ],
    "temperature_list": [
      "온"
    ],
    "high_level_category": "양식"
  }
}