{
  "id": 48962,
  "store_name": "뮬랭듀몽드",
  "llm_summary": "뮬랭 듀 몽드는 서울 종로구 누하동에 위치한 쌀가루만을 사용하여 건강한 빵과 디저트를 선보이는 베이커리입니다. 밀가루, 방부제, 표백제, 유화제를 전혀 사용하지 않고 오직 국내산 쌀과 찹쌀가루만을 사용해 만든 제품들이 특징이며, 소금과 설탕이 들어가지 않은 아기쌀식빵이 시그니처 메뉴입니다. 식빵을 주력으로 하여 카스테라, 쿠키, 마들렌, 브라우니, 타르트 등 다양한 쌀 디저트를 제공합니다. 모든 연령층과 건강 상태에 구애받지 않고 먹을 수 있도록 개발된 제품들로, 특히 암투병 환자, 당뇨환자, 임산부, 어린아이, 반려동물, 소화가 잘 안 되는 어르신들도 안심하고 즐길 수 있습니다. 메뉴로는 아기쌀식빵, 우유쌀식빵, 치즈쌀식빵, 초코쌀식빵, 허니쌀마들렌, 플레인쌀쿠키, 초코쌀쿠키, 에그쌀파이, 블루베리찹쌀타르트, 크림치즈찹쌀브라우니 등이 있으며, 가격대는 1,700원부터 8,500원 사이입니다. 2015년 10월에 개업하여 10년간 쌓아온 노하우를 바탕으로 건강하고 맛있는 수제 쌀 빵과 디저트를 제공하고 있습니다. 영업시간은 월요일과 수요일부터 일요일까지 11시부터 20시까지이며, 매주 화요일은 휴무입니다. 예약 및 제품 구매는 네이버 스마트스토어와 인스타그램을 통해 가능합니다.",
  "rag_text": "쌀로 만든 빵을 맛볼 수 있는 베이커리로, 소금과 설탕 없이 건강한 아기쌀식빵이 시그니처 메뉴입니다. 밀가루 대신 국내산 쌀가루만 사용하며, 무방부제, 무표백제, 무유화제로 첨가물 없이 건강하게 만듭니다. 온 가족이 건강하게 즐길 수 있는 베이커리로, 남녀노소 모두에게 적합하며, 암환자, 당뇨환자, 임산부, 어린아이, 반려동물, 소화가 어려운 어르신까지 모두를 배려한 제품 철학을 가지고 있습니다. 다양한 쌀 디저트와 식빵을 제공하며, 건강함과 담백함을 강조합니다.",
  "metadata": {
    "budget_range": "저",
    "spicy_available": "X",
    "vegetarian_options": "X",
    "main_ingredients_list": [
      "기타"
    ],
    "low_level_category": "식빵",
    "suitable_for": [
      "가족모임",
      "건강식",
      "남녀노소",
      "암환자",
      "당뇨환자",
      "임산부",
      "영유아",
      "반려동물",
      "어르신"
    ],
    "food_type_list": [
      "디저트류"
    ],
    "temperature_list": [
      "기타"
    ],
    "high_level_category": "디저트류"
  }
}