{
  "id": 4908,
  "store_name": "학림",
  "llm_summary": "학림은 1950년대 이후 많은 문학가와 예술인이 방문한 전통 있는 다방으로, 시인 김지하가 즐겨 찾았으며 황석영, 김민기 씨도 가끔 방문하는 추억의 장소입니다. 원두를 직접 갈아 커피를 제공하여 현대인의 입맛에도 맞는 커피전문점입니다. 서울특별시 종로구 대학로 119 (명륜4가)에 위치해 있으며, 1956년에 개업하였습니다. 월요일부터 일요일까지 오전 10시부터 오후 11시까지 운영하며, 설날 당일만 휴무입니다. 메뉴는 비엔나커피, 아메리카노, 카페라테, 레몬차, 유자차, 홍차라테, 인삼차, 셰이크, 스무디, 홍차, 한방냉차 등 다양한 음료와 크림치즈케이크, 파르페 같은 디저트류를 포함하여 가격대는 5,500원에서 9,000원 사이입니다. 혜화역 3번 출구에서 직진하면 쉽게 찾을 수 있고, 종로약국 옆에 위치해 있습니다. 음악 감상과 함께 역사가 오래된 분위기를 느낄 수 있는 장소로, 서울 2025 맛집으로 선정된 바 있습니다.",
  "rag_text": "1950년대부터 이어져 온 전통 있는 다방으로, 문학가와 예술인들의 추억이 깃든 장소입니다. 원두를 직접 갈아 커피를 제공하며 현대인의 입맛에도 맞는 커피전문점입니다. 서울 2025 선정 맛집으로서 클래식하고 역사적인 분위기에서 음악 감상을 즐길 수 있습니다. 다양한 음료와 디저트류를 제공하며 아늑하고 조용한 분위기로 데이트나 문화 예술 모임에 적합한 공간입니다.",
  "metadata": {
    "budget_range": "중",
    "spicy_available": "X",
    "vegetarian_options": "X",
    "main_ingredients_list": [
      "기타"
    ],
    "low_level_category": "커피전문점",
    "suitable_for": [
      "서울 2025 선정",
      "조용한",
      "데이트",
      "문화 예술 모임",
      "전통",
      "음악 감상"
    ],
    "food_type_list": [
      "음료",
      "디저트류"
    ],
    "temperature_list": [
      "기타",
      "상",
      "냉"
    ],
    "high_level_category": "기타"
  }
}