{
  "id": 49133,
  "store_name": "청춘남원추어탕",
  "llm_summary": "청춘남원추어탕은 서울 노원구 상계동에 위치한 추어탕 전문점으로, 2018년 6월 25일에 개업하였다. 이곳은 가마솥에서 끓인 구수한 국물의 추어탕을 제공하며, 다진 마늘, 고추, 부추, 들깻가루, 제핏가루 등 다양한 재료를 취향에 맞게 넣어 먹을 수 있다. 대표 메뉴로는 추어탕, 양많이추어탕, 통추어탕과 추어튀김, 추어고추군만두, 추어고추깻잎튀김, 모둠튀김 등이 있으며, 가격대는 9,000원부터 25,000원까지 다양하다. 모든 메뉴는 온기로 제공되며, 어류가 주재료로 사용된다. 매주 일요일은 휴무이며, 운영시간은 월요일부터 토요일까지 오전 11시부터 오후 8시까지, 마지막 주문은 7시 30분이다. 추어탕과 함께 추어튀김을 함께 즐기는 것을 추천한다. 현재 블루리본 선정이나 서울 2025 선정 등은 되어 있지 않으며, 독자 리뷰는 아직 등록되어 있지 않다.",
  "rag_text": "가마솥에서 끓인 전통 추어탕 전문 한식당으로, 구수하고 진한 국물 맛이 특징이다. 다진 마늘, 고추, 부추, 들깻가루, 제핏가루 등 다양한 재료를 취향에 맞게 조합하여 즐길 수 있다. 통추어탕과 추어튀김 등 다양한 어류 기반 메뉴를 제공하며, 따뜻한 온기 메뉴 중심이다. 전통적인 한식 분위기로 가족 모임이나 편안한 식사에 적합하다.",
  "metadata": {
    "budget_range": "중",
    "spicy_available": "O",
    "vegetarian_options": "X",
    "main_ingredients_list": [
      "어류",
      "기타"
    ],
    "low_level_category": "추어탕",
    "suitable_for": [
      "가족모임",
      "편안한식사",
      "전통한식"
    ],
    "food_type_list": [
      "국물류",
      "기타"
    ],
    "temperature_list": [
      "온"
    ],
    "high_level_category": "한식"
  }
}