{
  "id": 49220,
  "store_name": "남원골추어탕",
  "llm_summary": "남원골추어탕은 서울 영등포구 대림동에 위치한 2001년부터 운영된 정통 남원식 추어탕과 민물장어구이 전문점입니다. 추어탕은 미꾸라지를 삶아 곱게 으깬 뒤 된장과 우거지를 넣어 깊고 진한 맛을 내는 갈탕과, 미꾸라지를 통째로 끓여내는 통탕 두 가지 방식으로 제공되며, 1인 식사도 가능합니다. 민물장어구이는 소금구이와 양념구이로 나뉘며, 정식 주문 시 10가지 이상의 다양한 밑반찬이 함께 제공되어 푸짐합니다. 미꾸라지 튀김은 깻잎에 싸서 튀긴 술안주로 인기가 높고, 추어전골은 주로 여러 손님이 함께 방문했을 때 즐기는 메뉴입니다. 내부는 향토 음식점 특유의 분위기를 풍기며, 호남 음식답게 맛 좋은 반찬들이 다양하게 나옵니다. 메뉴 가격은 12,000원에서 45,000원 사이로 추어탕, 추어튀김, 장어구이, 장어정식, 추어전골, 복분자 등이 있으며, 매일 오전 10시부터 오후 10시까지 영업하고 설날과 추석 당일만 휴무입니다. 매장 앞 인도 내 주차구역이나 차도 주차구역을 이용할 수 있고, 주류 반입도 가능합니다.",
  "rag_text": "남원골추어탕은 남원식 전통 추어탕과 민물장어구이를 전문으로 하는 한식 향토 음식점으로, 깊고 진한 맛의 갈탕과 통탕 추어탕, 소금구이와 양념구이 장어구이를 선보입니다. 내부는 향토 음식점 특유의 분위기를 자아내며, 호남 음식의 맛 좋은 반찬이 풍성하게 제공되어 가족 모임이나 여러 손님과 함께하는 식사에 적합합니다. 미꾸라지 튀김은 술안주로도 인기가 높으며, 전골 메뉴는 단체 손님에게 추천됩니다. 전통적인 남원식 요리를 경험할 수 있는 정통 한식당입니다.",
  "metadata": {
    "budget_range": "중",
    "spicy_available": "O",
    "vegetarian_options": "X",
    "main_ingredients_list": [
      "육류",
      "어류",
      "기타"
    ],
    "low_level_category": "추어탕",
    "suitable_for": [
      "가족모임",
      "단체손님",
      "술안주",
      "전통음식"
    ],
    "food_type_list": [
      "국물류",
      "고기류",
      "음료"
    ],
    "temperature_list": [
      "온",
      "기타"
    ],
    "high_level_category": "한식"
  }
}