{
  "id": 49236,
  "store_name": "겨리",
  "llm_summary": "겨리는 서울특별시 도봉구 창동에 위치한 일식 전문점으로, 두툼하게 썬 숙성회가 풍부하게 올라간 카이센동을 주력 메뉴로 제공합니다. 이곳은 카이센동 외에도 사케동, 우나기동, 찌라시동, 시로미사케동, 다타키동, 가이바시사케동 등 다양한 일식 덮밥 메뉴를 선보이며, 모든 메뉴는 따뜻한 온도에서 제공됩니다. 매장은 카운터석만 마련되어 있어 아늑한 분위기에서 식사를 즐길 수 있습니다. 영업시간은 화요일부터 일요일까지 오전 11시 30분부터 오후 9시까지이며, 오후 3시부터 5시까지는 브레이크 타임이 있습니다. 매주 월요일은 휴무입니다. 2019년 11월 1일에 개업하였으며, 별도의 독자 리뷰는 아직 등록되어 있지 않습니다. 가격대는 메뉴별로 12,000원에서 26,000원 사이로 다양합니다. 가게의 상세 정보와 메뉴는 블루리본 사이트에서 확인할 수 있습니다.",
  "rag_text": "두툼하게 썬 숙성회가 가득 올려진 카이센동을 중심으로 다양한 일식 덮밥 메뉴를 제공하는 일식 전문점입니다. 카운터석만 마련된 아담한 매장으로, 정갈하고 집중된 식사 경험을 제공합니다. 신선한 해산물과 전통 일식 덮밥 메뉴를 통해 일본식 덮밥의 진수를 맛볼 수 있습니다.",
  "metadata": {
    "budget_range": "중",
    "spicy_available": "X",
    "vegetarian_options": "X",
    "main_ingredients_list": [
      "기타"
    ],
    "low_level_category": "카이센동",
    "suitable_for": [
      "아늑한",
      "일식",
      "카운터석"
    ],
    "food_type_list": [
      "국물류",
      "기타"
    ],
    "temperature_list": [
      "온"
    ],
    "high_level_category": "일식"
  }
}