{
  "id": 49261,
  "store_name": "모프먼트역삼",
  "llm_summary": "모프먼트역삼은 서울 강남구 역삼동 한빛빌딩 1층에 위치한 커피전문점으로, 직접 커피 원두를 로스팅하여 다양한 원두를 제공하는 곳입니다. 대표 시그니처 음료는 커피 위에 부드러운 크림을 올린 오리지널아인슈페너이며, 이외에도 모프라테, 라떼아인슈페너, 에스프레소, 아메리카노, 카페라테, 플랫화이트 등 다양한 커피 음료가 준비되어 있습니다. 디저트류로는 길쭉한 모양의 오리지널피낭시에가 제공되며, 음료와 함께 즐길 수 있습니다. 가격대는 2,800원에서 7,300원 사이로 다양하며, 메뉴 전반적으로 맵지 않은 음료와 디저트로 구성되어 있습니다. 매장은 월~금요일 08:00~21:00, 주말 10:00~18:00까지 운영하며 연중 무휴입니다. 공식 인스타그램(@moffmentcoffeebar)을 통해 추가 정보를 확인할 수 있습니다. 블루리본 Pick으로 선정되었으나 레드리본이나 서울 2025 선정은 되어 있지 않습니다. 독자 리뷰는 아직 등록되어 있지 않습니다.",
  "rag_text": "커피를 직접 로스팅하는 커피전문점으로, 다양한 원두와 부드러운 크림을 올린 시그니처 음료 오리지널아인슈페너를 제공한다. 음료와 잘 어울리는 길쭉한 피낭시에 디저트도 다양하게 준비되어 있으며, 편안하고 전문적인 커피 경험을 추구하는 공간이다.",
  "metadata": {
    "budget_range": "중",
    "spicy_available": "X",
    "vegetarian_options": "X",
    "main_ingredients_list": [
      "기타"
    ],
    "low_level_category": "커피전문점",
    "suitable_for": [],
    "food_type_list": [
      "음료",
      "디저트류"
    ],
    "temperature_list": [
      "기타",
      "상"
    ],
    "high_level_category": "기타"
  }
}