{
  "id": 4932,
  "store_name": "지구당(신사점)",
  "llm_summary": "지구당(신사점)은 서울 강남구 신사동에 위치한 아담한 규동 전문 일식덮밥 가게입니다. 서울대입구역 근처에서 가로수길로 이전해 영업 중이며, 혼자 방문하는 손님이 많아 3인 이상 출입이 제한되어 있습니다. 가게 입장은 인터폰을 눌러야 하는 독특한 시스템을 갖추고 있습니다. 메뉴는 요일제로 운영되며, 월·수·금요일에는 규동, 화·목·토요일에는 텐동을 주문할 수 있습니다. 주요 메뉴로는 규동(₩5,500), 치킨가라아게, 냉소바, 우동(각 3,800원)이 있으며 모두 일식 테마로 구성되어 있습니다. 메뉴는 고기류, 면류, 밥류 등으로 다양하며, 모두 맵지 않은 온/냉 메뉴로 제공됩니다. 영업시간은 월~금요일 11:30~20:30, 주말 11:30~18:00이며 공휴일은 휴무입니다. 2009년 6월 개업한 이 가게는 혼자 식사하는 손님에게 적합한 조용하고 아담한 공간을 제공합니다. 가격대는 ₩5,500 ~ ₩6,800로 중간 수준이며, 단체보다는 1~2인 방문에 적합합니다.",
  "rag_text": "아담하고 조용한 규동 전문 일식덮밥점으로, 혼자 방문하는 손님이 많아 3인 이상 출입이 제한됩니다. 인터폰을 눌러 입장하는 독특한 재미가 있으며, 규동과 텐동을 요일별로 주문할 수 있는 독특한 운영 방식을 갖추고 있습니다. 일식 테마의 온·냉 메뉴를 제공하며, 깔끔하고 소박한 분위기의 소규모 공간입니다.",
  "metadata": {
    "budget_range": "중",
    "spicy_available": "X",
    "vegetarian_options": "X",
    "main_ingredients_list": [
      "조류",
      "기타",
      "육류"
    ],
    "low_level_category": "일식덮밥",
    "suitable_for": [
      "혼밥",
      "조용한",
      "작은 모임"
    ],
    "food_type_list": [
      "고기류",
      "면류",
      "밥류"
    ],
    "temperature_list": [
      "온",
      "냉"
    ],
    "high_level_category": "일식"
  }
}