{
  "id": 494,
  "store_name": "남순남순대국",
  "llm_summary": "남순남순대국은 서울 강남구 도곡동에 위치한 한식 전문점으로, 순댓국과 순대를 중심으로 한 전통 한식 메뉴를 제공합니다. 이곳의 순댓국은 국물에서 누린내가 전혀 나지 않아 평소 순댓국을 선호하지 않는 사람도 부담 없이 즐길 수 있으며, 돼지고기의 양이 푸짐해 만족도가 높습니다. 새우젓, 다진 양념, 들깻가루, 후춧가루를 곁들여 고소하고 얼큰한 맛을 경험할 수 있습니다. 메뉴는 순댓국(₩10,000), 삼색순대(₩12,000), 수육(소 ₁₃,000원, 대 ₂₅,000원), 술국(₩25,000), 족발앞다리(₩40,000) 등으로 구성되어 있으며, 모두 온(따뜻한) 음식입니다. 매장은 강남 뱅뱅사거리 인근 뱅뱅건물 뒷골목에 위치해 가족과 외식하기 좋은 분위기를 갖추고 있습니다. 영업시간은 매일 10:00부터 21:30까지이며, 명절 연휴에는 휴무합니다. 1995년 개업한 오랜 전통의 맛집으로, 블루리본 서베이에도 소개된 바 있습니다. 독자 리뷰는 아직 등록되지 않았으나, 전통적인 한식 순댓국 전문점으로서의 신뢰를 받고 있습니다.",
  "rag_text": "전통 한식 순댓국 전문점으로, 국물에서 누린내가 나지 않아 순댓국을 선호하지 않는 사람도 편안히 즐길 수 있습니다. 돼지고기가 푸짐하게 들어가 고소하고 얼큰한 맛을 자랑하며, 새우젓, 다진 양념, 들깻가루, 후춧가루를 곁들여 먹는 것이 특징입니다. 가족과 외식하기 좋은 분위기의 강남 뱅뱅사거리 인근 위치한 한식당입니다.",
  "metadata": {
    "budget_range": "중",
    "spicy_available": "X",
    "vegetarian_options": "X",
    "main_ingredients_list": [
      "기타",
      "육류"
    ],
    "low_level_category": "순댓국, 순대",
    "suitable_for": [
      "가족모임"
    ],
    "food_type_list": [
      "국물류",
      "고기류"
    ],
    "temperature_list": [
      "온"
    ],
    "high_level_category": "한식"
  }
}