{
  "id": 49467,
  "store_name": "송림가",
  "llm_summary": "송림가는 서울 구로구 고척동에 위치한 40년 전통의 정통 한정식 전문 한식당입니다. 중소벤처기업부가 선정한 백년가게로서, 질 좋은 한우와 돼지갈비를 숯불에 구워 제공하며, 다양한 한정식 코스 메뉴도 준비되어 있습니다. 대표 메뉴로는 부귀한정식, 행복한정식, 수복한정식과 한우꽃등심, 숯불양념갈비, 한우숯불양념갈비, 한우갈비탕, 물/비빔냉면 등이 있으며, 가격대는 13,000원에서 78,000원 사이입니다. 넓은 홀과 다양한 크기의 룸이 마련되어 있어 가족 모임, 상견례, 회식 등 격식 있는 자리에도 적합합니다. 특히 조용하고 아늑한 공간과 정성스러운 서비스로 구로지역뿐 아니라 멀리서도 상견례 장소로 많이 찾는 명소입니다. 점심특선 메뉴도 제공하여 인근 직장인들에게 인기가 높으며, LA갈비, 보리굴비 선물세트 등 선물용 프리미엄 제품도 판매 중입니다. 영업시간은 매일 11:30부터 21:30까지이며 브레이크타임은 15:00~17:00, 마지막 주문은 20:45입니다. 주류 반입 시 콜키지 비용이 발생합니다. 송림가는 신선한 재료와 정성으로 차려낸 한식 코스와 숯불구이 전문점으로, 가족과 비즈니스 모임, 특별한 행사에 최적화된 전통 한식당입니다.",
  "rag_text": "40년 전통의 한식 전문점으로, 질 좋은 한우와 돼지갈비를 숯불에 구워 제공하며 다양한 한정식 코스를 갖추고 있습니다. 넓고 품격 있는 홀과 프라이빗 룸을 보유하여 가족 모임, 상견례, 회식 등 격식 있는 자리와 조용하고 아늑한 분위기에 적합한 공간입니다. 신선한 재료와 정성스러운 손맛으로 차려낸 한식과 숯불구이를 즐길 수 있는 고척동 대표 한식당입니다.",
  "metadata": {
    "budget_range": "고",
    "spicy_available": "O",
    "vegetarian_options": "X",
    "main_ingredients_list": [
      "기타",
      "육류"
    ],
    "low_level_category": "한정식, 소고기구이",
    "suitable_for": [
      "가족모임",
      "상견례",
      "회식",
      "조용한",
      "격식있는자리"
    ],
    "food_type_list": [
      "기타",
      "고기류",
      "국물류",
      "면류"
    ],
    "temperature_list": [
      "온",
      "냉"
    ],
    "high_level_category": "한식"
  }
}