{
  "id": 49488,
  "store_name": "오스테리아타피",
  "llm_summary": "오스테리아타피는 서울 성북구 삼선동4가에 위치한 이탈리아식 레스토랑으로, 매일 반죽하는 생면 파스타를 전문으로 선보입니다. 대표 메뉴인 베니하루카고구마뇨키는 달콤한 당근퓌레와 고구마로 만든 부드러운 뇨키이며, 오징어먹물 생면과 보타르가의 감칠맛이 어우러진 탈리아텔레도 인기입니다. 그 외에도 한우라구비앙코, 블랙앵거스살치스테이크, 콜리플라워퓌레&도미스테이크 등 다양한 고기 및 어류 메뉴와 부라타카포나타, 머시룸샐러드, 페스카토레링귀니, 포르치니리조토, 브루스케타 등 다양한 이탈리아 요리를 제공합니다. 가격대는 6,000원에서 42,000원 사이이며, 월~토요일 11:30부터 22:00까지 운영하고, 매주 일요일은 휴무입니다. 성북구청 주차장 1시간 무료 이용이 가능하며, 인스타그램(@osteria_tapi)을 통해 소식을 확인할 수 있습니다. 2025년 11월 5일에 개업한 신생 맛집으로, 현재까지 독자 리뷰는 등록되어 있지 않습니다.",
  "rag_text": "오스테리아타피는 매일 반죽하는 신선한 생면 파스타를 제공하는 이탈리아식 레스토랑으로, 고구마뇨키와 당근퓌레의 달콤함, 오징어먹물 생면과 보타르가의 감칠맛이 어우러진 탈리아텔레가 시그니처 메뉴입니다. 다양한 고기류와 어류, 신선한 채소를 활용한 메뉴를 온기로 제공하며, 모던하면서도 정통 이탈리아 요리의 맛을 경험할 수 있는 곳입니다. 조용하고 편안한 분위기에서 가족 모임이나 데이트에 적합하며, 신선한 재료와 창의적인 조리법이 돋보이는 양식 전문점입니다.",
  "metadata": {
    "budget_range": "중",
    "spicy_available": "X",
    "vegetarian_options": "X",
    "main_ingredients_list": [
      "기타",
      "육류",
      "어류"
    ],
    "low_level_category": "이탈리아식",
    "suitable_for": [
      "데이트",
      "가족모임",
      "조용한"
    ],
    "food_type_list": [
      "기타",
      "고기류",
      "면류"
    ],
    "temperature_list": [
      "온",
      "상"
    ],
    "high_level_category": "양식"
  }
}