{
  "id": 49518,
  "store_name": "키노",
  "llm_summary": "키노는 서울 서초구 양재동에 위치한 일식 전문점으로, 오코노미야키와 야키소바를 주력 메뉴로 제공한다. 대표 메뉴는 두 가지 스타일의 오코노미야키로, 마반죽에 재료를 섞어 만드는 오사카풍과 재료를 층층이 쌓아 올리는 히로시마풍이 있다. 또한 야키소바와 라멘도 인기가 많아 다양한 일식 면류를 즐길 수 있다. 메뉴는 오사카풍오코노미야키(16,000원), 히로시마풍오코노미야키(17,000원), 키노라멘(9,500원), 돈코츠라멘(9,500원), 바질시오야키소바(17,000원), 클래식야키소바(16,000원), 살치살구이(28,000원), 육회(23,000원), 소고기다타키(30,000원), 명란구이(25,000원) 등으로 구성되어 있다. 영업시간은 월~금 11:00~24:00(브레이크타임 14:00~17:00), 일요일 17:00~24:00이며, 매주 토요일은 휴무다. 가격대는 ₩9,500에서 ₩30,000 사이로 중상급이며, 매운 메뉴는 따로 없고, 고기류와 면류 중심의 메뉴 구성이 특징이다. 매장에는 카운터석이 마련되어 있다. 2025년 4월 5일 개업한 신생 식당으로, 블루리본 선정이나 서울 2025 선정은 되어 있지 않다. 고객 리뷰는 아직 등록되지 않았다.",
  "rag_text": "일식 전문점으로 오코노미야키와 야키소바를 중심으로 다양한 일식 메뉴를 제공한다. 오사카풍과 히로시마풍 오코노미야키 두 가지 스타일을 선보이며, 라멘과 야키소바도 인기가 많다. 전통적인 일본식 조리법을 기반으로 한 메뉴 구성이며, 카운터석이 있어 일식의 정취를 느끼면서 식사할 수 있는 분위기이다.",
  "metadata": {
    "budget_range": "중",
    "spicy_available": "X",
    "vegetarian_options": "X",
    "main_ingredients_list": [
      "육류",
      "기타"
    ],
    "low_level_category": "오코노미야키",
    "suitable_for": [],
    "food_type_list": [
      "고기류",
      "면류"
    ],
    "temperature_list": [
      "온",
      "생",
      "상"
    ],
    "high_level_category": "일식"
  }
}