{
  "id": 49563,
  "store_name": "흑우정(강남역본점)",
  "llm_summary": "흑우정(강남역본점)은 서울 서초구 강남대로69길에 위치한 소고기구이 전문점으로, A5 등급의 프리미엄 와규(흑우)를 맛볼 수 있습니다. 고기와 잘 어울리는 네 가지 소스와 장아찌, 잡채 등 푸짐한 상차림이 제공되며, 프라이빗룸이 마련되어 있어 각종 모임이나 사적인 모임에 적합합니다. 주요 메뉴로는 시그니처 2인, 3인, 4인 세트부터 유기농메밀순면, 산양삼순메밀왕갈비탕, 꽃갈빗살, 꽃등심, 소고기곱창해장국, 한우투뿔유자육회비빔밥 등이 있으며, 가격대는 13,000원부터 285,800원까지 다양합니다. 매장은 월요일부터 일요일까지 오전 11시부터 오후 10시까지 운영하며, 추석 당일만 휴무입니다. 주차는 건물 옆 기계식 주차장 2시간 지원이 가능합니다. 전반적으로 고급 한식 소고기구이 전문점으로, 다양한 고기 메뉴와 전통 한식 요리를 즐길 수 있습니다.",
  "rag_text": "흑우정(강남역본점)은 프리미엄 A5 등급 와규를 제공하는 소고기 전문 한식당으로, 고기와 어울리는 다채로운 소스와 전통 반찬이 풍성하게 준비되어 있습니다. 프라이빗룸을 갖추어 조용하고 사적인 모임, 가족 모임, 비즈니스 다이닝에 적합한 분위기를 제공합니다. 한식 테마의 다양한 고기류와 국물류, 면류 메뉴가 있으며, 전통성과 현대적인 프리미엄 고기 요리를 결합한 고급 소고기구이 식당입니다.",
  "metadata": {
    "budget_range": "고",
    "spicy_available": "O",
    "vegetarian_options": "X",
    "main_ingredients_list": [
      "기타",
      "육류"
    ],
    "low_level_category": "소고기구이",
    "suitable_for": [
      "모임",
      "프라이빗룸",
      "사적인 모임",
      "비즈니스 다이닝",
      "가족모임"
    ],
    "food_type_list": [
      "기타",
      "면류",
      "국물류",
      "고기류",
      "밥류"
    ],
    "temperature_list": [
      "기타",
      "온",
      "생"
    ],
    "high_level_category": "한식"
  }
}