{
  "id": 49627,
  "store_name": "코시아커피",
  "llm_summary": "코시아커피는 서울 중구 신당동에 위치한 로스터리 카페로, 로우카페인 커피를 시그니처로 제공하는 커피전문점입니다. 대표 메뉴인 시그니처 블렌드 '엔트로피'는 콜롬비아 디카페인 원두와 에티오피아, 과테말라 원두를 조합해 산미와 단맛의 조화가 뛰어납니다. 또한, 고메 버터와 제철 감자를 사용한 감자케이크가 인기 있는 디저트입니다. 카페라테, 아메리카노, 에코, 선셋주스, 필터커피 등 다양한 음료가 준비되어 있으며, 베이컨&바질 에그머핀과 콘치즈&타임 에그머핀 같은 포만감 있는 디저트류도 제공합니다. 모든 라떼류는 락토프리 우유를 기반으로 한 시그니처 밀크를 사용하며, 시럽은 설탕을 20% 줄인 로우슈가 시럽으로 건강을 고려한 메뉴 구성이 특징입니다. 영업시간은 매일 오전 8시부터 오후 5시까지이며, 연중 무휴로 운영됩니다. 코시아커피는 카페인이 걱정되는 고객도 안심하고 즐길 수 있는 커피 문화를 지향하며, 약수역 인근에서 커피 문화를 시작하는 브랜드를 목표로 하고 있습니다.",
  "rag_text": "로우카페인 커피를 시그니처로 선보이는 로스터리 카페로, 콜롬비아 디카페인 원두와 에티오피아, 과테말라 원두의 조화로운 맛이 특징입니다. 건강을 고려한 락토프리 밀크와 로우슈가 시럽을 사용하며, 감자케이크 같은 고메 디저트도 제공합니다. 깨끗한 단맛과 산지 특성이 은은하게 드러나는 커피 문화를 추구하는 카페입니다.",
  "metadata": {
    "budget_range": "중",
    "spicy_available": "X",
    "vegetarian_options": "X",
    "main_ingredients_list": [
      "기타",
      "육류"
    ],
    "low_level_category": "커피전문점",
    "suitable_for": [],
    "food_type_list": [
      "음료",
      "디저트류",
      "기타"
    ],
    "temperature_list": [
      "기타",
      "상"
    ],
    "high_level_category": "기타"
  }
}