{
  "id": 504,
  "store_name": "성북동돼지갈비본점",
  "llm_summary": "성북동돼지갈비본점은 서울 성북구 성북동에 위치한 40여 년 역사를 자랑하는 돼지갈비 전문점입니다. 연탄불에 구워내는 돼지갈비구이 백반이 대표 메뉴로, 연탄불 향이 은은하게 배어 있으면서 기름기가 빠져 쫄깃한 식감이 특징입니다. 주요 메뉴로는 돼지불고기백반, 갈비백반, 떡갈비, 돼지불백, 불고기백반, 반반백반, 아버지냉면 등이 있으며, 냉면과 함께 나오는 세트도 인기가 많습니다. 메뉴 대부분이 한식 테마이며, 일부 메뉴는 매콤한 맛을 지니고 있습니다. 가족과 외식하기 좋은 분위기로, 코카-콜라 레드리본 맛집으로 선정되었고 서울 2025 맛집에도 선정되어 신뢰받는 맛집입니다. 영업시간은 월요일과 수요일부터 일요일까지 오전 9시부터 오후 8시 30분까지이며, 매주 화요일은 휴무입니다. 위치는 간송미술관 맞은편에 자리해 있어 찾기 쉽습니다. 가격대는 ₩9,000에서 ₩17,000 사이로 합리적이며, 전통적인 한식 돼지갈비구이와 다양한 백반 메뉴를 즐길 수 있습니다.",
  "rag_text": "성북동돼지갈비본점은 40여 년 전통의 돼지갈비 전문 한식당으로, 연탄불에 구워내는 돼지갈비구이 백반이 대표 메뉴입니다. 연탄불 향이 배어 쫄깃한 돼지갈비와 떡갈비, 갈비백반, 냉면 세트 등이 인기입니다. 가족과 외식하기 좋은 분위기의 코카-콜라 레드리본 맛집이며, 서울 2025 맛집으로 선정되어 신뢰받는 전통 한식 전문점입니다.",
  "metadata": {
    "budget_range": "중",
    "spicy_available": "O",
    "vegetarian_options": "X",
    "main_ingredients_list": [
      "육류",
      "기타"
    ],
    "low_level_category": "돼지갈비, 돼지불고기",
    "suitable_for": [
      "가족모임",
      "전통적인",
      "레드리본 맛집",
      "서울 2025 선정"
    ],
    "food_type_list": [
      "밥류",
      "고기류",
      "면류"
    ],
    "temperature_list": [
      "온",
      "상",
      "냉"
    ],
    "high_level_category": "한식"
  }
}