{
  "id": 512,
  "store_name": "속초생태집",
  "llm_summary": "속초생태집은 서울 중구 북창동에 위치한 한식 전문점으로, 고정 메뉴 없이 매일 신선한 재료에 따라 그날 가능한 메뉴와 가격을 제공하는 것이 특징입니다. 점심에는 주로 생태탕을, 저녁에는 자연산 회와 매운탕을 선보이며, 임연수어회, 갯상어회, 청어회무침, 가자미회, 보리새우회 등 다양한 생선회와 물곰, 도치, 삼숙이 등으로 끓인 매운탕도 맛볼 수 있습니다. 메뉴 가격대는 28,000원에서 65,000원 사이이며, 생태탕과 생대구, 물곰, 알도치탕, 모둠물회 등이 대표 메뉴입니다. 맵지 않은 메뉴들로 구성되어 있으며, 서울 2025 선정 맛집으로 인정받았습니다. 영업시간은 월~금요일 및 일요일 10:30~21:00, 토요일과 공휴일은 10:30~20:00이며, 명절 연휴에는 휴무입니다. 위치는 숭례문오거리에서 한국은행 방향으로 직진 후 좌측 두 번째 골목 진입 시 찾기 쉽습니다. 1999년에 개업하여 오랜 전통을 자랑합니다.",
  "rag_text": "속초생태집은 서울 2025 선정 한식 전문점으로, 신선한 재료에 따라 매일 다양한 생태탕과 자연산 생선회, 매운탕을 제공하는 전통적인 분위기의 맛집입니다. 임연수어회, 갯상어회, 청어회무침, 가자미회, 보리새우회 등 다양한 해산물 메뉴를 선보이며, 물곰, 도치, 삼숙이 매운탕으로 독특한 한식 경험을 제공합니다. 고정 메뉴 없이 매일 변하는 신선한 재료로 만든 건강한 한식 해산물 요리를 즐길 수 있는 곳입니다.",
  "metadata": {
    "budget_range": "중",
    "spicy_available": "X",
    "vegetarian_options": "X",
    "main_ingredients_list": [
      "어류",
      "기타"
    ],
    "low_level_category": "생태탕, 생선회",
    "suitable_for": [
      "서울 2025 선정",
      "전통적",
      "한식",
      "해산물",
      "조용한",
      "가족모임"
    ],
    "food_type_list": [
      "해산물류",
      "국물류"
    ],
    "temperature_list": [
      "생",
      "온"
    ],
    "high_level_category": "한식"
  }
}