{
  "id": 5227,
  "store_name": "금강바비큐",
  "llm_summary": "금강바비큐는 서울 서초구 반포동 사평대로에 위치한 바비큐치킨, 프라이드치킨, 호프 전문점입니다. 1986년에 개업하여 오랜 전통을 자랑하며, 생맥주와 다양한 종류의 치킨을 저렴하게 즐길 수 있는 곳으로 알려져 있습니다. 대표 메뉴는 숯불에 구워 숯향이 배어 있는 바비큐 치킨과 마늘 치킨이며, 양념치킨, 프라이드치킨, 숯불소금구이, 숯불바비큐 등 다양한 치킨 메뉴를 제공합니다. 모든 메뉴는 온기로 제공되며, 양념치킨만 매운맛을 포함하고 있습니다. 방문 시 계란말이가 서비스로 제공되어 가성비가 좋고, 연중 무휴로 오후 1시 30분부터 자정까지 운영되어 언제든 편리하게 방문할 수 있습니다. 교보타워 사거리에서 강남 고속터미널 방향으로 직진하면 오른편에 위치해 접근성도 뛰어납니다. 숯불 바비큐 치킨의 독특한 숯향과 다양한 치킨 메뉴, 저렴한 가격대, 그리고 생맥주와 함께 술 한잔하기 좋은 분위기가 특징입니다.",
  "rag_text": "생맥주와 치킨을 저렴하게 즐길 수 있는 바비큐치킨 전문점으로, 숯불에 구워 숯향이 배어 있는 바비큐 치킨과 마늘 치킨이 대표 메뉴입니다. 연중 무휴로 술 한잔하기 좋은 편안한 호프 분위기의 가게입니다. 다양한 치킨 메뉴를 제공하며, 따뜻한 온도에서 제공되는 메뉴들이 특징입니다.",
  "metadata": {
    "budget_range": "중",
    "spicy_available": "O",
    "vegetarian_options": "X",
    "main_ingredients_list": [
      "조류",
      "육류"
    ],
    "low_level_category": "바비큐치킨, 프라이드치킨, 호프",
    "suitable_for": [
      "술자리",
      "가성비",
      "편안한",
      "연중무휴"
    ],
    "food_type_list": [
      "고기류"
    ],
    "temperature_list": [
      "온"
    ],
    "high_level_category": "기타"
  }
}