{
  "id": 5661,
  "store_name": "남성집",
  "llm_summary": "남성집은 서울 동작구 사당동 이수사계시장 인근에 위치한 50년 전통의 순댓국, 수육 전문 노포입니다. 이곳은 순대가 들어가지 않은 독특한 순댓국으로 유명하며, 대신 머릿고기와 내장이 듬뿍 들어간 진하고 깔끔한 국물이 특징입니다. 돼지고기 특유의 잡내가 없고, 국물이 식어도 기름이 뜨지 않아 담백함과 진한 맛을 동시에 느낄 수 있습니다. 순대는 판매하지 않지만 머릿고기, 오소리감투, 새끼보, 곱창내장 등 다양한 돼지고기 부위를 활용한 메뉴가 준비되어 있어, 돼지고기 안주류도 인기가 많습니다. '순댓국'(11,000원), '순댓국 특'(13,000원), '섞어모둠', '오소리감투', '새끼보', '머릿고기', '곱창내장'(각 25,000원), '술국'(20,000원) 등 모든 메뉴가 따뜻하게 제공되며, 대부분 맵지 않아 남녀노소 모두 즐길 수 있습니다. 술국만 매운맛이 제공됩니다. 내장을 선호하지 않는 손님은 고기만으로 주문할 수 있습니다. 레드리본 선정 및 서울 2025 맛집에 등재된 이곳은, 줄 서서 먹는 지역 명소로서 깔끔한 맛과 전통이 어우러진 한식 식당입니다. 영업시간은 월~일 10:00~23:00, 추석 당일만 휴무입니다.",
  "rag_text": "50년 전통의 노포 한식당으로, 순대 없이 머릿고기와 내장이 듬뿍 들어간 진한 순댓국과 다양한 돼지고기 안주류를 전문으로 합니다. 돼지고기 잡내 없이 깔끔하고 깊은 국물 맛이 특징이며, 남녀노소 모두 선호하는 담백한 한식 스타일입니다. 레드리본 선정 및 서울 2025 맛집으로, 오랜 역사와 정통성을 자랑하는 곳입니다. 전통적인 분위기 속에서 다양한 돼지고기 부위를 맛볼 수 있어, 단골이 많은 지역 명소이자 주당들에게도 인기 있는 한식집입니다.",
  "metadata": {
    "budget_range": "중",
    "spicy_available": "O",
    "vegetarian_options": "X",
    "main_ingredients_list": [
      "육류",
      "기타"
    ],
    "low_level_category": "순댓국, 수육",
    "suitable_for": [
      "레드리본",
      "서울 2025",
      "전통",
      "노포",
      "술안주",
      "단골",
      "줄서서먹는",
      "주당",
      "지역명소"
    ],
    "food_type_list": [
      "국물류",
      "기타",
      "고기류"
    ],
    "temperature_list": [
      "온"
    ],
    "high_level_category": "한식"
  }
}