{
  "id": 5708,
  "store_name": "도쿄재즈",
  "llm_summary": "도쿄재즈는 서울 강남구 삼성동에 위치한 아늑한 라이브 재즈바입니다. 외관이나 실내가 넓지 않음에도 불구하고 매일 저녁 9시에 열리는 라이브 재즈 공연으로 많은 방문객을 끌어모으고 있습니다. 이곳에서는 라이브 재즈를 온몸으로 느끼며 다양한 칵테일과 음식을 즐길 수 있습니다. 메뉴는 공연비 5,000원부터 시작하며 하이트, 버드와이저, 진토닉, 버건디 칵테일 등 다양한 음료와 간장양념치킨 같은 고기류 음식도 제공합니다. 영업시간은 월요일부터 토요일까지 오후 7시부터 다음날 새벽 3시까지이며, 매주 일요일은 휴무입니다. 삼성역 5번 출구 근처에 위치해 접근성이 좋고, 발레파킹 서비스도 이용 가능합니다. 주로 저녁 시간대에 라이브 공연과 함께 술 한잔하기 좋은 분위기를 제공합니다.",
  "rag_text": "아늑한 공간의 라이브 재즈바로 매일 저녁 라이브 재즈 공연이 열리는 곳입니다. 재즈 음악과 함께 칵테일과 음식을 즐길 수 있는 분위기이며, 조용하고 편안한 공간에서 음악을 온몸으로 느낄 수 있습니다. 다양한 음료와 고기류 안주를 제공하며, 술 한잔하기 좋은 공연이 있는 바입니다.",
  "metadata": {
    "budget_range": "중",
    "spicy_available": "X",
    "vegetarian_options": "X",
    "main_ingredients_list": [
      "기타",
      "조류"
    ],
    "low_level_category": "재즈바",
    "suitable_for": [
      "라이브 공연",
      "술자리",
      "저녁",
      "조용한",
      "음악감상"
    ],
    "food_type_list": [
      "기타",
      "음료",
      "고기류"
    ],
    "temperature_list": [
      "기타",
      "상",
      "온"
    ],
    "high_level_category": "기타"
  }
}