{
  "id": 5732,
  "store_name": "이코복스커피스튜디오(신사점)",
  "llm_summary": "이코복스커피스튜디오(신사점)은 서울 강남구 신사동에 위치한 커피 전문점으로, 반지하의 좁지만 아늑하고 깔끔한 분위기를 자랑합니다. 커피 마니아들이 많이 찾는 이곳은 매일 신선하게 원두를 볶아내며, 재즈, 모노, 첼로 세 가지 블렌딩 중 선택할 수 있습니다. 모든 커피에는 에스프레소 투샷이 기본으로 들어가 깊고 진한 맛을 제공합니다. 메뉴는 아메리카노, 카페라테, 홍차 등 음료와 아포카토, 치즈케이크, 당근케이크, 초코케이크 등 디저트류로 구성되어 있으며, 가격대는 5,300원에서 7,500원 사이입니다. 매장은 월요일부터 일요일까지 오전 9시부터 오후 10시까지 운영하며, 명절 당일에만 휴무입니다. 가로수길 8번 출구 근처에 위치해 접근성이 좋고, 발레파킹 서비스도 제공됩니다. 독자 리뷰는 아직 등록되지 않았으나, 조용하고 편안한 공간에서 전문적인 커피를 즐기기에 적합한 장소입니다.",
  "rag_text": "아늑하고 깔끔한 분위기의 커피 전문점으로, 커피 마니아들이 많이 찾는 곳입니다. 매일 신선하게 원두를 볶아내며 재즈, 모노, 첼로 세 가지 블렌딩을 선택할 수 있고, 모든 커피에 에스프레소 투샷이 기본으로 들어갑니다. 전문 커피점으로서 커피와 디저트를 중심으로 한 메뉴 구성이 특징입니다.",
  "metadata": {
    "budget_range": "중",
    "spicy_available": "X",
    "vegetarian_options": "X",
    "main_ingredients_list": [
      "기타"
    ],
    "low_level_category": "커피전문점",
    "suitable_for": [],
    "food_type_list": [
      "음료",
      "디저트류"
    ],
    "temperature_list": [
      "온",
      "상"
    ],
    "high_level_category": "기타"
  }
}