{
  "id": 5749,
  "store_name": "야미도",
  "llm_summary": "야미도는 서울 서초구 반포동에 위치한 오래된 정통 일식집으로, 1995년에 개업하여 오랜 전통을 자랑합니다. 비교적 저렴한 가격대로 푸짐하게 식사할 수 있어 단골 고객이 많은 곳입니다. 주요 메뉴로는 생선회(40,000원~50,000원), 생선초밥(15,000원), 특초밥(25,000원), 장어구이(20,000원), 정식(30,000원~50,000원), 정어덮밥(20,000원, 매운맛 가능) 등이 있으며, 해산물을 중심으로 한 일식과 한식 메뉴가 혼합되어 있습니다. 영업시간은 매일 11:30부터 22:30까지이며, 14:30부터 17:00까지는 브레이크 타임입니다. 명절 연휴에는 휴무합니다. 위치는 서래약국 맞은편 골목으로 직진 후 좌회전하면 쉽게 찾을 수 있습니다. 현재 독자 리뷰는 등록되어 있지 않습니다. 전반적으로 전통적인 일식 분위기와 합리적인 가격대, 푸짐한 양으로 가성비 좋은 식사를 원하는 고객에게 적합한 식당입니다.",
  "rag_text": "오래된 정통 일식집으로, 비교적 저렴한 가격대로 푸짐하게 먹을 수 있어 단골들이 많은 곳이다. 일식과 한식 메뉴를 모두 제공하며, 해산물류 중심의 신선한 생선회와 초밥, 장어구이 등이 주요 메뉴이다. 전통적인 분위기를 유지하며, 가격 대비 만족도가 높은 가성비 좋은 식당이다.",
  "metadata": {
    "budget_range": "중",
    "spicy_available": "O",
    "vegetarian_options": "X",
    "main_ingredients_list": [
      "어류",
      "기타"
    ],
    "low_level_category": "일식",
    "suitable_for": [
      "가성비",
      "단골",
      "전통",
      "푸짐한 식사"
    ],
    "food_type_list": [
      "해산물류",
      "기타",
      "고기류",
      "밥류"
    ],
    "temperature_list": [
      "생",
      "온"
    ],
    "high_level_category": "일식"
  }
}