{
  "id": 5860,
  "store_name": "그안에맛있는이탈리안",
  "llm_summary": "그안에맛있는이탈리안은 서울 강남구 도곡동 타워팰리스 반트스포츠클럽 1층에 위치한 모던한 분위기의 이탈리아식 레스토랑입니다. 매일 뽑아내는 생면으로 만든 파스타와 스테이크 등 깔끔한 이탈리아 요리를 제공하며, 비즈니스 다이닝과 소개팅에 적합한 장소로 연중 무휴로 운영됩니다. 영업시간은 월요일부터 일요일까지 11:30부터 22:00까지이며, 15:00부터 17:30까지 브레이크타임이 있습니다. 주요 메뉴로는 파스타(₩16,000), 점심코스(₩24,000), 저녁코스(₩45,000)가 있으며, 가격대는 ₩16,000부터 ₩65,000까지 다양합니다. 메뉴는 양식 테마로 온도는 따뜻한 음식 위주이며 맵지 않은 메뉴들로 구성되어 있습니다. 리뷰는 아직 등록된 것이 없으나, 비즈니스 및 소개팅에 좋은 분위기로 평가되고 있습니다.",
  "rag_text": "매일 뽑아내는 생면으로 만든 파스타와 스테이크를 제공하는 깔끔한 이탈리아 요리 전문점으로, 모던한 분위기에서 비즈니스 다이닝과 소개팅에 적합하며 연중무휴로 운영됩니다. 양식 테마의 온음식 중심 레스토랑으로, 편안하고 세련된 분위기를 갖추고 있습니다.",
  "metadata": {
    "budget_range": "중",
    "spicy_available": "X",
    "vegetarian_options": "X",
    "main_ingredients_list": [
      "기타"
    ],
    "low_level_category": "이탈리아식",
    "suitable_for": [
      "비즈니스 다이닝",
      "소개팅",
      "연중무휴"
    ],
    "food_type_list": [
      "면류",
      "기타"
    ],
    "temperature_list": [
      "온",
      "상"
    ],
    "high_level_category": "양식"
  }
}