{
  "id": 6364,
  "store_name": "미로식당",
  "llm_summary": "미로식당은 서울 마포구 창전동에 위치한 모던한식과 한식주점 스타일의 레스토랑으로, 2011년 4월에 개업하였습니다. 이곳은 손맛 좋은 오너 겸 셰프가 직접 만드는 한식을 안주로 저녁에 술 한잔 즐기기에 최적의 장소입니다. 특히 대표 메뉴인 미로소갈비찜과 골뱅이무침과 스팸구이는 꼭 주문해야 하며, 그날의 신선한 재료로 만든 다양한 요리도 매번 기대를 모읍니다. 메뉴는 한우육회, 양념돼지목살구이, 고기튀김, 해물부추전, 애호박감자채전, 오징어볶음, 명란계란탕, 제주안심탕수육 등 다양한 한식과 중식 스타일의 고기류 및 기타 요리로 구성되어 있습니다. 매장은 홍익대 앞 스타벅스 맞은편 골목에서 와우공원 방향으로 쉽게 찾을 수 있으며, 수요일부터 토요일까지 오후 6시부터 11시까지 운영되고, 월, 화, 일요일은 휴무입니다. 서울 2025 맛집으로 선정되어 신뢰받는 맛집이며, 연인과의 데이트, 외국인 접대, 술 한잔하기 좋은 분위기를 자랑합니다. 가격대는 16,000원에서 38,000원 사이로 중간 수준입니다.",
  "rag_text": "한식 주점의 정석과도 같은 모던한식 레스토랑으로, 손맛 좋은 오너 겸 셰프가 만드는 전통적인 한식 안주를 제공하며 저녁에 술 한잔 즐기기 좋은 분위기입니다. 서울 2025 선정 맛집으로 연인과의 데이트, 외국인 접대, 전통주 리스트가 좋은 술자리 모임에 적합합니다. 대표 메뉴로는 미로소갈비찜과 골뱅이무침과 스팸구이가 있으며, 신선한 재료로 매번 기대를 모으는 다양한 한식 요리를 선보입니다.",
  "metadata": {
    "budget_range": "중",
    "spicy_available": "O",
    "vegetarian_options": "X",
    "main_ingredients_list": [
      "육류",
      "기타",
      "어류"
    ],
    "low_level_category": "모던한식, 한식주점",
    "suitable_for": [
      "데이트",
      "외국인 접대",
      "술 한잔하기 좋은",
      "전통주 리스트가 좋은"
    ],
    "food_type_list": [
      "고기류",
      "기타",
      "국물류"
    ],
    "temperature_list": [
      "온",
      "상",
      "생"
    ],
    "high_level_category": "한식"
  }
}