{
  "id": 640,
  "store_name": "옛골",
  "llm_summary": "옛골은 서울 강남구 역삼동에 위치한 전통 한식당으로, 특히 묵은김치와 꽁치 통조림을 넣어 만든 김치찌개가 별미입니다. 충청도에서 직접 담가 숙성시킨 김치를 사용하여 새콤하면서도 시원한 전통 김치찌개의 맛을 구현하며, 갖은 재료와 양념을 한꺼번에 넣고 센 불에 끓여내는 조리법이 특징입니다. 메뉴는 제육볶음, 오징어볶음, 조기, 북엇국, 달걀말이 등 다양한 한식 요리를 제공하며, 김치찌개, 된장찌개, 꽁치찌개(모두 2인분 기준)도 인기입니다. 가격대는 7,000원에서 18,000원 사이로 합리적이며, 매운 메뉴도 일부 준비되어 있습니다. 역삼역 6번 출구 인근에서 아침부터 저녁까지 운영하며, 명절 연휴에는 휴무입니다. 1987년 개업하여 오랜 전통을 자랑하는 이곳은 아침 식사도 가능한 곳으로, 가족 단위 방문객이나 한식을 즐기는 이들에게 적합한 식당입니다. 현재 독자 리뷰는 없으나, 전통적인 맛과 편안한 분위기를 찾는 이들에게 추천됩니다.",
  "rag_text": "옛골은 묵은김치와 꽁치 통조림을 넣은 새콤하고 시원한 전통 김치찌개를 중심으로 한 한식 전문점입니다. 충청도에서 직접 담가 숙성한 김치를 사용하며, 전통적인 조리법으로 깊은 맛을 냅니다. 한식 테마의 다양한 국물류와 고기류 메뉴를 제공하며, 아침 식사도 가능한 편안하고 전통적인 분위기의 식당입니다.",
  "metadata": {
    "budget_range": "중",
    "spicy_available": "O",
    "vegetarian_options": "X",
    "main_ingredients_list": [
      "육류",
      "어류",
      "기타"
    ],
    "low_level_category": "김치찌개, 일반한식",
    "suitable_for": [],
    "food_type_list": [
      "고기류",
      "해산물류",
      "국물류",
      "기타"
    ],
    "temperature_list": [
      "온",
      "생"
    ],
    "high_level_category": "한식"
  }
}