{
  "id": 6489,
  "store_name": "사프란",
  "llm_summary": "사프란은 서울 중구 삼일대로에 위치한 중동식 아랍 음식 전문점으로, 롯데시티호텔 명동 2층에 자리잡고 있습니다. 2009년에 개업한 이 곳은 이슬람 율법에 따라 도축된 할랄 고기만을 사용하여 누린내 없이 깔끔한 맛을 자랑합니다. 메뉴로는 다양한 애피타이저, 샐러드, 그리고 메인 요리가 준비되어 있으며 대표 메뉴로는 홈무스, 매운 치킨한디와 램브한디, 그리고 모둠케밥이 있습니다. 치킨한디와 램브한디는 매운 국물 요리이고, 모둠케밥은 고기류의 온메뉴입니다. 매장은 현지인 셰프가 운영하며 전망 좋은 테라스가 있어 쾌적한 분위기를 제공합니다. 영업시간은 월요일부터 일요일까지 11:30부터 22:00까지이며 격주 월요일은 휴무입니다. 가격대는 11,000원에서 41,800원 사이로 중간 수준이며, 독자 리뷰는 아직 등록되지 않았습니다. 다양한 온도의 메뉴가 제공되며, 전반적으로 전통적인 아랍 음식의 맛과 문화를 경험할 수 있는 곳입니다.",
  "rag_text": "아랍 음식 전문점으로, 이슬람 율법에 따라 도축된 할랄 고기만을 사용하여 누린내 없이 깔끔한 맛을 제공합니다. 다양한 애피타이저, 샐러드, 메인 요리를 즐길 수 있으며, 현지인 셰프가 운영하는 호텔 내 전망 좋은 테라스가 있는 중동식 레스토랑입니다. 메뉴는 기타 테마로 구성되어 있으며, 온메뉴와 매운 메뉴가 혼합되어 있습니다. 연중무휴에 가까운 운영과 고급스러운 분위기가 특징입니다.",
  "metadata": {
    "budget_range": "중",
    "spicy_available": "O",
    "vegetarian_options": "X",
    "main_ingredients_list": [
      "기타",
      "조류",
      "육류"
    ],
    "low_level_category": "중동식",
    "suitable_for": [
      "전통적",
      "호텔위치",
      "테라스",
      "연중무휴"
    ],
    "food_type_list": [
      "기타",
      "국물류",
      "고기류"
    ],
    "temperature_list": [
      "상",
      "온"
    ],
    "high_level_category": "기타"
  }
}