{
  "id": 6722,
  "store_name": "트라토리아모로",
  "llm_summary": "트라토리아모로는 서울 강남구 삼성동에 위치한 아늑한 분위기의 이탈리안 레스토랑입니다. 다양한 종류의 파스타가 인기이며, 양갈비, 한우채끝스테이크, 해물스튜, 생선구이 등 다양한 메인 요리도 제공합니다. 저녁 시간에는 코스 요리만 주문할 수 있습니다. 메뉴는 멜란자네, 시저샐러드, 감자뇨키, 토마토스파게티, 해산물리조토, 오늘의 생선요리, 양갈비, 한우채끝스테이크 등으로 구성되어 있으며, 가격대는 16,000원부터 85,000원까지 다양합니다. 매장은 월요일부터 토요일까지 오전 11시 30분부터 오후 11시까지 운영하며, 오후 3시부터 5시 30분까지 브레이크 타임이 있습니다. 일요일은 휴무입니다. 위치는 삼성중앙역 7번 출구 근처이며, 소개팅이나 연인과 함께 방문하기 좋은 분위기를 갖추고 있습니다. 현재 독자 리뷰는 등록되어 있지 않습니다.",
  "rag_text": "아늑한 분위기의 이탈리안 레스토랑으로, 다양한 파스타와 양갈비, 한우채끝, 해물스튜, 생선구이 등 다양한 메인 요리를 선보입니다. 저녁에는 코스 요리만 주문 가능하며, 소개팅이나 연인과 함께 가기 좋은 분위기를 제공합니다. 양식 테마의 메뉴가 주를 이루며, 편안하고 따뜻한 분위기에서 식사를 즐길 수 있습니다.",
  "metadata": {
    "budget_range": "중",
    "spicy_available": "X",
    "vegetarian_options": "X",
    "main_ingredients_list": [
      "기타",
      "어류",
      "육류"
    ],
    "low_level_category": "이탈리아식",
    "suitable_for": [
      "소개팅",
      "연인",
      "아늑한"
    ],
    "food_type_list": [
      "기타",
      "디저트류",
      "면류",
      "밥류",
      "해산물류",
      "고기류"
    ],
    "temperature_list": [
      "온",
      "상"
    ],
    "high_level_category": "양식"
  }
}