{
  "id": 6866,
  "store_name": "토이셔",
  "llm_summary": "토이셔는 서울 강남구 삼성동 코엑스 B002에 위치한 초콜릿 전문 매장입니다. 스위스 알프스 지역에서 제조된 고급 천연 원료만을 사용한 수제 초콜릿을 취급하며, 첨가제나 방부제를 전혀 사용하지 않아 본연의 진한 맛을 유지합니다. 취리히 토이셔 키친에서 항공으로 소량 공급된 초콜릿은 매장 도착 후에도 냉동 보관이 아닌 20도 상온 상태로 유지되어 최상의 맛을 제공합니다. 메뉴는 음료와 토이셔바가 있으며, 가격대는 3,000원에서 6,500원 사이로 합리적인 편입니다. 영업시간은 매일 11:00부터 21:30까지이며, 연중 무휴로 운영됩니다. 매장은 스타필드 코엑스몰점 별마당 도서관 인근 에스컬레이터를 이용해 1층 외부에 위치해 있습니다. 공식 홈페이지는 http://www.teuscher-seoul.com/ 입니다. 현재 블루리본 선정이나 서울 2025 선정에는 포함되어 있지 않으며, 독자 리뷰는 등록되어 있지 않습니다.",
  "rag_text": "토이셔는 스위스 알프스 지역에서 제조된 고급 천연 원료만을 사용한 수제 초콜릿 전문점으로, 첨가제와 방부제를 사용하지 않아 본연의 진한 초콜릿 맛을 즐길 수 있습니다. 프리미엄 초콜릿을 소량 공급하며, 전 세계 엄선된 25개 지역에서만 판매되고 있습니다. 메뉴는 디저트류와 음료로 구성되어 있으며, 고급스러운 분위기와 함께 진정성 있는 맛을 제공합니다.",
  "metadata": {
    "budget_range": "저",
    "spicy_available": "X",
    "vegetarian_options": "X",
    "main_ingredients_list": [
      "기타"
    ],
    "low_level_category": "초콜릿",
    "suitable_for": [],
    "food_type_list": [
      "음료",
      "디저트류"
    ],
    "temperature_list": [
      "기타",
      "상"
    ],
    "high_level_category": "디저트류"
  }
}