{
  "id": 6889,
  "store_name": "에버그린",
  "llm_summary": "에버그린은 서울 서대문구 홍은동에 위치한 경양식과 호프를 겸한 식당으로, 점심에는 추억의 옛날 경양식을, 저녁에는 호프집으로 운영됩니다. 메뉴는 오므라이스, 돈가스, 볶음밥, 덮밥, 에버그린정식, 햄버거스테이크, 모듬안주, 마른안주 등으로 다양하며, 가격대는 5,000원에서 16,000원 사이입니다. 주로 양식과 한식, 중식 테마를 아우르며, 모든 메뉴는 맵지 않고 따뜻한 온도에서 제공됩니다. 연중무휴로 운영되며, 술 한잔하기 좋은 분위기를 갖추고 있습니다. 위치는 동신병원 삼거리 부근이며, 12시부터 다음날 0시까지 영업합니다. 독자 리뷰는 등록되어 있지 않으나, 전통적인 경양식과 호프집의 정취를 느낄 수 있는 곳으로 평가받고 있습니다.",
  "rag_text": "점심에는 전통적인 추억의 경양식을 제공하고, 저녁에는 호프집으로 운영되는 에버그린은 옛날 경양식의 맛을 살린 곳입니다. 양식과 한식, 중식 테마가 혼합되어 있으며, 연중무휴로 술 한잔하기 좋은 편안한 분위기를 갖추고 있습니다.",
  "metadata": {
    "budget_range": "저",
    "spicy_available": "X",
    "vegetarian_options": "X",
    "main_ingredients_list": [
      "기타",
      "육류"
    ],
    "low_level_category": "호프, 경양식",
    "suitable_for": [
      "술자리",
      "연중무휴",
      "편안한 분위기"
    ],
    "food_type_list": [
      "밥류",
      "고기류",
      "기타"
    ],
    "temperature_list": [
      "온",
      "상"
    ],
    "high_level_category": "기타"
  }
}