{
  "id": 695,
  "store_name": "원주추어탕",
  "llm_summary": "원주추어탕은 1977년에 개업한 서울 강남구 역삼동에 위치한 전통 있는 원주식 추어탕 전문점입니다. 이곳은 고추장이 들어간 얼큰한 국물과 양지머리 또는 곱창을 삶은 육수를 사용하는 것이 특징으로, 미꾸라지 냄새가 거의 나지 않으며 육개장에 가까운 깊고 얼큰한 맛을 자랑합니다. 대표 메뉴로는 미꾸라지를 곱게 갈아 만든 '갈아서추어탕'과 통째로 넣고 끓인 '통마리추어탕'이 있으며, 식탁 위에서 직접 끓여 먹는 원주식 스타일을 고수합니다. 메뉴는 추어탕(14,000원), 통추어탕(15,000원), 추어튀김(15,000원), 전복추어탕(20,000원), 전복구이(38,000원), 메기불고기(소 65,000원/대 85,000원) 등으로 구성되어 있습니다. 모든 메뉴는 주로 어류와 일부 육류를 사용하며, 맵지 않은 편입니다. 서울 2025 블루리본 서베이 선정 맛집으로 리본 1개를 받았으며, 오랜 역사와 전통을 자랑하는 곳입니다. 매장은 월~일요일 10:00~22:00까지 운영하며, 명절 연휴에는 휴무입니다. 내부는 가족 단위, 전통음식 애호가, 다양한 연령층이 방문하기에 적합한 분위기입니다.",
  "rag_text": "원주추어탕은 서울 2025 선정에 빛나는 전통 원주식 추어탕 전문점으로, 고추장이 들어간 얼큰한 국물과 양지머리 또는 곱창 육수로 미꾸라지 특유의 냄새 없이 깊은 맛을 구현합니다. 한식 테마의 국물 요리와 고기 요리를 중심으로 다양한 어류 메뉴를 제공하며, 직접 끓여 먹는 원주식 방식과 오랜 역사가 느껴지는 정통적인 분위기가 특징입니다. 가족, 전통음식 애호가, 단체모임 등 다양한 고객층이 편안하게 즐길 수 있는 클래식하고 친근한 한식당입니다.",
  "metadata": {
    "budget_range": "중",
    "spicy_available": "X",
    "vegetarian_options": "X",
    "main_ingredients_list": [
      "어류",
      "육류"
    ],
    "low_level_category": "추어탕",
    "suitable_for": [
      "서울 2025 선정",
      "역사가 오래된",
      "가족모임",
      "전통음식",
      "단체식사",
      "한식애호가"
    ],
    "food_type_list": [
      "국물류",
      "고기류"
    ],
    "temperature_list": [
      "온"
    ],
    "high_level_category": "한식"
  }
}