{
  "id": 6974,
  "store_name": "향미명동점",
  "llm_summary": "향미명동점은 연희동에서 인기 있는 향미의 명동 분점으로, 아들이 운영하고 있습니다. 명동점은 주로 직장인들이 많이 방문하여 식사 메뉴가 다양하며, 우육면, 오향장육, 라즈지 등이 특히 인기 있는 메뉴입니다. 이곳은 서울특별시 중구 남대문로 52-5 (명동2가)에 위치해 있으며, 월요일부터 토요일까지 오전 11시부터 오후 9시 30분까지 영업하고, 일요일은 휴무입니다. 메뉴는 중식과 일식이 혼합되어 있으며, 짜장면, 짬뽕, 기스면, 우육면, 돈가스탕면, 탕수육, 총칭라즈지, 오향장육 등 다양한 면류와 고기류 요리를 제공합니다. 가격대는 5,000원부터 35,000원까지 다양하며, 매운 메뉴도 일부 포함되어 있습니다. 특히 우육면은 육류를 주재료로 하며, 총칭라즈지와 오향장육은 닭고기와 돼지고기 등 육류 중심의 고급 중식 요리입니다. 향미명동점은 직장인들이 즐겨 찾는 실속 있는 중식당으로, 전통적인 중식 메뉴를 중심으로 한식과 일식 메뉴도 일부 제공하여 다양한 고객층을 만족시키고 있습니다.",
  "rag_text": "연희동에서 인기 있는 향미의 명동 분점으로, 직장인들이 주로 방문하는 실속 있는 중식 전문점입니다. 중식 테마의 우육면, 오향장육, 라즈지 등이 대표 메뉴이며, 일부 매운 메뉴도 포함되어 있습니다. 아들이 운영하는 가족 경영의 따뜻한 분위기이며, 전통적인 중식 요리를 중심으로 하면서도 다양한 식사 메뉴를 제공합니다.",
  "metadata": {
    "budget_range": "중",
    "spicy_available": "O",
    "vegetarian_options": "X",
    "main_ingredients_list": [
      "기타",
      "육류",
      "조류"
    ],
    "low_level_category": "우육면, 대만식중식",
    "suitable_for": [],
    "food_type_list": [
      "면류",
      "고기류"
    ],
    "temperature_list": [
      "온",
      "상"
    ],
    "high_level_category": "중식"
  }
}