{
  "id": 7109,
  "store_name": "마노디셰프(강남점)",
  "llm_summary": "마노디셰프(강남점)은 서울 강남구 테헤란로에 위치한 이탈리안 비스트로로, 피자와 파스타를 부담없이 즐길 수 있는 곳입니다. 특히 블루베리 피자와 먹물 도우에 고르곤졸라 치즈가 올라간 독특한 피자가 유명하며, 250여 종의 와인을 갖추어 와인과 함께 식사하기 좋습니다. 메뉴는 한우스테이크품격코스, 스테이크피자, 마르게리따피자, 홍새우비스크링귀니, 봉골레알리올리오파스타, 감태페스토&문어뇨끼, 참송이크림뇨끼, 프리미엄아보카도샐러드, 그릴드치킨&시저샐러드, 감태페스토&씨푸드보리리조또 등 다양한 양식 요리로 구성되어 있습니다. 모든 메뉴는 매운맛 없이 제공되며, 고기류, 해산물류, 면류, 디저트류 등 다양한 주재료를 사용합니다. 영업시간은 매일 11:30부터 24:00까지이며, 명절 당일은 휴무입니다. 발레파킹이 가능하며, 주류 반입 시 콜키지 비용이 부과됩니다. 강남역 12번 출구 인근 위치해 접근성이 좋고, 편안한 분위기에서 식사와 술 한잔을 즐기기에 적합합니다.",
  "rag_text": "피자와 파스타를 부담없이 즐길 수 있는 이탈리안 비스트로로, 블루베리 피자와 먹물 도우의 고르곤졸라 피자가 독특한 메뉴입니다. 250여 종의 와인을 갖추어 와인과 함께 즐기기 좋으며, 양식 테마의 다양한 메뉴를 제공합니다. 편안하고 캐주얼한 분위기에서 식사와 술 한잔하기 좋은 장소입니다.",
  "metadata": {
    "budget_range": "고",
    "spicy_available": "X",
    "vegetarian_options": "X",
    "main_ingredients_list": [
      "육류",
      "기타",
      "패류",
      "어류",
      "조류"
    ],
    "low_level_category": "피자, 파스타, 이탈리아식",
    "suitable_for": [
      "술 한잔하기 좋은",
      "편안한 분위기",
      "캐주얼"
    ],
    "food_type_list": [
      "고기류",
      "기타",
      "해산물류",
      "면류",
      "디저트류",
      "밥류"
    ],
    "temperature_list": [
      "온",
      "상"
    ],
    "high_level_category": "양식"
  }
}