{
  "id": 7236,
  "store_name": "벽제갈비(타워팰리스점)",
  "llm_summary": "벽제갈비(타워팰리스점)은 서울 강남구 도곡동 타워팰리스 반트스포츠클럽 1층에 위치한 고급 한식 소갈비 전문점입니다. 서울 최고의 갈비로 꼽히는 본점 벽제갈비의 분점으로, 특등급 한우만을 사용하며 4일에서 7일간 숙성시켜 양질의 고기를 제공합니다. 맛의 비결은 일곱 가지 재료로 만든 칠미 소금과 간장, 물엿, 향신료 등이 혼합된 벽제 소스에 있습니다. 본점보다 실내 인테리어가 더욱 고급스러운 편이며, 비즈니스 다이닝과 외국인 접대에 적합하고 연중 무휴로 운영됩니다. 대표 메뉴로는 냉면, 점심특선, 돼지갈비, 육회, 육사시미, 생등심, 꽃심구이, 안창살, 설화순갈빗살, 설화생갈비, 설화꽃등심 등이 있으며, 가격대는 10,000원부터 75,000원까지 다양합니다. 메뉴는 주로 한식 고기류 중심이며, 냉면은 매콤한 맛이 있습니다. 영업시간은 매일 11:30부터 22:00까지입니다.",
  "rag_text": "서울 강남구에 위치한 벽제갈비(타워팰리스점)는 특등급 한우를 4~7일간 숙성하여 제공하는 고급 한식 소갈비 전문점입니다. 일곱 가지 재료로 만든 칠미 소금과 특제 벽제 소스가 맛의 핵심이며, 본점보다 고급스러운 인테리어를 갖추고 있습니다. 비즈니스 다이닝과 외국인 접대에 적합하며 연중무휴로 운영됩니다. 메뉴는 한식 테마의 고기류와 냉면 등으로 구성되어 있으며, 전반적으로 고급스러운 분위기와 전통성을 자랑합니다.",
  "metadata": {
    "budget_range": "고",
    "spicy_available": "O",
    "vegetarian_options": "X",
    "main_ingredients_list": [
      "기타",
      "육류"
    ],
    "low_level_category": "소갈비, 소고기구이",
    "suitable_for": [
      "비즈니스 다이닝",
      "외국인 접대",
      "연중무휴"
    ],
    "food_type_list": [
      "면류",
      "기타",
      "고기류"
    ],
    "temperature_list": [
      "냉",
      "기타",
      "온",
      "생"
    ],
    "high_level_category": "한식"
  }
}