{
  "id": 7308,
  "store_name": "파파호(여의도점)",
  "llm_summary": "파파호(여의도점)은 서울 영등포구 국제금융로에 위치한 정통 베트남식 레스토랑으로, 쌀국수와 반세오를 전문으로 합니다. 저렴하고 편안한 분위기에서 베트남 음식을 즐길 수 있으며, 소고기와 다양한 향신료가 어우러진 국물이 특징인 쌀국수와, 저민 돼지고기, 목이버섯, 당면을 볶아 속을 채워 튀긴 바삭한 쌀 피 튀김인 차조가 대표 메뉴입니다. 메뉴는 차조, 쌀국수, 팟차이, 반세오, 분짜, 라이스, 샐러드, 푸팟퐁커리 등 다양하며, 가격대는 7,500원부터 30,000원까지로 합리적입니다. 연중무휴로 운영되며, 샛강역 2번 출구 인근에 위치해 접근성이 좋습니다. 메뉴는 온도별로 온음식과 상온음식이 있으며, 전반적으로 매운맛은 없는 편입니다. 베트남 전통 요리를 중심으로 한 편안한 식사 공간을 제공합니다.",
  "rag_text": "정통 베트남 쌀국수와 반세오 전문점으로, 저렴하고 편안한 분위기에서 베트남 음식을 맛볼 수 있는 곳입니다. 다양한 향신료가 어우러진 국물과 바삭한 쌀 피 튀김 차조가 추천 메뉴이며, 연중무휴로 운영됩니다. 기타 테마의 베트남 요리를 중심으로 온음식과 상온음식을 제공하여 편안한 식사 경험을 제공합니다.",
  "metadata": {
    "budget_range": "중",
    "spicy_available": "X",
    "vegetarian_options": "X",
    "main_ingredients_list": [
      "기타",
      "패류",
      "육류"
    ],
    "low_level_category": "베트남식",
    "suitable_for": [],
    "food_type_list": [
      "고기류",
      "면류",
      "밥류",
      "디저트류",
      "해산물류"
    ],
    "temperature_list": [
      "온",
      "상"
    ],
    "high_level_category": "동남아"
  }
}