{
  "id": 7332,
  "store_name": "싱카이",
  "llm_summary": "싱카이는 서울 강남구 역삼동 GS강남타워 지하 1층에 위치한 고급 중식 레스토랑으로, 1930년대 상하이의 고급 레스토랑 분위기를 재현한 인테리어와 친절한 서비스가 특징입니다. 블루리본 서베이에서 레드리본을 받았으며, 2025년 서울 맛집으로 선정되었습니다. 이곳은 광동식과 매콤한 사천식 요리를 주로 선보이며, 가족 외식, 비즈니스 다이닝, 상견례 등 다양한 모임에 적합하고 프라이빗룸도 제공합니다. 대표 메뉴로는 비즈니스코스(55,000원), 점심코스(85,000원/95,000원), 디너코스(110,000원/135,000원), 삼선자장면(13,000원), 삼선짬뽕(15,000원), 어향가지덮밥(17,000원), XO게살볶음밥(19,000원), 탕수육(37,000원) 등이 있으며, 가격대는 1만 원대부터 13만 5천 원까지 다양합니다. 일부 메뉴는 매콤하게 제공되며, 다양한 해산물과 육류가 주재료로 사용됩니다. 영업시간은 월~토요일 11:30~21:30(브레이크타임 14:30~17:30)이고, 일요일은 휴무입니다. 역삼역 7번 출구 바로 앞에 위치해 접근성이 뛰어납니다.",
  "rag_text": "1930년대 상하이 고급 레스토랑 분위기를 콘셉트로 한 레드리본 선정 중식당. 광동식과 매콤한 사천식 요리를 전문으로 하며, 고급스러운 인테리어와 친절한 서비스가 돋보인다. 가족 외식, 비즈니스 다이닝, 상견례 등 다양한 모임에 적합하고 프라이빗룸이 마련되어 있다. 중식 테마에 걸맞은 다양한 코스와 면, 밥, 고기 메뉴가 준비되어 있어 품격 있는 식사를 즐길 수 있다.",
  "metadata": {
    "budget_range": "고",
    "spicy_available": "O",
    "vegetarian_options": "X",
    "main_ingredients_list": [
      "기타",
      "패류",
      "육류"
    ],
    "low_level_category": "일반중식",
    "suitable_for": [
      "레드리본",
      "서울 2025 선정",
      "가족모임",
      "비즈니스",
      "상견례",
      "인테리어",
      "프라이빗룸"
    ],
    "food_type_list": [
      "기타",
      "면류",
      "밥류",
      "고기류"
    ],
    "temperature_list": [
      "기타",
      "온"
    ],
    "high_level_category": "중식"
  }
}