{
  "id": 7467,
  "store_name": "할매재첩국(대치점)",
  "llm_summary": "할매재첩국(대치점)은 서울 강남구 대치동에 위치한 재첩 전문 식당으로, 해장용으로 특히 인기가 많습니다. 대표 메뉴인 재첩국을 주문하면 재첩국과 밥, 비빔 양념 그릇, 고등어조림, 깍두기, 김치, 된장찌개가 함께 제공되며, 재첩을 넣어 밥을 비벼 먹는 맛이 일품입니다. 메뉴는 재첩정식(8,000원), 재첩덮밥(12,000원), 재첩진국(13,000원), 재첩무침(25,000원) 등으로 구성되어 있으며, 주로 일식 테마의 온메뉴와 밥류, 국물류, 기타 카테고리로 나뉩니다. 대치역 3번 출구에서 대치사거리 방향으로 현대아파트 근처에 위치해 있으며, 화요일부터 일요일까지 오전 6시부터 오후 10시까지 영업하며 매주 월요일은 휴무입니다. 가격대는 8,000원에서 25,000원 사이로 합리적이며, 아침 식사도 가능합니다. 독자 리뷰는 아직 등록되지 않았으며, 편안한 분위기에서 전통적인 재첩국을 즐길 수 있는 곳입니다.",
  "rag_text": "해장으로 인기가 좋은 재첩 전문 식당으로, 재첩국과 밥, 다양한 반찬을 함께 제공하여 전통적인 맛을 살린 곳입니다. 일식 테마의 온메뉴를 중심으로 밥류, 국물류, 기타 메뉴를 갖추고 있으며, 아침 식사도 가능한 편안한 분위기입니다.",
  "metadata": {
    "budget_range": "저",
    "spicy_available": "X",
    "vegetarian_options": "X",
    "main_ingredients_list": [
      "기타"
    ],
    "low_level_category": "재첩",
    "suitable_for": [],
    "food_type_list": [
      "밥류",
      "국물류",
      "기타"
    ],
    "temperature_list": [
      "온"
    ],
    "high_level_category": "한식"
  }
}