{
  "id": 77,
  "store_name": "군산횟집",
  "llm_summary": "군산횟집은 서울 강남구 대치동에 위치한 자연산 회 전문점으로, 광어, 농어, 도미 등 신선한 자연산 생선을 주로 취급합니다. 계절에 따라 전복, 산 낙지, 생새우 등 다양한 해산물이 제공되며, 튀김과 간장게장이 밑반찬으로 나옵니다. 회를 즐긴 후에는 매운탕이나 지리로 마무리 식사가 가능하며, 저녁 시간에는 예약이 필수입니다. 메뉴는 회덮밥, 매운탕정식, 간장게장정식, 특초밥, 회정식(1인), 스페셜 등으로 구성되어 있으며, 가격대는 5만원에서 13만원 사이입니다. 매운탕정식은 매운맛이 있으며, 대부분 메뉴는 생선이나 패류를 주재료로 사용합니다. 영업시간은 월~일 10:30~22:00이며, 명절 연휴에는 휴무입니다. 비즈니스 다이닝과 회식에 적합한 장소로 평가받고 있습니다. 1992년에 개업하여 오랜 전통을 자랑합니다. 가게 상세 정보와 메뉴는 블루리본 사이트에서 확인 가능하며, 위치는 대치동 휘문고교사거리 앞 삼출빌딩 1층입니다.",
  "rag_text": "자연산 회만 취급하는 일식 전문점으로, 광어, 농어, 도미를 중심으로 전복, 산 낙지, 생새우 등 신선한 해산물을 철에 따라 제공한다. 튀김과 간장게장이 밑반찬으로 나오며, 매운탕이나 지리로 식사 마무리가 가능하다. 비즈니스 다이닝과 회식에 좋은 분위기이며, 예약이 필수인 저녁 시간대 운영된다.",
  "metadata": {
    "budget_range": "고",
    "spicy_available": "O",
    "vegetarian_options": "X",
    "main_ingredients_list": [
      "어류",
      "패류"
    ],
    "low_level_category": "생선회",
    "suitable_for": [
      "비즈니스 다이닝",
      "회식"
    ],
    "food_type_list": [
      "밥류",
      "국물류",
      "해산물류"
    ],
    "temperature_list": [
      "상",
      "온",
      "생"
    ],
    "high_level_category": "일식"
  }
}