{
  "id": 7830,
  "store_name": "얼큰한조벡이수제비",
  "llm_summary": "서울 종로구 인사동에 위치한 '얼큰한조벡이수제비'는 제주도식 수제비 전문점으로, 조벡이라는 해물과 채소를 맴게 끓여내는 제주도 전통 음식을 제공합니다. 대표 메뉴는 매운 맛이 특징인 '얼큰수제비'로, 가격은 11,000원입니다. 1990년대 개업한 이 가게는 종로3가역 6번 출구에서 도보 약 500m 거리에 있으며, 월요일부터 일요일까지 오전 10시부터 오후 11시까지 영업합니다. 명절 연휴에는 휴무이며, 별도의 예약 및 단체석 정보는 제공되지 않습니다. 현재까지 등록된 독자 리뷰는 없으나, 맛과 분위기 모두 보통 수준으로 평가되고 있습니다. 블루리본 Pick에 선정되지는 않았으나, 제주도 전통 수제비를 맛볼 수 있는 지역 맛집으로 알려져 있습니다.",
  "rag_text": "제주도식 수제비 전문 한식당으로, 해물과 채소를 맴게 끓여내는 전통 제주도 음식을 제공합니다. 아담한 분위기의 수제비 전문점으로, 부담 없이 편안하게 즐길 수 있는 한식 면류 전문점입니다.",
  "metadata": {
    "budget_range": "중",
    "spicy_available": "O",
    "vegetarian_options": "X",
    "main_ingredients_list": [
      "기타"
    ],
    "low_level_category": "수제비",
    "suitable_for": [],
    "food_type_list": [
      "면류"
    ],
    "temperature_list": [
      "온"
    ],
    "high_level_category": "한식"
  }
}