{
  "id": 7851,
  "store_name": "산야로콩나물국밥",
  "llm_summary": "산야로콩나물국밥은 서울 관악구 봉천동에 위치한 전주 스타일 콩나물국밥 전문점입니다. 멸치국물에 오징어가 들어간 시원한 국물이 특징이며, 따로 제공되는 계란과 김을 넣어 먹는 방식이 인상적입니다. 해장에 좋은 시원한 국물이 이 가게의 대표적인 매력입니다. 메뉴로는 국시, 콩나물국밥, 해물파전 등이 있으며, 가격대는 4,000원에서 12,000원 사이로 합리적입니다. 모든 메뉴는 따뜻하게 제공되며, 매운 음식은 없습니다. 이 가게는 24시간 연중무휴로 운영되어 아침 식사도 가능합니다. 위치는 효사랑요양병원 옆이며, 전화번호는 02-889-3390입니다. 블루리본 선정이나 서울 2025 선정에는 포함되어 있지 않으며, 독자 리뷰는 아직 등록되지 않았습니다. 메뉴와 가격, 영업시간 등은 변동될 수 있음을 참고해야 합니다.",
  "rag_text": "전주 스타일 콩나물국밥 전문점으로, 멸치국물에 오징어가 들어가 있으며, 따로 나오는 계란과 김을 넣어 먹는 시원한 국물이 해장에 좋다. 한식 테마의 국물류 중심 메뉴로 구성되어 있으며, 24시간 영업하는 아침 식사 가능한 편리한 가게이다.",
  "metadata": {
    "budget_range": "저",
    "spicy_available": "X",
    "vegetarian_options": "X",
    "main_ingredients_list": [
      "기타"
    ],
    "low_level_category": "콩나물국밥",
    "suitable_for": [],
    "food_type_list": [
      "국물류",
      "고기류"
    ],
    "temperature_list": [
      "온"
    ],
    "high_level_category": "한식"
  }
}