{
  "id": 7888,
  "store_name": "오백집왕족발",
  "llm_summary": "오백집왕족발은 서울 성북구 동소문동5가에 위치한 족발 전문점으로, 성북구 일대에서 유명한 족발집입니다. 대표 메뉴인 족발은 쫄깃한 식감이 특징이며, 콩나물, 상추, 부추와 함께 제공되어 상추에 싸서 먹는 맛이 뛰어납니다. 족발 외에도 매콤한 아구찜을 맛볼 수 있어 해산물 요리를 즐기려는 고객에게도 적합합니다. 족발과 아구찜 모두 한식 테마의 온열 요리이며, 족발은 맵지 않고, 아구찜은 매운 맛이 있습니다. 가게는 월요일부터 일요일까지 12:00부터 22:00까지 영업하며, 명절 연휴에는 휴무입니다. 성신여대입구역 3번 출구 인근에 위치해 접근성이 좋습니다. 가격대는 족발과 아구찜 모두 28,000원으로 중간 수준이며, 전통적인 한식 족발과 아구찜을 즐길 수 있는 곳입니다. 현재 블루리본 선정이나 서울 2025 선정에는 포함되어 있지 않으며, 리뷰는 등록되어 있지 않습니다. 매장 이미지가 없으나, 콩나물과 상추, 부추가 함께 나오는 전통적이고 정갈한 족발집 분위기를 예상할 수 있습니다.",
  "rag_text": "성북구 일대에서 유명한 족발 전문 한식당으로, 족발은 쫄깃한 맛과 신선한 콩나물, 상추, 부추와 함께 제공됩니다. 전통적인 한식 족발과 매콤한 아구찜을 제공하며, 따뜻한 온열 요리 중심입니다. 아구찜은 매운 맛이 있어 매운 음식을 선호하는 고객도 만족할 수 있습니다. 가족 모임이나 친구들과의 편안한 식사에 적합한 분위기이며, 특별한 라벨이나 프리미엄 인증은 없지만 지역 주민들에게 사랑받는 전통 맛집입니다.",
  "metadata": {
    "budget_range": "중",
    "spicy_available": "O",
    "vegetarian_options": "X",
    "main_ingredients_list": [
      "육류",
      "어류"
    ],
    "low_level_category": "족발",
    "suitable_for": [
      "가족모임",
      "친구모임",
      "편안한식사"
    ],
    "food_type_list": [
      "고기류",
      "해산물류"
    ],
    "temperature_list": [
      "온"
    ],
    "high_level_category": "한식"
  }
}