{
  "id": 800,
  "store_name": "참숯골",
  "llm_summary": "참숯골은 서울 중구 무교로에 위치한 소고기구이 전문점으로, 참숯에 구워 먹는 고기 맛이 뛰어난 곳입니다. 생갈비, 양념갈비, 꽃등심, 살치살, 안창살, 차돌박이 등 다양한 부위의 고기를 직접 보고 선택할 수 있으며, 대표 메뉴로는 제비추리(140g, 50,000원), 숙성등심(140g, 48,000원), 한우육회비빔밥(10,500원), 매운소고기갈비찜(16,000원), 뚝배기갈비탕(16,000원) 등이 있습니다. 또한 장수 곱돌솥에 지은 영양돌솥밥과 갈비가 들어간 된장찌개가 식사 메뉴로 인기가 많습니다. 된장찌개는 소(4,000원), 중(6,000원), 대(9,000원) 사이즈로 제공됩니다. 매운 메뉴도 일부 있어 매운 맛을 선호하는 고객도 즐길 수 있습니다. 월~금요일 11:00~22:00(브레이크타임 14:30~17:00), 토요일 11:00~21:00까지 영업하며, 명절 연휴와 매주 일요일은 휴무입니다. 2025년 서울 맛집으로 레드리본과 서울 2025 선정 라벨이 부여된 신뢰도 높은 맛집입니다. 늦은 시간에는 품절 가능성이 있으니 방문 전 전화 확인을 권장합니다.",
  "rag_text": "참숯골은 참숯에 구워 먹는 소고기구이 전문 한식당으로, 생갈비, 양념갈비, 꽃등심, 살치살, 안창살, 차돌박이 등 다양한 부위를 직접 보고 고를 수 있습니다. 장수 곱돌솥에 지은 영양돌솥밥과 갈비가 들어간 된장찌개가 특징입니다. 레드리본 선정 서울 2025 선정 맛집으로 프리미엄 한식 고기구이 분위기를 자랑합니다.",
  "metadata": {
    "budget_range": "고",
    "spicy_available": "O",
    "vegetarian_options": "X",
    "main_ingredients_list": [
      "육류",
      "기타"
    ],
    "low_level_category": "소고기구이",
    "suitable_for": [
      "레드리본 선정",
      "서울 2025 선정",
      "프리미엄 한식",
      "고기구이 전문"
    ],
    "food_type_list": [
      "고기류",
      "밥류",
      "국물류"
    ],
    "temperature_list": [
      "온"
    ],
    "high_level_category": "한식"
  }
}