{
  "id": 816,
  "store_name": "충무김밥",
  "llm_summary": "충무김밥은 서울 중구 명동에 위치한 김밥 전문점으로, 통영의 할매김밥을 서울에 소개하여 충무김밥 열풍을 일으킨 원조집입니다. 이곳의 대표 메뉴인 충무김밥은 밥만 들어 있는 작은 김밥이며, 깍두기와 오징어 무침과 함께 먹는 것이 별미입니다. 특히 오징어 무침과 깍두기는 유일한 반찬으로 계속 리필이 가능하여 많은 사랑을 받고 있습니다. 메뉴는 충무김밥 단일 메뉴로 6,000원에 판매되고 있으며, 매운맛이 포함되어 있습니다. 가게는 월요일부터 일요일까지 오전 7시부터 다음날 새벽 12시까지 영업하며, 명절 연휴에는 휴무입니다. 1988년에 개업한 이 오래된 맛집은 명동 소테츠프레사 인서울 뒤편에 위치해 있으며, 아침 식사로도 추천됩니다. 다만 충무 본고장에서 맛본 맛을 기대하는 방문객에게는 약간의 아쉬움이 있을 수 있습니다.",
  "rag_text": "통영의 할매김밥을 서울에 소개한 충무김밥 전문점으로, 전통적인 한식 밥류 메뉴를 제공하며 오징어 무침과 깍두기 반찬이 계속 리필되는 특징이 있습니다. 아침 식사로도 추천되는 이 김밥집은 소박하고 전통적인 분위기를 지니고 있습니다.",
  "metadata": {
    "budget_range": "저",
    "spicy_available": "O",
    "vegetarian_options": "X",
    "main_ingredients_list": [
      "기타"
    ],
    "low_level_category": "김밥",
    "suitable_for": [
      "아침식사",
      "전통적"
    ],
    "food_type_list": [
      "밥류"
    ],
    "temperature_list": [
      "상"
    ],
    "high_level_category": "한식"
  }
}