{
  "id": 8268,
  "store_name": "마농쇼콜라띠에",
  "llm_summary": "마농쇼콜라띠에는 서울 서대문구 이화여대5길 3 (대현동)에 위치한 벨기에 초콜릿 전문점입니다. 진한 카카오의 맛을 느낄 수 있으며, 알코올이 들어간 초콜릿을 포함해 다양한 종류의 초콜릿을 제공합니다. 메뉴로는 낱개 초콜릿과 포장 초콜릿이 있으며, 가격대는 1,300원부터 79,000원까지 다양합니다. 매장은 이대역 근처 이대정문 방향 더바디샵 맞은편 골목 왼쪽에 위치해 있으며, 월요일부터 토요일까지 오전 11시부터 오후 8시까지 영업하고 일요일은 휴무입니다. 공식 웹사이트는 http://www.manonchoco.com/ 입니다. 현재 블루리본 서베이 내 리뷰는 등록되어 있지 않으며, 리본 선정이나 서울 2025 선정은 되어 있지 않습니다. 알코올 함유 초콜릿 등 다양한 초콜릿을 전문적으로 취급하는 디저트류 매장으로, 초콜릿 애호가들이 방문하기 좋은 곳입니다.",
  "rag_text": "벨기에 초콜릿 전문점으로 진한 카카오의 맛을 느낄 수 있으며, 알코올이 들어간 다양한 초콜릿을 준비한 디저트류 매장입니다. 고급스러운 초콜릿을 중심으로 한 기타 테마의 디저트 전문점으로, 조용하고 아늑한 분위기에서 초콜릿을 즐길 수 있습니다.",
  "metadata": {
    "budget_range": "중",
    "spicy_available": "X",
    "vegetarian_options": "X",
    "main_ingredients_list": [
      "기타"
    ],
    "low_level_category": "초콜릿",
    "suitable_for": [],
    "food_type_list": [
      "디저트류"
    ],
    "temperature_list": [
      "상"
    ],
    "high_level_category": "디저트류"
  }
}