{
  "id": 8317,
  "store_name": "죽해수산",
  "llm_summary": "죽해수산은 서울 서대문구 창천동에 위치한 생선회 전문점으로, 특히 킹크랩 요리로 유명합니다. 가격대는 다소 높은 편이지만 살이 꽉 찬 킹크랩을 제대로 즐길 수 있으며, 게살을 다 먹은 후 게껍질에 비벼먹는 밥이 별미로 꼽힙니다. 주요 메뉴로는 죽해정식(90,000원), 커플정식(179,000원), 대게정식(259,000원)이 있으며, 모두 한식 테마를 중심으로 온기가 있는 국물류와 밥류로 구성되어 있습니다. 매장은 신촌 현대백화점 후문 바로 뒤편에 위치하며, 월요일부터 일요일까지 12:00~21:30까지 영업하고, 15:00~17:00는 브레이크타임입니다. 명절 당일은 휴무이며, 새벽까지 영업하는 연중무휴 켈리 더블 임팩트 맛집으로 알려져 있습니다. 현재 독자 리뷰는 없으나, 블루리본 Pick으로 선정된 바 있습니다.",
  "rag_text": "킹크랩으로 유명한 생선회 전문점으로, 살이 꽉 찬 제대로 된 킹크랩과 게살 밥이 별미인 한식 테마의 프리미엄 맛집입니다. 새벽까지 영업하는 연중무휴 켈리 더블 임팩트 맛집으로 신촌 현대백화점 후문 바로 뒤에 위치해 있습니다. 고급스러운 분위기와 함께 가족 모임이나 특별한 식사에 적합한 곳입니다.",
  "metadata": {
    "budget_range": "고",
    "spicy_available": "X",
    "vegetarian_options": "X",
    "main_ingredients_list": [
      "기타",
      "패류"
    ],
    "low_level_category": "생선회",
    "suitable_for": [
      "가족모임",
      "고급",
      "특별한식사"
    ],
    "food_type_list": [
      "국물류",
      "기타",
      "밥류"
    ],
    "temperature_list": [
      "온",
      "상"
    ],
    "high_level_category": "한식"
  }
}