{
  "id": 8478,
  "store_name": "어상",
  "llm_summary": "어상은 서울 서대문구 충정로2가에 위치한 퓨전 한정식 전문점으로, 상호명은 임금님이 먹는 상이라는 뜻을 담고 있습니다. 모든 테이블이 룸으로 분리되어 있어 비즈니스 모임이나 상견례에 적합하며, 친절한 서비스가 돋보입니다. 메뉴는 한식 테마를 중심으로 계란말이, 먹태, 어묵탕, 황태구이, 해물파전, 보리굴비정식, 낙지볶음, 정승상, 황제상 등 다양하게 구성되어 있습니다. 가격대는 10,000원부터 62,000원까지이며, 매운 메뉴로는 낙지볶음이 있습니다. 주재료는 조류, 어류, 패류 등 해산물과 기타 재료를 포함하며, 전반적으로 온도는 온과 상온으로 제공됩니다. 영업시간은 월~금요일 11:00~24:00(브레이크타임 14:30~16:00)이며, 토요일과 일요일은 휴무입니다. 서대문역 1,2번 출구 인근 골목에 위치해 접근성이 좋습니다. 독자 리뷰는 아직 등록되지 않았습니다.",
  "rag_text": "어상은 임금님이 먹는 상이라는 뜻의 퓨전 한정식 전문점으로, 모든 테이블이 룸으로 구분되어 비즈니스 모임과 상견례에 적합한 조용하고 프라이빗한 분위기를 제공합니다. 친절한 서비스가 특징이며, 한식 테마의 다양한 메뉴를 갖추고 있습니다.",
  "metadata": {
    "budget_range": "중",
    "spicy_available": "O",
    "vegetarian_options": "X",
    "main_ingredients_list": [
      "조류",
      "어류",
      "패류",
      "기타"
    ],
    "low_level_category": "한정식",
    "suitable_for": [
      "비즈니스 모임",
      "상견례"
    ],
    "food_type_list": [
      "기타",
      "국물류",
      "해산물류"
    ],
    "temperature_list": [
      "온",
      "상"
    ],
    "high_level_category": "한식"
  }
}