{
  "id": 8507,
  "store_name": "풍년옥",
  "llm_summary": "풍년옥은 서울 종로구 새문안로7길에 위치한 설렁탕 전문점입니다. 4인용 테이블 10개 정도의 작은 규모지만, 진한 국물 맛과 푸짐한 양으로 단골손님이 많은 곳입니다. 주요 메뉴로는 설렁탕과 모둠수육이 있으며, 두 메뉴 모두 온기가 있는 한식 국물류와 고기류로 구성되어 있습니다. 가격대는 6,000원에서 15,000원 사이로 합리적입니다. 아침부터 저녁까지 연중무휴로 운영되며, 특히 저녁에는 소주 한잔 하기 좋은 분위기입니다. 광화문역과 세종문화회관 인근에 위치해 접근성이 좋고, 식사시간에는 항상 붐비는 활기찬 가게입니다. 전통적인 한식 설렁탕을 맛보고 싶거나, 부담 없이 소주와 함께 수육을 즐기고자 하는 방문객에게 추천됩니다.",
  "rag_text": "설렁탕 전문 한식당으로 진한 국물 맛과 푸짐한 양이 특징이며, 단골이 많이 찾는 아늑하고 활기찬 분위기의 작은 가게입니다. 소주와 함께 저녁 식사하기 좋은 편안한 분위기를 갖추고 있습니다. 전통적인 한식 메뉴를 중심으로 한 식사 공간으로, 광화문역 인근에서 아침부터 저녁까지 연중무휴로 운영됩니다.",
  "metadata": {
    "budget_range": "저",
    "spicy_available": "X",
    "vegetarian_options": "X",
    "main_ingredients_list": [
      "육류"
    ],
    "low_level_category": "설렁탕",
    "suitable_for": [
      "가성비",
      "단골",
      "아늑한",
      "활기찬",
      "전통적",
      "소주한잔",
      "연중무휴"
    ],
    "food_type_list": [
      "국물류",
      "고기류"
    ],
    "temperature_list": [
      "온"
    ],
    "high_level_category": "한식"
  }
}