{
  "id": 8511,
  "store_name": "강서",
  "llm_summary": "강서는 서울 중구 필동3가에 위치한 전통 있는 일반중식 레스토랑으로, 화교가 직접 운영하고 있습니다. 이곳은 청량고추로 매운맛을 낸 고추자장과 시원한 국물의 굴짬뽕이 인기 메뉴이며, 짬뽕과 굴짬뽕 두 가지 메뉴를 주로 제공합니다. 두 메뉴 모두 패류를 주재료로 하며 매운맛이 특징입니다. 가격대는 4,500원에서 5,500원 사이로 합리적입니다. 영업시간은 월요일부터 토요일까지 오전 10시 30분부터 오후 9시 30분까지이며, 일요일은 휴무입니다. 충무로역 1번 출구 근처에 위치해 접근성이 좋습니다. 현재 독자 리뷰는 없으나, 전통성과 매운 맛을 좋아하는 중식 애호가들에게 추천할 만한 곳입니다.",
  "rag_text": "화교가 직접 운영하는 전통 있는 중식당으로, 청량고추를 활용한 매운 고추자장과 시원한 국물의 굴짬뽕이 특징입니다. 중식 테마에 맞는 정통적인 분위기를 가진 곳입니다.",
  "metadata": {
    "budget_range": "저",
    "spicy_available": "O",
    "vegetarian_options": "X",
    "main_ingredients_list": [
      "패류"
    ],
    "low_level_category": "일반중식",
    "suitable_for": [],
    "food_type_list": [
      "면류"
    ],
    "temperature_list": [
      "온"
    ],
    "high_level_category": "중식"
  }
}