{
  "id": 8593,
  "store_name": "바람부는섬",
  "llm_summary": "바람부는섬은 서울 종로구 인사동길에 위치한 한식주점 및 전통차전문점으로, 아늑하고 편안한 분위기에서 전통차와 전통주를 즐길 수 있는 곳입니다. 낮 시간에는 대추차, 인삼차 등 전통차를 제공하며, 늦은 오후부터는 동동주와 같은 전통주와 함께 알탕 등의 푸짐한 안주를 합리적인 가격에 맛볼 수 있습니다. 연중무휴로 운영되며, 영업시간은 오전 11시부터 다음날 새벽 2시까지로 새벽까지 술 한잔하기 좋은 장소입니다. 안국역 6번 출구에서 인사동길로 직진해 새마을금고 맞은편 향정빌딩 2층에 위치해 접근성이 좋습니다. 메뉴 가격대는 5,000원에서 13,000원 사이이며, 맵지 않은 메뉴들로 구성되어 있습니다. 전통적인 한식과 전통주의 조화가 돋보이는 이곳은 편안한 분위기에서 전통의 맛을 즐기고자 하는 방문객에게 적합합니다.",
  "rag_text": "아늑하고 편안한 분위기에서 전통차와 전통주를 즐길 수 있는 한식주점 및 전통차전문점입니다. 낮에는 전통차를, 늦은 오후부터는 전통주와 푸짐한 안주를 제공하며, 새벽까지 연중무휴로 운영됩니다. 전통적인 한식 테마를 기반으로 한 전통주와 차를 중심으로 한 조용하고 편안한 공간입니다.",
  "metadata": {
    "budget_range": "중",
    "spicy_available": "X",
    "vegetarian_options": "X",
    "main_ingredients_list": [
      "기타"
    ],
    "low_level_category": "한식주점, 전통차전문점",
    "suitable_for": [
      "조용한",
      "술자리",
      "새벽영업",
      "편안한 분위기"
    ],
    "food_type_list": [
      "음료",
      "국물류"
    ],
    "temperature_list": [
      "기타",
      "온"
    ],
    "high_level_category": "한식"
  }
}