{
  "id": 8655,
  "store_name": "이대감고깃집",
  "llm_summary": "이대감고깃집은 서울 종로구 관수동에 위치한 소고기구이 전문 한식당입니다. 달착지근한 불고기를 즉석에서 불고기와 당면, 각종 야채를 푸짐하게 넣어 끓여내는 것이 특징이며, 갈비찜도 인기 메뉴로 손꼽힙니다. 주요 메뉴로는 갈빗살, 안창살, 갈비찜이 있으며, 모두 10,000원에서 12,000원 사이의 합리적인 가격대로 제공됩니다. 매장은 종로 3가역 15번 출구 인근 국일관 1층에 자리잡고 있으며, 연중 월요일부터 일요일까지 오전 10시부터 오후 10시까지 영업합니다. 명절 당일은 휴무입니다. 전통적인 한식 소고기구이 맛을 즐기고 싶은 고객에게 적합한 곳으로, 아쉽게도 현재까지 등록된 독자 리뷰는 없습니다.",
  "rag_text": "달착지근한 불고기를 즉석에서 불고기와 당면, 각종 야채를 푸짐하게 넣어 끓여내는 한식 소고기구이 전문점으로, 전통적인 맛과 갈비찜이 인기 메뉴입니다. 편안하고 정겨운 분위기에서 한식을 즐길 수 있습니다.",
  "metadata": {
    "budget_range": "중",
    "spicy_available": "X",
    "vegetarian_options": "X",
    "main_ingredients_list": [
      "육류"
    ],
    "low_level_category": "소고기구이",
    "suitable_for": [],
    "food_type_list": [
      "고기류"
    ],
    "temperature_list": [
      "온"
    ],
    "high_level_category": "한식"
  }
}