{
  "id": 8803,
  "store_name": "목포회관곱창",
  "llm_summary": "목포회관곱창은 서울 중구 황학동에 위치한 소곱창 전문점으로, 단골에게 꾸준히 인기 있는 맛집입니다. 이곳은 매콤하게 양념된 구운 곱창을 즐길 수 있으며, 순대와 당면이 함께 들어간 순대곱창도 별미입니다. 메뉴는 야채곱창, 오돌뼈, 뼈없는닭발, 꼼장어, 구이곱창, 순대곱창 등으로 구성되어 있으며, 대부분 1인분 기준 10,000원에서 11,000원 사이의 합리적인 가격대로 제공됩니다. 오돌뼈와 뼈없는닭발은 매운 맛이 가미되어 있으며, 꼼장어는 어류 재료를 사용합니다. 연중무휴로 운영하며, 청계천 영도교에서 IBK기업은행 쪽으로 직진해 곱창골목 좌측에 위치해 접근성이 좋습니다. 영업시간은 매일 10시부터 다음날 24시까지입니다. 전통적인 한식 고기류 전문점으로, 매콤한 맛과 순대곱창의 조화가 특징입니다. 방문객 리뷰는 아직 등록되지 않았으나, 단골층이 두터운 점에서 신뢰받는 맛집임을 알 수 있습니다.",
  "rag_text": "단골에게 꾸준히 인기 있는 소곱창 전문 한식당으로, 매콤하게 양념된 구운 곱창과 순대와 당면이 함께 들어간 순대곱창이 특징입니다. 전통적인 한식 고기류 전문점 분위기로, 연중무휴 운영하며 편안하고 친근한 분위기에서 식사를 즐길 수 있습니다.",
  "metadata": {
    "budget_range": "저",
    "spicy_available": "O",
    "vegetarian_options": "O",
    "main_ingredients_list": [
      "육류",
      "어류"
    ],
    "low_level_category": "소곱창",
    "suitable_for": [],
    "food_type_list": [
      "고기류"
    ],
    "temperature_list": [
      "온"
    ],
    "high_level_category": "한식"
  }
}