{
  "id": 8815,
  "store_name": "서울회관",
  "llm_summary": "서울회관은 서울 종로구 숭인동에 위치한 도가니탕과 수육 전문 한식당입니다. 이곳은 깔끔한 맛의 도가니탕과 수육을 제공하며, 숭인동의 한 골목에서 오랜 시간 꾸준한 인기를 누리고 있습니다. 실내가 넓어 단체 방문에도 적합하며, 아침부터 저녁까지 연중무휴로 운영됩니다. 메뉴는 도가니탕과 수육으로 구성되어 있으며, 가격대는 12,000원에서 30,000원 사이입니다. 두 메뉴 모두 온음식이며, 맵지 않은 국물류와 고기류로 구성되어 있습니다. 서울회관은 동묘앞역 근처에 위치해 접근성이 좋고, 전통적인 한식 스타일을 유지하면서도 편안한 분위기를 제공합니다. 별도의 독자 리뷰는 없으나, 방문객이 평가할 수 있는 시스템이 마련되어 있습니다.",
  "rag_text": "깔끔한 맛의 도가니탕과 수육을 제공하는 한식당으로, 숭인동 골목에서 오랜 시간 꾸준한 인기를 얻고 있습니다. 실내가 넓고 단체 모임에 적합하며, 전통 한식의 정통성을 유지하는 편안한 분위기입니다. 연중무휴로 아침부터 저녁까지 운영되어 편리한 방문이 가능합니다.",
  "metadata": {
    "budget_range": "중",
    "spicy_available": "X",
    "vegetarian_options": "X",
    "main_ingredients_list": [
      "육류"
    ],
    "low_level_category": "도가니탕, 수육",
    "suitable_for": [
      "단체모임",
      "전통적",
      "편안한",
      "가족모임"
    ],
    "food_type_list": [
      "국물류",
      "고기류"
    ],
    "temperature_list": [
      "온"
    ],
    "high_level_category": "한식"
  }
}