{
  "id": 8839,
  "store_name": "호림정",
  "llm_summary": "호림정은 서울 중구 을지로27길에 위치한 한식 전문점으로, 등심, 청국장, 김치찌개 등 다양한 한식을 제공합니다. 맛은 무난한 편이며, 공간이 넓어 인근 직장인들의 단체 모임 장소로 인기가 많습니다. 메뉴는 청국장과 김치찌개(맵기 있음), 등심(200g)으로 구성되어 있으며, 가격대는 ₩6,000에서 ₩25,000 사이입니다. 연중무휴로 월요일부터 일요일까지 12:00부터 22:00까지 운영합니다. 청계5가 방산종합시장 입구에서 대일화학 골목으로 진입 후 동아포장 앞에서 좌회전하여 위치해 있습니다. 현재 블루리본 선정이나 서울 2025 선정에는 포함되어 있지 않으며, 독자 리뷰는 등록되어 있지 않습니다. 전반적으로 무난한 맛과 넓은 공간을 갖춘 한식당으로, 직장인 단체 모임에 적합한 분위기를 제공합니다.",
  "rag_text": "한식 전문점으로 등심, 청국장, 김치찌개 등 전통 한식을 제공하며, 맛은 무난하고 공간이 넓어 직장인 단체 모임에 적합한 편안한 분위기의 식당입니다.",
  "metadata": {
    "budget_range": "중",
    "spicy_available": "O",
    "vegetarian_options": "X",
    "main_ingredients_list": [
      "기타",
      "육류"
    ],
    "low_level_category": "김치찌개, 소고기구이",
    "suitable_for": [
      "단체모임",
      "편안한"
    ],
    "food_type_list": [
      "국물류",
      "고기류"
    ],
    "temperature_list": [
      "온"
    ],
    "high_level_category": "한식"
  }
}