{
  "id": 9290,
  "store_name": "마농트로포",
  "llm_summary": "마농트로포는 서울 종로구 필운동에 위치한 디저트전문점으로, 에클레르와 롤케이크 같은 디저트와 커피를 즐기기에 좋은 카페입니다. 대표 메뉴로는 생크림과 생과일이 들어간 생과일 롤케이크와 진한 홍차 맛이 나는 홍차애플케이크가 있으며, 음료로는 에스프레소, 아메리카노, 수제과일청티 등이 있습니다. 디저트류 메뉴로는 치즈케이크, 바나나타르트, 산딸기초코무스, 캐러멜무스, 시즌타르트, 딥초코무스, 티라미수 등이 다양하게 제공됩니다. 가게는 흰색 건물 외관과 깔끔하고 시원한 느낌의 실내, 널찍한 테라스를 갖추고 있어 쾌적한 분위기를 자랑합니다. 영업시간은 화요일부터 토요일까지 11시부터 22시까지이며, 일요일은 21시까지 운영하고 매주 월요일은 휴무입니다. 가격대는 대체로 4,500원에서 9,000원 사이로 중간 수준이며, 메뉴들은 맵지 않고 주로 기타 재료를 사용합니다. 2012년 7월 개업했으며, 발레파킹 서비스도 제공합니다. 현재 독자 리뷰는 없으나 깔끔한 인테리어와 테라스가 특징인 디저트 카페로 추천됩니다.",
  "rag_text": "마농트로포는 에클레르, 롤케이크 같은 디저트와 커피를 즐길 수 있는 디저트 카페로, 흰색 건물 외관과 실내, 널찍한 테라스가 깔끔하면서도 시원한 느낌을 주는 분위기입니다. 다양한 디저트류와 음료를 제공하며, 편안하고 세련된 공간에서 디저트를 즐기기에 적합합니다.",
  "metadata": {
    "budget_range": "중",
    "spicy_available": "X",
    "vegetarian_options": "X",
    "main_ingredients_list": [
      "기타"
    ],
    "low_level_category": "디저트전문점",
    "suitable_for": [
      "테라스",
      "깔끔한",
      "시원한",
      "디저트 카페"
    ],
    "food_type_list": [
      "음료",
      "디저트류"
    ],
    "temperature_list": [
      "기타"
    ],
    "high_level_category": "디저트류"
  }
}