{
  "id": 9382,
  "store_name": "캐슬테라스",
  "llm_summary": "캐슬테라스는 서울 강서구 외발산동 메이필드호텔 본관 1층에 위치한 뷔페 레스토랑입니다. 전면 유리창을 통해 자연 경관을 감상하며 세계 각국의 요리를 즐길 수 있으며, 150여 가지의 세계 요리를 시즌별, 테마별로 선보입니다. 메뉴는 조식, 중식, 석식과 주말 및 공휴일 중식과 석식으로 구성되어 있으며, 어린이와 어른 가격대가 다르게 책정되어 있습니다. 가격대는 ₩20,000에서 ₩53,000 사이로 다양하며, 모든 메뉴는 맵지 않은 음식으로 구성되어 있습니다. 영업시간은 월요일과 수요일부터 일요일까지 12:00부터 21:30까지이며, 14:30부터 18:00까지는 브레이크 타임입니다. 연중 무휴로 운영되고 있습니다. 호텔 내에 위치해 전망이 좋고 정원이나 산책로가 인접해 있어 점심 뷔페 장소로 적합하며, 아침 뷔페도 제공합니다. 현재 독자 리뷰는 등록되어 있지 않으나, 전반적으로 편안한 분위기에서 다양한 세계 요리를 맛볼 수 있는 뷔페 레스토랑입니다.",
  "rag_text": "전면 유리창을 통해 자연 경관을 감상할 수 있는 뷔페 레스토랑으로, 150여 가지 세계 각국의 요리를 시즌별, 테마별로 선보입니다. 전망이 좋은 호텔 내 위치하며, 정원과 산책로가 있어 점심 뷔페에 적합한 편안하고 쾌적한 분위기를 제공합니다.",
  "metadata": {
    "budget_range": "중",
    "spicy_available": "X",
    "vegetarian_options": "X",
    "main_ingredients_list": [
      "기타"
    ],
    "low_level_category": "뷔페",
    "suitable_for": [
      "전망좋은",
      "호텔위치",
      "점심뷔페",
      "정원",
      "산책로",
      "아침뷔페"
    ],
    "food_type_list": [
      "기타"
    ],
    "temperature_list": [
      "상",
      "기타"
    ],
    "high_level_category": "기타"
  }
}