{
  "id": 969,
  "store_name": "허형만의압구정커피집",
  "llm_summary": "허형만의압구정커피집은 서울 강남구 압구정로에 위치한 커피전문점으로, 커피 로스팅 컨설턴트 허형만 씨가 직접 블렌딩하고 로스팅한 신선한 원두를 즉석에서 분쇄해 제공하는 곳입니다. 매장은 크지 않아 탁자 세 개 정도의 아담한 공간이며, 테이크아웃 손님이 많습니다. 주요 메뉴로는 에스프레소커피(3,000원), 핸드드립커피(15,000원), 그리고 원두(48,000원)가 있으며, 가격대는 3,000원에서 40,000원 사이입니다. 커피의 온도는 모두 따뜻한 온음료이며, 매장은 2001년에 개업하였고, 주중과 일요일은 오전 8시부터 오후 7시까지, 토요일은 오전 8시부터 오후 6시까지 운영하며 공휴일은 휴무입니다. 매장 내부에는 로스팅 기계가 절반 이상을 차지하고 있어 신선한 원두를 바로 볶는 모습을 볼 수 있습니다. 독자 리뷰는 아직 등록되어 있지 않으나, 블루리본 Pick에 선정되어 신뢰받는 커피전문점임을 알 수 있습니다.",
  "rag_text": "허형만의압구정커피집은 커피 로스팅 컨설턴트가 직접 블렌딩하고 즉석에서 볶은 원두를 사용하는 커피전문점으로, 아담하고 조촐한 공간에서 신선한 커피를 제공하며 테이크아웃이 많은 분위기입니다. 프리미엄 커피를 즐길 수 있는 곳으로, 전문적인 로스팅 기계가 매장 절반을 차지하여 커피의 신선도와 품질에 집중하는 정체성을 지니고 있습니다.",
  "metadata": {
    "budget_range": "중",
    "spicy_available": "X",
    "vegetarian_options": "X",
    "main_ingredients_list": [
      "기타"
    ],
    "low_level_category": "커피전문점",
    "suitable_for": [],
    "food_type_list": [
      "음료"
    ],
    "temperature_list": [
      "온",
      "상"
    ],
    "high_level_category": "기타"
  }
}