{
  "id": 990,
  "store_name": "황톳길",
  "llm_summary": "황톳길은 서울 마포구 공덕동에 위치한 한식 전문점으로, 항아리 수제비와 산채비빔밥을 주력 메뉴로 제공합니다. 산채비빔밥에는 취나물, 도라지, 고비, 숙주, 무생채, 애호박, 표고버섯, 유부가 들어가며, 봄철에는 냉이와 달래가 추가됩니다. 수제비는 콩가루와 땅콩가루를 섞어 2~3일 숙성시킨 반죽을 사용해 깊은 맛을 냅니다. 메뉴로는 항아리수제비, 산채비빔밥, 황태찜, 도토리묵, 해물파전 등이 있으며 모두 한식 테마에 속합니다. 가격대는 7,000원에서 13,000원 사이이며, 모든 메뉴는 맵지 않습니다. 영업시간은 매일 10:00부터 22:00까지이며, 15:00~17:00는 브레이크 타임입니다. 애오개역 근처 LG빌딩 뒤편에 위치해 접근성이 좋고, 명절 연휴에는 휴무합니다. 독자 리뷰는 아직 등록되지 않았습니다.",
  "rag_text": "항아리 수제비와 산채비빔밥을 전문으로 하는 한식당으로, 전통적인 재료와 숙성 반죽을 사용하여 깊은 맛을 추구합니다. 자연에서 온 산채와 신선한 재료를 활용한 건강한 한식 메뉴를 제공하며, 편안하고 일상적인 분위기에서 즐길 수 있는 곳입니다.",
  "metadata": {
    "budget_range": "저",
    "spicy_available": "X",
    "vegetarian_options": "X",
    "main_ingredients_list": [
      "기타",
      "어류",
      "패류"
    ],
    "low_level_category": "산채비빔밥, 수제비",
    "suitable_for": [],
    "food_type_list": [
      "국물류",
      "밥류",
      "해산물류",
      "기타"
    ],
    "temperature_list": [
      "온",
      "상"
    ],
    "high_level_category": "한식"
  }
}